customer_id,age,gender,education,employment_type,employment_length,annual_income,existing_emi,debt_to_income_ratio,cibil_score,credit_utilization_ratio,previous_default,loan_amount,loan_type,loan_purpose,loan_tenure_years,interest_rate,risk_category,lender_type,loan_processing_fee_percent,application_channel,state,city,area_type,loan_approval_time_days,document_verification_status,loan_approval_status,rejection_reason,EMI,EMI_to_Income_Ratio, risk_rule,Loan_to_Income_Ratio
1,40,Male,Graduate,Salaried,21,737179,6113,0.2,654,28.96,No,166976,Appliances,Appliances,3,16.66,Medium,Finance Company,2.53,Online,Maharashtra,Bathinda,Urban,3,Processing,Approved,,5924.93,0.1,Low,0.23
2,47,Male,Graduate,Salaried,9,640639,6780,0.15,518,77.78,No,65191,Home,Home,6,11.03,High,Finance Company,2.31,Online,Rajasthan,Haldia,Urban,5,Done,Rejected,Low Income,1241.85,0.02,Low,0.1
3,43,Male,Graduate,Salaried,23,666628,6926,0.16,462,31.16,Yes,168071,Appliances,Appliances,16,13.92,High,Government Bank,0.68,Online,Rajasthan,Alwar,Urban,13,Processing,Approved,,2188.67,0.04,Low,0.25
4,28,Female,Graduate,Self-employed,23,1143020,17211,0.23,492,19.73,No,243921,Home,Home,5,8.13,High,Finance Company,2.15,Online,West Bengal,Jorhat,Urban,3,Done,Rejected,High Existing EMI,4961.03,0.05,Low,0.21
5,51,Male,Graduate,Salaried,30,366810,15839,0.55,507,66.55,No,52343,Business,Business,8,14.5,High,Finance Company,1.86,Offline,Gujarat,Aurangabad,Rural,1,Done,Approved,,924.23,0.03,Low,0.14
6,37,Male,Graduate,Salaried,25,530839,10621,0.36,476,60.55,No,338380,Vehicle,Vehicle,11,15.53,High,Government Bank,0.46,Online,Maharashtra,South Dumdum,Urban,16,Done,Approved,,5361.22,0.12,Low,0.64
7,31,Female,Graduate,Salaried,5,422951,7501,0.29,457,85.42,No,228306,Personal,Personal,18,12.96,High,Finance Company,1.77,Online,Bihar,Singrauli,Urban,2,Processing,Approved,,2734.34,0.08,Low,0.54
8,43,Male,Graduate,Salaried,24,451600,18144,0.96,849,24.67,No,1523820,Home,Home,12,9.91,Low,Private Bank,0.95,Offline,Maharashtra,Narasaraopet,Rural,7,Processing,Approved,,18131.7,0.48,High,3.37
9,61,Female,Graduate,Salaried,25,469611,6280,0.26,585,25.31,No,254867,Vehicle,Vehicle,18,17.85,High,Finance Company,2.86,Online,Rajasthan,Kollam,Urban,3,Done,Approved,,3954.05,0.1,Low,0.54
10,30,Female,Non-Graduate,Salaried,9,644726,14218,0.49,574,88.15,No,344589,Appliances,Appliances,3,16.08,High,Government Bank,0.42,Offline,Maharashtra,Kavali,Rural,10,Processing,Pending,,12128.34,0.23,Low,0.53
11,28,Male,Graduate,Salaried,25,862071,819,0.04,499,60.45,No,206276,Appliances,Appliances,17,11.4,High,Finance Company,2.5,Online,Bihar,Bhilai,Urban,5,Done,Approved,,2292.8,0.03,Low,0.24
12,60,Male,Graduate,Salaried,8,772896,13277,0.5,731,22.85,No,929735,Business,Business,6,12.95,Medium,Finance Company,1.87,Online,Bihar,Singrauli,Urban,5,Processing,Approved,,18639.07,0.29,Low,1.2
13,44,Male,Non-Graduate,Salaried,9,795551,12750,0.33,465,29.49,No,248449,Vehicle,Vehicle,3,17.91,High,Private Bank,0.77,Offline,West Bengal,Burhanpur,Rural,4,Processing,Approved,,8970.81,0.14,Low,0.31
14,36,Female,Graduate,Salaried,10,307094,4268,0.43,825,75.44,No,542547,Agriculture,Agriculture,10,8.22,Low,Private Bank,1.25,Online,Uttar Pradesh,Gurgaon,Urban,8,Processing,Approved,,6645.83,0.26,Low,1.77
15,44,Female,Graduate,Salaried,11,555871,19778,0.66,790,82.26,No,1589963,Education,Education,20,5.34,Low,Government Bank,0.69,Offline,Maharashtra,Ujjain,Rural,10,Done,Approved,,10793.97,0.23,Low,2.86
16,40,Male,Non-Graduate,Salaried,23,689188,13730,0.28,716,69.94,No,198165,Business,Business,15,13.51,Medium,Government Bank,0.37,Offline,Rajasthan,Ichalkaranji,Rural,15,Done,Approved,,2574.13,0.04,Low,0.29
17,54,Male,Graduate,Salaried,16,867308,18685,0.4,696,32.74,Yes,903946,Personal,Personal,17,11.77,Medium,Finance Company,2.34,Offline,Uttar Pradesh,Patiala,Rural,3,Done,Pending,,10268.21,0.14,Low,1.04
18,39,Female,Graduate,Salaried,20,512719,15223,0.42,477,44.43,No,305815,Agriculture,Agriculture,15,6.29,High,Private Bank,1,Online,Rajasthan,Danapur,Urban,6,Processing,Approved,,2628.8,0.06,Low,0.6
19,47,Female,Graduate,Salaried,26,500434,11565,0.47,840,58.38,No,576432,Personal,Personal,10,11.65,Low,Finance Company,1.63,Online,West Bengal,Mysore,Urban,1,Done,Rejected,Insufficient Employment Length,8153.92,0.2,Low,1.15
20,48,Male,Graduate,Salaried,11,595792,19520,0.42,598,54.48,No,93707,Business,Business,13,15.14,High,Private Bank,0.9,Online,Maharashtra,Naihati,Urban,3,Done,Pending,,1377.04,0.03,Low,0.16
21,30,Male,Graduate,Salaried,30,669658,7404,0.32,678,46.27,Yes,903722,Personal,Personal,19,12.44,Medium,Finance Company,2.1,Online,Bihar,Vijayawada,Urban,3,Processing,Approved,,10354.69,0.19,Low,1.35
22,37,Female,Graduate,Salaried,20,635792,6876,0.2,500,49.47,No,259617,Home,Home,10,10.45,High,Private Bank,1.27,Online,Tamil Nadu,Uluberia,Urban,8,Done,Rejected,Insufficient Employment Length,3495.88,0.07,Low,0.41
23,39,Female,Graduate,Self-employed,11,805270,10213,0.44,803,30.61,No,1294041,Business,Business,9,11.93,Low,Government Bank,0.37,Online,Delhi,Kalyan-Dombivli,Urban,19,Processing,Rejected,Insufficient Employment Length,19597.97,0.29,Low,1.61
24,52,Female,Non-Graduate,Salaried,9,612065,17740,0.81,715,22.18,No,905449,Personal,Personal,4,11.54,Medium,Finance Company,1.77,Offline,Delhi,Raichur,Rural,1,Done,Approved,,23639.96,0.46,High,1.48
25,50,Male,Graduate,Salaried,15,784187,7796,0.15,644,49.26,No,164799,Education,Education,12,7.15,High,Government Bank,0.56,Offline,Uttar Pradesh,Saharanpur,Rural,13,Processing,Pending,,1707.97,0.03,Low,0.21
26,58,Male,Non-Graduate,Salaried,18,721745,16116,0.78,796,76.61,No,1498927,Vehicle,Vehicle,6,13.92,Low,Private Bank,1.3,Offline,Uttar Pradesh,Anantapuram,Rural,6,Processing,Pending,,30822.33,0.51,High,2.08
27,33,Female,Graduate,Salaried,23,854957,8893,0.24,582,19.71,No,320188,Appliances,Appliances,4,11.76,High,Private Bank,1.12,Online,Uttar Pradesh,Srikakulam,Urban,7,Processing,Approved,,8394.1,0.12,Low,0.37
28,30,Male,Graduate,Salaried,18,398164,11057,0.35,583,11.35,No,55901,Vehicle,Vehicle,17,12.01,High,Government Bank,0.5,Offline,Uttar Pradesh,Kolkata,Rural,10,Processing,Approved,,643.91,0.02,Low,0.14
29,30,Male,Graduate,Self-employed,12,623649,16760,0.44,637,17.31,No,280871,Vehicle,Vehicle,6,15.63,High,Private Bank,1.12,Offline,Gujarat,Tenali,Rural,7,Processing,Approved,,6035.54,0.12,Low,0.45
30,59,Male,Graduate,Salaried,24,670895,6932,0.21,554,65.22,No,368462,Agriculture,Agriculture,10,8.43,High,Government Bank,0.65,Offline,Uttar Pradesh,Kollam,Rural,20,Processing,Approved,,4554.62,0.08,Low,0.55
31,35,Male,Graduate,Salaried,23,870287,13122,0.89,760,36.51,No,1544316,Personal,Personal,3,12.56,Low,Finance Company,1.91,Online,Tamil Nadu,Kumbakonam,Urban,3,Processing,Approved,,51707.42,0.71,High,1.77
32,61,Male,Non-Graduate,Salaried,7,302191,14570,0.77,565,63.75,No,164355,Appliances,Appliances,4,16.44,High,Finance Company,2.01,Offline,Gujarat,Bahraich,Rural,3,Processing,Approved,,4694.99,0.19,Low,0.54
33,47,Female,Graduate,Salaried,15,427436,14179,0.5,793,66.26,No,313320,Education,Education,11,7.88,Low,Government Bank,0.36,Online,Uttar Pradesh,Karaikudi,Urban,18,Done,Approved,,3556.48,0.1,Low,0.73
34,58,Male,Graduate,Salaried,8,778438,7131,0.19,732,80.7,No,500889,Personal,Personal,15,9.35,Medium,Government Bank,0.41,Offline,Uttar Pradesh,Muzaffarnagar,Rural,14,Done,Approved,,5185.17,0.08,Low,0.64
35,45,Male,Graduate,Salaried,18,351167,12950,1.44,664,83.66,No,591424,Vehicle,Vehicle,2,16.61,Medium,Private Bank,1.04,Online,Delhi,Warangal,Urban,6,Done,Approved,,29130.63,1,High,1.68
36,59,Female,Graduate,Self-employed,19,1271908,3246,0.24,836,63.99,No,1875207,Vehicle,Vehicle,14,11.06,Low,Finance Company,2.9,Online,Gujarat,Bhavnagar,Urban,4,Done,Pending,,21991.57,0.21,Low,1.47
37,58,Male,Graduate,Salaried,19,542282,3417,0.16,524,28.98,No,244779,Home,Home,9,12.2,High,Private Bank,1.02,Online,West Bengal,Pudukkottai,Urban,4,Processing,Pending,,3744.44,0.08,Low,0.45
38,59,Female,Graduate,Salaried,16,729862,6262,0.37,818,26.23,No,1053514,Personal,Personal,9,12.29,Low,Private Bank,1.32,Online,Bihar,Imphal,Urban,3,Processing,Approved,,16169.57,0.27,Low,1.44
39,25,Male,Graduate,Salaried,21,621403,11519,0.33,730,26.59,No,475159,Vehicle,Vehicle,20,13.04,Medium,Finance Company,1.57,Online,Tamil Nadu,Nagpur,Urban,2,Done,Pending,,5580.39,0.11,Low,0.76
40,27,Male,Graduate,Salaried,7,755330,7243,0.16,745,84.31,No,186186,Business,Business,16,15.05,Medium,Private Bank,0.73,Offline,Uttar Pradesh,Karnal,Rural,8,Done,Approved,,2569.85,0.04,Low,0.25
41,57,Male,Graduate,Pensioner,28,332246,6335,0.29,484,40.77,No,234470,Education,Education,17,5.02,High,Private Bank,1.41,Online,Rajasthan,Ghaziabad,Urban,5,Done,Approved,,1710.98,0.06,Low,0.71
42,62,Male,Graduate,Self-employed,9,1453220,13995,0.24,804,67.19,No,1216429,Personal,Personal,13,12.26,Low,Government Bank,0.62,Online,Uttar Pradesh,Rajahmundry,Urban,15,Done,Approved,,15628.62,0.13,Low,0.84
43,40,Male,Non-Graduate,Self-employed,24,1349136,5895,0.1,813,47.78,No,310934,Appliances,Appliances,13,16.66,Low,Government Bank,0.54,Offline,Rajasthan,Rajkot,Rural,20,Done,Approved,,4885.35,0.04,Low,0.23
44,42,Male,Graduate,Salaried,24,300667,12706,0.62,561,58.12,No,159229,Vehicle,Vehicle,10,17.29,High,Finance Company,2.39,Online,Uttar Pradesh,Hapur,Urban,5,Done,Approved,,2796.69,0.11,Low,0.53
45,42,Female,Non-Graduate,Salaried,18,695206,17505,0.35,667,20.94,No,370152,Agriculture,Agriculture,16,5.4,Medium,Government Bank,0.27,Offline,Tamil Nadu,Ramgarh,Rural,16,Done,Approved,,2883.26,0.05,Low,0.53
46,59,Female,Graduate,Salaried,8,548013,8571,0.34,816,46.99,No,598338,Personal,Personal,12,9.05,Low,Government Bank,0.31,Offline,Bihar,Junagadh,Rural,11,Processing,Approved,,6826.13,0.15,Low,1.09
47,41,Male,Graduate,Salaried,14,743908,15738,0.31,485,74.28,No,289164,Personal,Personal,11,10.74,High,Private Bank,0.72,Online,Tamil Nadu,Ambala,Urban,8,Done,Approved,,3742.43,0.06,Low,0.39
48,36,Male,Graduate,Salaried,13,691134,19435,0.38,526,51.88,No,188092,Vehicle,Vehicle,16,13.46,High,Finance Company,2.24,Online,Delhi,Patiala,Urban,2,Processing,Pending,,2390.58,0.04,Low,0.27
49,44,Male,Graduate,Salaried,5,567063,1568,1.16,777,50.84,No,1883894,Vehicle,Vehicle,4,16.03,Low,Government Bank,0.34,Online,Maharashtra,Ozhukarai,Urban,10,Done,Approved,,53419.03,1.13,High,3.32
50,57,Male,Graduate,Self-employed,29,1160723,10410,0.28,758,21.24,Yes,1446136,Vehicle,Vehicle,17,11.8,Low,Finance Company,1.85,Offline,Maharashtra,Amravati,Rural,1,Done,Pending,,16455.87,0.17,Low,1.25
51,41,Female,Graduate,Salaried,22,822506,13191,0.79,654,50.05,No,845803,Business,Business,2,14.55,Medium,Private Bank,1.16,Online,Tamil Nadu,Bilaspur,Urban,7,Done,Approved,,40829.55,0.6,High,1.03
52,31,Female,Graduate,Salaried,21,639610,11449,0.34,659,23.04,No,594576,Home,Home,18,11.75,Medium,Private Bank,0.8,Online,Rajasthan,Navi Mumbai,Urban,4,Done,Rejected,Low Income,6629.95,0.12,Low,0.93
53,41,Male,Graduate,Salaried,7,443628,13037,0.42,633,61.53,No,309126,Agriculture,Agriculture,16,5.35,High,Finance Company,2.18,Online,Uttar Pradesh,Jammu,Urban,1,Done,Approved,,2399.63,0.06,Low,0.7
54,53,Female,Graduate,Salaried,5,467466,10648,0.37,824,22.08,No,384544,Vehicle,Vehicle,19,10.09,Low,Private Bank,1.35,Online,Delhi,North Dumdum,Urban,6,Done,Approved,,3796,0.1,Low,0.82
55,62,Male,Graduate,Salaried,27,866633,15757,0.25,674,67.5,No,217663,Home,Home,15,12.3,Medium,Finance Company,1.54,Online,Bihar,Sri Ganganagar,Urban,1,Done,Rejected,Low Income,2654.48,0.04,Low,0.25
56,44,Female,Graduate,Self-employed,8,745888,13111,0.22,626,82.14,Yes,57164,Agriculture,Agriculture,8,6.2,High,Government Bank,0.37,Online,West Bengal,Bhubaneswar,Urban,11,Done,Pending,,756.8,0.01,Low,0.08
57,58,Female,Graduate,Salaried,28,403688,11240,0.61,797,16.03,No,905532,Personal,Personal,16,9.47,Low,Private Bank,1.07,Online,Rajasthan,Miryalaguda,Urban,3,Done,Approved,,9174.39,0.27,Low,2.24
58,50,Male,Graduate,Salaried,22,525038,9638,0.62,721,80.33,No,611632,Appliances,Appliances,4,16.39,Medium,Private Bank,1.42,Offline,West Bengal,Dharmavaram,Rural,4,Processing,Approved,,17456.23,0.4,Medium,1.16
59,38,Male,Non-Graduate,Salaried,9,803479,14765,0.26,547,79.51,No,231854,Home,Home,19,11.02,High,Government Bank,0.61,Offline,Karnataka,Gangtok,Rural,19,Processing,Approved,,2431.7,0.04,Low,0.29
60,30,Female,Graduate,Salaried,24,634974,8625,0.19,644,13.5,No,147963,Education,Education,20,8,High,Finance Company,2.63,Online,Maharashtra,Tiruchirappalli,Urban,5,Done,Approved,,1237.62,0.02,Low,0.23
61,38,Female,Graduate,Salaried,21,359795,3381,0.39,666,83.64,No,386396,Personal,Personal,5,9.99,Medium,Private Bank,0.95,Online,Delhi,Hyderabad,Urban,7,Done,Approved,,8207.87,0.27,Low,1.07
62,56,Male,Non-Graduate,Salaried,28,460550,4762,0.2,579,47.04,No,213198,Agriculture,Agriculture,8,5.68,High,Finance Company,1.62,Offline,Uttar Pradesh,Bhalswa Jahangir Pur,Rural,5,Done,Approved,,2768.63,0.07,Low,0.46
63,29,Male,Graduate,Salaried,9,478030,11238,0.32,568,11.84,No,123287,Appliances,Appliances,19,12.02,High,Government Bank,0.62,Online,Delhi,Bhagalpur,Urban,19,Processing,Approved,,1376.82,0.03,Low,0.26
64,26,Female,Graduate,Salaried,18,550981,190,0.11,726,12.67,No,438600,Agriculture,Agriculture,13,8.81,Medium,Government Bank,0.61,Online,Uttar Pradesh,Siwan,Urban,20,Done,Approved,,4731.63,0.1,Low,0.8
65,60,Female,Graduate,Pensioner,7,308409,19674,0.93,784,21.36,No,324446,Agriculture,Agriculture,8,5.47,Low,Finance Company,2.01,Online,West Bengal,Jabalpur,Urban,1,Done,Approved,,4180.45,0.16,Low,1.05
66,40,Male,Non-Graduate,Salaried,20,810818,6681,0.18,551,89.01,No,300646,Home,Home,6,8.87,High,Finance Company,2.47,Offline,Uttar Pradesh,Howrah,Rural,2,Processing,Approved,,5399.93,0.08,Low,0.37
67,41,Female,Graduate,Salaried,11,478933,1729,0.13,458,68.45,No,332026,Home,Home,13,8.92,High,Private Bank,1.17,Online,Tamil Nadu,Satna,Urban,6,Done,Approved,,3602.79,0.09,Low,0.69
68,32,Female,Graduate,Pensioner,30,379197,18068,0.64,628,79.63,No,141522,Vehicle,Vehicle,16,15.8,High,Government Bank,0.36,Online,Gujarat,Guwahati,Urban,18,Done,Pending,,2027.93,0.06,Low,0.37
69,40,Male,Graduate,Salaried,30,871342,15177,0.25,535,24.95,No,102582,Appliances,Appliances,4,11.9,High,Finance Company,2.37,Online,Karnataka,Amravati,Urban,2,Done,Pending,,2696.34,0.04,Low,0.12
70,29,Male,Non-Graduate,Salaried,16,378518,15454,1.26,835,29.76,Yes,1560285,Business,Business,17,17.84,Low,Government Bank,0.67,Offline,Uttar Pradesh,Dehradun,Rural,15,Processing,Approved,,24398.3,0.77,High,4.12
71,62,Female,Graduate,Salaried,5,604188,13629,0.71,700,59.86,No,740470,Education,Education,3,5.1,Medium,Private Bank,1.3,Online,Karnataka,Sambhal,Urban,8,Done,Pending,,22225.81,0.44,Medium,1.23
72,31,Male,Graduate,Salaried,6,437318,9944,0.82,840,13.76,No,1831984,Home,Home,17,11.16,Low,Finance Company,2.92,Online,Tamil Nadu,Kolkata,Urban,5,Done,Rejected,High Existing EMI,20074.97,0.55,High,4.19
73,56,Male,Graduate,Salaried,26,615597,9158,0.63,664,28.35,Yes,883861,Home,Home,4,11.58,Medium,Finance Company,2.44,Online,Tamil Nadu,Ongole,Urban,3,Done,Rejected,Previous Loan Default,23093.6,0.45,High,1.44
74,29,Male,Non-Graduate,Self-employed,21,1387673,7489,0.08,614,70.24,Yes,122949,Business,Business,12,10.42,High,Finance Company,2.79,Offline,Uttar Pradesh,Kadapa,Rural,5,Done,Pending,,1499.32,0.01,Low,0.09
75,25,Female,Graduate,Salaried,24,859318,17626,0.29,742,89.04,No,161787,Vehicle,Vehicle,7,17.57,Medium,Private Bank,1.1,Online,Delhi,Sultan Pur Majra,Urban,7,Done,Approved,,3359.76,0.05,Low,0.19
76,44,Female,Graduate,Salaried,5,843649,7743,0.15,585,65.08,No,190624,Business,Business,13,16.02,High,Private Bank,1.37,Online,Karnataka,Bellary,Urban,8,Done,Pending,,2912.82,0.04,Low,0.23
77,26,Male,Graduate,Self-employed,22,729470,15263,0.26,516,41.5,No,66310,Agriculture,Agriculture,19,7.73,High,Government Bank,0.47,Online,West Bengal,Guna,Urban,14,Done,Approved,,555.68,0.01,Low,0.09
78,46,Male,Graduate,Salaried,6,381775,15912,1.91,791,34.22,No,1639944,Business,Business,4,14.22,Low,Finance Company,1.53,Online,Delhi,Nandyal,Urban,5,Processing,Rejected,High Loan Amount Request,44995.08,1.41,High,4.3
79,43,Male,Graduate,Salaried,5,720080,13040,0.62,828,20.75,No,1303460,Appliances,Appliances,8,16.07,Low,Private Bank,1.18,Online,Tamil Nadu,Amaravati,Urban,3,Processing,Approved,,24205.22,0.4,Medium,1.81
80,60,Female,Graduate,Salaried,23,814681,12004,0.29,723,35.03,No,933859,Education,Education,16,6,Medium,Private Bank,0.96,Online,Gujarat,Rampur,Urban,8,Processing,Approved,,7577.69,0.11,Low,1.15
81,36,Male,Graduate,Salaried,30,719626,16938,0.4,513,40.04,No,154210,Agriculture,Agriculture,2,6.07,High,Government Bank,0.44,Online,West Bengal,Bhiwani,Urban,20,Done,Approved,,6839.55,0.11,Low,0.21
82,55,Female,Graduate,Salaried,29,340098,5150,0.67,717,33.73,No,835296,Business,Business,11,16.52,Medium,Private Bank,1.43,Online,Tamil Nadu,Secunderabad,Urban,4,Done,Pending,,13763.41,0.49,High,2.46
83,53,Female,Graduate,Salaried,21,475644,9978,0.49,705,58.4,No,668419,Vehicle,Vehicle,13,14.35,Medium,Finance Company,1.5,Online,Delhi,Faridabad,Urban,4,Processing,Approved,,9476.67,0.24,Low,1.41
84,34,Female,Graduate,Self-employed,20,712947,9057,0.18,522,23.66,No,120072,Business,Business,19,16.86,High,Private Bank,0.71,Online,Uttar Pradesh,Kavali,Urban,7,Processing,Rejected,Low CIBIL Score,1760.13,0.03,Low,0.17
85,28,Female,Graduate,Salaried,26,453388,5184,0.23,769,23.62,No,378185,Personal,Personal,18,8.92,Low,Private Bank,1.42,Offline,Uttar Pradesh,Bokaro,Rural,4,Done,Approved,,3522.62,0.09,Low,0.83
86,25,Female,Graduate,Self-employed,27,1037690,4055,0.11,741,44.5,No,366598,Home,Home,8,9.79,Medium,Private Bank,1.18,Online,Karnataka,Raiganj,Urban,4,Processing,Approved,,5522.17,0.06,Low,0.35
87,36,Male,Non-Graduate,Salaried,14,404325,9718,0.4,578,60.91,No,277184,Agriculture,Agriculture,9,8.52,High,Government Bank,0.59,Offline,Gujarat,Dharmavaram,Rural,11,Processing,Rejected,Previous Loan Default,3683.73,0.11,Low,0.69
88,43,Female,Graduate,Salaried,9,832000,2184,0.07,462,75.19,No,221093,Personal,Personal,13,12.68,High,Government Bank,0.7,Offline,Tamil Nadu,Raipur,Rural,17,Done,Approved,,2898.63,0.04,Low,0.27
89,25,Female,Graduate,Salaried,26,843439,7038,0.17,751,44.24,No,328704,Vehicle,Vehicle,15,17.57,Low,Private Bank,0.71,Online,Tamil Nadu,Jabalpur,Urban,5,Done,Pending,,5192.14,0.07,Low,0.39
90,46,Female,Graduate,Salaried,23,773012,17196,0.37,690,78.14,No,450018,Vehicle,Vehicle,18,16.28,Medium,Finance Company,2.12,Offline,Tamil Nadu,Nagaon,Rural,5,Done,Pending,,6456.73,0.1,Low,0.58
91,46,Male,Graduate,Salaried,23,889064,2511,0.14,777,46.46,No,321482,Business,Business,5,17.72,Low,Government Bank,0.54,Online,Delhi,Anantapur,Urban,14,Processing,Approved,,8114.64,0.11,Low,0.36
92,33,Male,Non-Graduate,Self-employed,19,1394922,15482,0.16,693,21.23,No,277745,Home,Home,18,11.15,Medium,Finance Company,2.27,Offline,Tamil Nadu,Salem,Rural,2,Done,Approved,,2985.7,0.03,Low,0.2
93,45,Male,Non-Graduate,Self-employed,5,1729264,10463,0.11,738,65.39,No,594872,Home,Home,18,10.37,Medium,Private Bank,0.97,Offline,Gujarat,Pondicherry,Rural,7,Done,Rejected,High Existing EMI,6090.09,0.04,Low,0.34
94,36,Female,Graduate,Self-employed,6,1041655,3816,0.05,450,42.8,No,66354,Business,Business,20,16.23,High,Private Bank,0.88,Online,Delhi,Mathura,Urban,3,Processing,Approved,,934.62,0.01,Low,0.06
95,61,Female,Graduate,Salaried,27,726310,13074,0.25,721,28.88,No,130278,Vehicle,Vehicle,17,16.51,Medium,Private Bank,1.37,Online,Gujarat,Nashik,Urban,6,Processing,Pending,,1910.01,0.03,Low,0.18
96,40,Female,Graduate,Self-employed,16,1621130,5105,0.1,484,38.86,No,307145,Business,Business,4,11.57,High,Government Bank,0.53,Offline,Tamil Nadu,Rampur,Rural,15,Processing,Approved,,8023.61,0.06,Low,0.19
97,32,Male,Graduate,Salaried,24,668181,2611,0.32,595,68.21,No,334747,Home,Home,2,9.49,High,Government Bank,0.29,Online,Gujarat,Indore,Urban,18,Processing,Approved,,15368.2,0.28,Low,0.5
98,60,Female,Graduate,Salaried,29,468923,12415,0.5,821,76.14,No,736207,Personal,Personal,16,8.65,Low,Finance Company,2.02,Online,Karnataka,Shimoga,Urban,4,Processing,Approved,,7092.99,0.18,Low,1.57
99,35,Male,Graduate,Salaried,17,632895,14976,0.71,792,39.61,No,1530488,Home,Home,8,9.01,Low,Private Bank,1.21,Online,Tamil Nadu,Berhampur,Urban,3,Processing,Rejected,Low Income,22429.9,0.43,Medium,2.42
100,42,Female,Graduate,Self-employed,15,1710367,11626,0.3,669,39.67,No,687715,Agriculture,Agriculture,2,8.81,Medium,Government Bank,0.35,Online,Maharashtra,Udaipur,Urban,20,Done,Rejected,Low Income,31358.16,0.22,Low,0.4
101,33,Male,Graduate,Self-employed,14,1508955,17637,0.17,675,55.09,No,465167,Education,Education,15,7.53,Medium,Government Bank,0.53,Online,West Bengal,Korba,Urban,13,Done,Approved,,4320.09,0.03,Low,0.31
102,27,Female,Graduate,Salaried,20,578316,15059,0.45,655,49.72,No,368373,Vehicle,Vehicle,8,14.92,Medium,Private Bank,1.49,Online,Karnataka,Sambalpur,Urban,8,Processing,Approved,,6593.56,0.14,Low,0.64
103,35,Female,Graduate,Salaried,17,376694,588,0.34,659,42.51,No,710155,Appliances,Appliances,13,14.56,Medium,Government Bank,0.69,Online,Maharashtra,Sambhal,Urban,20,Processing,Pending,,10165.52,0.32,Medium,1.89
104,53,Female,Graduate,Salaried,9,379927,14822,1.03,763,81.69,No,1219934,Agriculture,Agriculture,8,8.71,Low,Government Bank,0.64,Offline,Tamil Nadu,Hazaribagh,Rural,20,Done,Pending,,17689.29,0.56,High,3.21
105,53,Male,Graduate,Salaried,26,697298,19239,0.6,827,78.12,No,1982197,Agriculture,Agriculture,20,7.12,Low,Private Bank,1.14,Online,Bihar,Moradabad,Urban,3,Processing,Pending,,15511.05,0.27,Low,2.84
106,31,Male,Graduate,Pensioner,12,391167,16685,0.59,498,14.1,No,106576,Vehicle,Vehicle,5,16.32,High,Finance Company,1.67,Online,Rajasthan,Panvel,Urban,3,Done,Approved,,2609.88,0.08,Low,0.27
107,62,Male,Graduate,Salaried,11,617374,13528,0.31,720,69.4,Yes,287266,Education,Education,15,7.2,Medium,Finance Company,2.72,Online,Tamil Nadu,Dewas,Urban,5,Processing,Approved,,2614.25,0.05,Low,0.47
108,52,Male,Graduate,Salaried,5,394575,16712,0.59,481,44.66,No,293662,Agriculture,Agriculture,16,7.35,High,Finance Company,2.28,Online,Uttar Pradesh,Mumbai,Urban,4,Processing,Approved,,2605.34,0.08,Low,0.74
109,59,Female,Non-Graduate,Self-employed,14,855415,15612,0.26,536,77.5,No,393016,Agriculture,Agriculture,19,7.35,High,Government Bank,0.63,Offline,Maharashtra,Warangal,Rural,17,Done,Approved,,3203.3,0.04,Low,0.46
110,32,Female,Graduate,Salaried,19,374752,10992,0.65,594,59.93,No,203337,Agriculture,Agriculture,2,8.14,High,Government Bank,0.26,Online,Uttar Pradesh,Bahraich,Urban,10,Done,Approved,,9209.37,0.29,Low,0.54
111,56,Female,Graduate,Self-employed,22,1082926,6187,0.08,607,51.99,No,132390,Agriculture,Agriculture,14,6.03,High,Government Bank,0.42,Online,Uttar Pradesh,Sikar,Urban,13,Done,Approved,,1168.79,0.01,Low,0.12
112,34,Female,Graduate,Salaried,14,596326,8000,0.38,652,52.14,No,571220,Appliances,Appliances,8,17.57,Medium,Finance Company,2.2,Online,Uttar Pradesh,Junagadh,Urban,2,Done,Approved,,11117.86,0.22,Low,0.96
113,54,Male,Non-Graduate,Salaried,30,591577,1138,0.13,666,36.58,No,626594,Education,Education,17,7.33,Medium,Private Bank,1.35,Offline,Delhi,Haldia,Rural,4,Done,Approved,,5381.04,0.11,Low,1.06
114,44,Male,Graduate,Salaried,10,425255,13545,0.72,814,55.05,No,744173,Appliances,Appliances,9,13.9,Low,Finance Company,2.8,Online,Rajasthan,Serampore,Urban,1,Done,Approved,,12111.57,0.34,Medium,1.75
115,39,Female,Graduate,Self-employed,17,629590,12005,0.29,615,56.87,No,287713,Appliances,Appliances,15,10.26,High,Finance Company,2.17,Online,Delhi,Naihati,Urban,5,Processing,Approved,,3137.7,0.06,Low,0.46
116,56,Female,Graduate,Salaried,8,431624,15479,0.58,624,64.52,No,325028,Education,Education,6,5.43,High,Finance Company,1.71,Online,Delhi,Ambarnath,Urban,4,Done,Approved,,5299.63,0.15,Low,0.75
117,51,Male,Graduate,Salaried,16,532674,6998,0.21,618,25.49,No,163332,Appliances,Appliances,10,13.84,High,Private Bank,0.91,Online,Delhi,Mumbai,Urban,6,Processing,Approved,,2520.31,0.06,Low,0.31
118,57,Female,Graduate,Salaried,25,553430,10058,0.25,541,35.84,No,115933,Personal,Personal,12,9.17,High,Finance Company,2.26,Online,Gujarat,Allahabad,Urban,3,Processing,Approved,,1330.48,0.03,Low,0.21
119,43,Male,Graduate,Salaried,15,477543,11968,0.4,607,85.31,No,253281,Home,Home,8,11.32,High,Government Bank,0.65,Online,Tamil Nadu,Bulandshahr,Urban,12,Done,Approved,,4022.49,0.1,Low,0.53
120,52,Female,Graduate,Salaried,17,851806,19360,0.33,590,89.41,No,256816,Appliances,Appliances,17,17.85,High,Private Bank,1.45,Online,Maharashtra,Sambhal,Urban,8,Done,Approved,,4017.75,0.06,Low,0.3
121,35,Female,Graduate,Salaried,30,410937,9710,0.37,589,21.48,No,163826,Agriculture,Agriculture,6,7.96,High,Finance Company,2.25,Offline,Rajasthan,Machilipatnam,Rural,5,Done,Rejected,Low CIBIL Score,2869.2,0.08,Low,0.4
122,33,Male,Non-Graduate,Self-employed,12,1711410,952,0.3,812,45.95,No,1181173,Business,Business,3,15.7,Low,Government Bank,0.29,Offline,Rajasthan,Unnao,Rural,20,Done,Approved,,41351.81,0.29,Low,0.69
123,28,Female,Graduate,Salaried,22,487525,10625,0.45,739,48.62,No,828174,Home,Home,20,9.75,Medium,Private Bank,1.01,Online,Tamil Nadu,Purnia,Urban,4,Done,Pending,,7855.37,0.19,Low,1.7
124,36,Female,Non-Graduate,Salaried,18,787267,13150,0.29,670,78.7,No,547706,Home,Home,17,10.36,Medium,Government Bank,0.25,Offline,West Bengal,Phusro,Rural,17,Processing,Approved,,5718.67,0.09,Low,0.7
125,39,Female,Non-Graduate,Salaried,22,723036,10713,0.27,813,43.43,No,397349,Appliances,Appliances,12,13.68,Low,Private Bank,1.2,Offline,Bihar,Nellore,Rural,3,Processing,Pending,,5630.39,0.09,Low,0.55
126,33,Male,Graduate,Salaried,19,672339,4241,0.1,549,57.54,No,116832,Personal,Personal,14,9.32,High,Finance Company,2.1,Online,Tamil Nadu,Silchar,Urban,2,Done,Rejected,Low Income,1247.45,0.02,Low,0.17
127,26,Male,Non-Graduate,Salaried,30,869234,2894,0.15,568,80.52,No,353992,Education,Education,4,5.66,High,Private Bank,1.05,Offline,West Bengal,Chandigarh,Rural,7,Done,Pending,,8258.44,0.11,Low,0.41
128,28,Male,Graduate,Salaried,15,369548,19194,0.74,657,83.7,No,272416,Agriculture,Agriculture,8,6.99,Medium,Government Bank,0.51,Online,Gujarat,Ambarnath,Urban,15,Processing,Approved,,3712.69,0.12,Low,0.74
129,40,Female,Graduate,Salaried,15,475786,19159,0.56,576,27.32,No,392972,Education,Education,15,5.32,High,Finance Company,1.53,Offline,Delhi,Avadi,Rural,4,Processing,Approved,,3173.5,0.08,Low,0.83
130,44,Female,Graduate,Pensioner,17,365617,18203,0.65,648,88.66,No,145554,Home,Home,14,10.81,High,Finance Company,1.77,Online,Rajasthan,Tenali,Urban,2,Done,Pending,,1684.6,0.06,Low,0.4
131,51,Male,Graduate,Salaried,24,899293,1813,0.07,753,11.97,Yes,329190,Agriculture,Agriculture,13,8.8,Low,Finance Company,1.57,Online,West Bengal,Mysore,Urban,4,Done,Approved,,3549.43,0.05,Low,0.37
132,33,Female,Non-Graduate,Salaried,18,824239,17191,0.38,728,77.2,No,524293,Vehicle,Vehicle,9,14.95,Medium,Private Bank,1.24,Offline,Tamil Nadu,Buxar,Rural,5,Processing,Approved,,8857.7,0.13,Low,0.64
133,51,Female,Graduate,Self-employed,17,1488686,1282,0.03,710,38.53,No,204830,Home,Home,13,9.57,Medium,Private Bank,1.39,Online,Tamil Nadu,Ramgarh,Urban,5,Processing,Approved,,2299.52,0.02,Low,0.14
134,46,Male,Non-Graduate,Salaried,12,808746,1345,0.05,709,78.91,No,117890,Agriculture,Agriculture,6,7.23,Medium,Government Bank,0.6,Offline,Rajasthan,Karaikudi,Rural,14,Done,Rejected,High Loan Amount Request,2022.95,0.03,Low,0.15
135,31,Male,Graduate,Salaried,19,677146,10236,0.2,474,15.41,No,77584,Appliances,Appliances,16,12.68,High,Private Bank,1.38,Online,Maharashtra,Kottayam,Urban,6,Processing,Approved,,945.46,0.02,Low,0.11
136,58,Female,Non-Graduate,Self-employed,26,894018,10963,0.44,722,16.82,No,817397,Personal,Personal,4,12.98,Medium,Private Bank,0.86,Offline,Maharashtra,Rourkela,Rural,3,Processing,Pending,,21920.6,0.29,Low,0.91
137,56,Female,Non-Graduate,Self-employed,10,829596,10166,0.2,698,68.81,No,327139,Home,Home,17,11.69,Medium,Private Bank,0.91,Offline,West Bengal,Bharatpur,Rural,5,Processing,Approved,,3698.75,0.05,Low,0.39
138,45,Male,Graduate,Self-employed,29,1091548,9671,0.36,770,77.25,No,918602,Appliances,Appliances,5,17.96,Low,Private Bank,0.84,Online,Delhi,Imphal,Urban,4,Processing,Rejected,Insufficient Employment Length,23306.47,0.26,Low,0.84
139,41,Female,Graduate,Self-employed,29,1388202,13838,0.14,608,45.04,Yes,148811,Vehicle,Vehicle,8,12.69,High,Finance Company,2.11,Online,Rajasthan,Anantapur,Urban,1,Processing,Approved,,2475.37,0.02,Low,0.11
140,47,Female,Graduate,Salaried,24,622579,17710,0.68,844,31.02,No,821633,Appliances,Appliances,5,10.83,Low,Government Bank,0.63,Online,Karnataka,Ratlam,Urban,14,Processing,Pending,,17794.71,0.34,Medium,1.32
141,40,Female,Non-Graduate,Self-employed,9,803891,5631,0.15,620,25.61,No,348069,Vehicle,Vehicle,17,14.58,High,Private Bank,0.92,Offline,Tamil Nadu,Ambala,Rural,8,Processing,Approved,,4622.52,0.07,Low,0.43
142,39,Male,Non-Graduate,Salaried,27,864871,8624,0.17,633,39.72,No,326188,Vehicle,Vehicle,16,10.81,High,Finance Company,2.67,Offline,Karnataka,Sikar,Rural,5,Processing,Approved,,3577.9,0.05,Low,0.38
143,28,Female,Graduate,Salaried,18,455666,5359,0.88,780,35.02,Yes,1879432,Personal,Personal,9,11.44,Low,Private Bank,0.76,Online,Uttar Pradesh,Coimbatore,Urban,6,Done,Approved,,27947.49,0.74,High,4.12
144,35,Female,Graduate,Salaried,8,867283,9442,0.19,588,87.17,No,182244,Agriculture,Agriculture,4,5.21,High,Private Bank,1.32,Online,Tamil Nadu,Parbhani,Urban,4,Processing,Rejected,Insufficient Employment Length,4214.31,0.06,Low,0.21
145,37,Male,Graduate,Salaried,7,894497,9302,0.22,687,36.5,No,600930,Personal,Personal,12,9.85,Medium,Government Bank,0.66,Online,Karnataka,Bareilly,Urban,12,Processing,Approved,,7129.61,0.1,Low,0.67
146,33,Male,Graduate,Salaried,8,394324,522,0.07,642,73.12,No,113549,Business,Business,16,16.02,High,Finance Company,2.84,Online,Tamil Nadu,Thanjavur,Urban,4,Processing,Approved,,1644.79,0.05,Low,0.29
147,30,Female,Non-Graduate,Salaried,20,572839,4700,0.19,533,11.15,No,243132,Agriculture,Agriculture,6,7.98,High,Private Bank,0.77,Offline,Maharashtra,Bhusawal,Rural,3,Done,Approved,,4260.52,0.09,Low,0.42
148,57,Female,Graduate,Salaried,16,695527,18439,0.57,778,65.03,No,648900,Home,Home,5,12.3,Low,Government Bank,0.61,Online,Bihar,Nashik,Urban,15,Done,Approved,,14532.99,0.25,Low,0.93
149,55,Male,Graduate,Self-employed,8,1073283,19532,0.26,642,29.21,No,242817,Appliances,Appliances,19,17.48,High,Finance Company,2.54,Online,Gujarat,Rourkela,Urban,2,Processing,Approved,,3672.88,0.04,Low,0.23
150,62,Male,Graduate,Salaried,13,847303,4676,0.62,700,48.1,No,867820,Agriculture,Agriculture,2,6.92,Medium,Government Bank,0.48,Offline,Uttar Pradesh,Bhavnagar,Rural,14,Done,Approved,,38823.07,0.55,High,1.02
151,53,Female,Graduate,Self-employed,28,1421093,7953,0.11,569,57.84,No,251813,Vehicle,Vehicle,9,16.93,High,Government Bank,0.61,Online,Maharashtra,Kochi,Urban,15,Done,Rejected,Insufficient Employment Length,4556.08,0.04,Low,0.18
152,45,Male,Graduate,Salaried,22,323440,13399,1.4,765,77.86,No,1914851,Vehicle,Vehicle,18,13.98,Low,Finance Company,2.48,Online,Gujarat,Vijayanagaram,Urban,1,Processing,Approved,,24298.89,0.9,High,5.92
153,38,Male,Non-Graduate,Salaried,15,635549,12020,0.42,780,42.13,No,228187,Personal,Personal,2,9.49,Low,Government Bank,0.44,Offline,Karnataka,Navi Mumbai,Rural,10,Done,Approved,,10476.04,0.2,Low,0.36
154,62,Male,Graduate,Salaried,6,896476,4897,0.1,532,10.54,No,182734,Personal,Personal,8,10.02,High,Finance Company,1.53,Offline,Tamil Nadu,Baranagar,Rural,2,Done,Pending,,2774.77,0.04,Low,0.2
155,38,Female,Non-Graduate,Salaried,18,744572,19493,0.37,577,54.06,No,264332,Agriculture,Agriculture,8,6.19,High,Finance Company,1.59,Offline,Tamil Nadu,Bangalore,Rural,5,Processing,Pending,,3498.21,0.06,Low,0.36
156,27,Male,Graduate,Salaried,23,857756,19064,0.45,658,13.97,No,792956,Vehicle,Vehicle,11,16.27,Medium,Government Bank,0.44,Online,Gujarat,Berhampore,Urban,18,Done,Rejected,Low CIBIL Score,12938.09,0.18,Low,0.92
157,26,Female,Graduate,Salaried,14,552064,17024,0.53,536,15.51,No,276088,Personal,Personal,4,12.95,High,Government Bank,0.33,Offline,Bihar,Proddatur,Rural,17,Processing,Approved,,7399.9,0.16,Low,0.5
158,30,Male,Graduate,Salaried,11,889785,3929,0.07,579,87.82,No,103154,Personal,Personal,19,10.63,High,Private Bank,1.3,Online,Maharashtra,Uluberia,Urban,7,Done,Rejected,Insufficient Employment Length,1055.02,0.01,Low,0.12
159,26,Male,Graduate,Self-employed,8,976117,17596,0.22,535,66.34,No,51318,Vehicle,Vehicle,20,13.38,High,Private Bank,1.32,Online,Delhi,Satara,Urban,6,Processing,Approved,,615.17,0.01,Low,0.05
160,49,Female,Graduate,Salaried,13,354206,860,0.23,688,16.78,No,561108,Education,Education,13,8.88,Medium,Private Bank,1.2,Offline,Delhi,Katihar,Rural,7,Done,Approved,,6075.7,0.21,Low,1.58
161,31,Female,Graduate,Salaried,17,478457,16375,0.65,652,78.8,No,502274,Personal,Personal,6,10.76,Medium,Private Bank,1.4,Online,West Bengal,Varanasi,Urban,3,Done,Approved,,9498.69,0.24,Low,1.05
162,29,Female,Non-Graduate,Self-employed,13,1280409,7684,0.23,786,15.27,No,1413746,Appliances,Appliances,15,12.12,Low,Government Bank,0.39,Offline,West Bengal,Dibrugarh,Rural,11,Processing,Rejected,High Existing EMI,17076.63,0.16,Low,1.1
163,58,Male,Non-Graduate,Self-employed,6,1552540,1408,0.1,718,52.74,No,808903,Education,Education,8,7.74,Medium,Private Bank,0.78,Offline,Tamil Nadu,Alappuzha,Rural,8,Processing,Approved,,11328.6,0.09,Low,0.52
164,62,Female,Graduate,Salaried,30,758729,19302,0.41,550,29.57,No,196906,Home,Home,3,12.75,High,Finance Company,2.71,Online,Tamil Nadu,Medininagar,Urban,4,Done,Approved,,6610.86,0.1,Low,0.26
165,50,Male,Graduate,Salaried,23,627366,9301,0.21,541,25.79,No,138303,Home,Home,11,8.82,High,Finance Company,1.93,Online,Bihar,Bokaro,Urban,1,Processing,Pending,,1640.5,0.03,Low,0.22
166,37,Male,Non-Graduate,Salaried,26,872446,4178,0.08,507,46.22,No,246152,Education,Education,18,6.2,High,Finance Company,1.65,Offline,Uttar Pradesh,North Dumdum,Rural,2,Done,Approved,,1894.03,0.03,Low,0.28
167,54,Male,Graduate,Self-employed,18,1493966,15561,0.18,456,82.02,No,315529,Personal,Personal,5,11.22,High,Private Bank,1.32,Offline,Delhi,Ozhukarai,Rural,7,Done,Rejected,High Loan Amount Request,6895.03,0.06,Low,0.21
168,42,Female,Graduate,Salaried,15,353313,8326,1.03,664,14.65,Yes,629966,Business,Business,3,15.24,Medium,Finance Company,2.69,Online,Gujarat,Jalna,Urban,3,Processing,Approved,,21912.09,0.74,High,1.78
169,34,Male,Graduate,Salaried,19,608903,6401,0.6,771,25.25,No,1799187,Vehicle,Vehicle,11,11.29,Low,Government Bank,0.59,Offline,Bihar,Miryalaguda,Rural,16,Done,Approved,,23858.7,0.47,High,2.95
170,38,Female,Non-Graduate,Salaried,15,856170,6359,0.15,613,40.85,No,336039,Business,Business,16,14,High,Finance Company,2.39,Offline,Tamil Nadu,Howrah,Rural,4,Processing,Approved,,4394.38,0.06,Low,0.39
171,31,Female,Graduate,Salaried,13,463182,1956,0.08,479,11.4,No,68433,Personal,Personal,8,10.62,High,Government Bank,0.59,Online,Karnataka,Meerut,Urban,19,Processing,Approved,,1061,0.03,Low,0.15
172,45,Male,Graduate,Self-employed,15,723305,18448,0.45,773,51.43,No,335054,Home,Home,4,11.06,Low,Government Bank,0.57,Online,Rajasthan,Jalandhar,Urban,12,Done,Approved,,8669.41,0.14,Low,0.46
173,34,Female,Graduate,Salaried,10,794390,14260,0.43,837,39.42,No,983445,Home,Home,8,8.78,Low,Private Bank,1.25,Online,Maharashtra,Surendranagar Dudhrej,Urban,5,Done,Approved,,14295.68,0.22,Low,1.24
174,47,Male,Non-Graduate,Salaried,19,722429,17040,0.31,532,47.09,Yes,156049,Education,Education,16,8.38,High,Finance Company,1.68,Offline,West Bengal,Raebareli,Rural,1,Done,Approved,,1478.33,0.02,Low,0.22
175,43,Female,Graduate,Salaried,17,557471,2809,0.09,513,25.87,No,65978,Appliances,Appliances,6,15.59,High,Private Bank,1.5,Online,Gujarat,Chandrapur,Urban,5,Done,Approved,,1416.33,0.03,Low,0.12
176,32,Female,Graduate,Salaried,5,367970,1219,0.24,573,88.58,No,288455,Appliances,Appliances,5,11.08,High,Government Bank,0.43,Online,Bihar,Unnao,Urban,20,Processing,Pending,,6283.23,0.2,Low,0.78
177,33,Male,Non-Graduate,Salaried,16,309529,306,0.13,472,24.31,No,136383,Home,Home,5,12.86,High,Private Bank,0.87,Offline,Uttar Pradesh,South Dumdum,Rural,7,Processing,Rejected,Previous Loan Default,3093.37,0.12,Low,0.44
178,36,Male,Non-Graduate,Salaried,9,875548,14991,0.38,692,53.94,No,283624,Agriculture,Agriculture,2,6.98,Medium,Finance Company,2,Offline,Maharashtra,Haldia,Rural,4,Processing,Approved,,12696.01,0.17,Low,0.32
179,57,Female,Non-Graduate,Salaried,5,813975,15088,0.25,543,47.14,No,147436,Vehicle,Vehicle,14,10.29,High,Private Bank,1.47,Offline,Maharashtra,Mirzapur,Rural,6,Processing,Approved,,1659.67,0.02,Low,0.18
180,31,Male,Graduate,Salaried,5,655396,13034,0.47,696,17.2,No,591100,Vehicle,Vehicle,6,15.98,Medium,Private Bank,0.85,Online,Uttar Pradesh,Amritsar,Urban,7,Done,Approved,,12815.54,0.23,Low,0.9
181,40,Male,Non-Graduate,Salaried,21,818043,10192,0.39,748,59.4,No,368928,Education,Education,2,7.06,Medium,Private Bank,0.88,Offline,Gujarat,Malda,Rural,8,Processing,Approved,,16527.89,0.24,Low,0.45
182,47,Male,Graduate,Self-employed,21,1578330,10632,0.1,450,49.79,No,251404,Agriculture,Agriculture,13,7.69,High,Finance Company,1.82,Online,Rajasthan,Ratlam,Urban,5,Done,Pending,,2553.89,0.02,Low,0.16
183,26,Male,Graduate,Salaried,28,300305,17835,4.24,789,34.22,No,1921397,Home,Home,2,9.43,Low,Government Bank,0.3,Offline,West Bengal,Saharsa,Rural,20,Done,Pending,,88158.09,3.52,High,6.4
184,52,Male,Graduate,Salaried,13,729441,19298,0.58,824,41.65,No,1448511,Agriculture,Agriculture,11,7.58,Low,Government Bank,0.26,Online,Tamil Nadu,North Dumdum,Urban,14,Processing,Rejected,Insufficient Employment Length,16209.65,0.27,Low,1.99
185,29,Female,Graduate,Salaried,15,744635,11388,0.21,555,12.84,No,163959,Home,Home,18,9.11,High,Government Bank,0.6,Online,Delhi,Kumbakonam,Urban,13,Done,Approved,,1546.67,0.02,Low,0.22
186,49,Female,Graduate,Salaried,27,509844,7437,0.39,780,69.4,No,952960,Personal,Personal,20,9.64,Low,Government Bank,0.47,Online,Gujarat,Imphal,Urban,12,Processing,Approved,,8970.14,0.21,Low,1.87
187,47,Female,Graduate,Self-employed,13,1141527,1336,0.02,486,27.57,No,63769,Home,Home,18,12.72,High,Finance Company,2.13,Online,Delhi,Hindupur,Urban,1,Processing,Approved,,753.18,0.01,Low,0.06
188,54,Male,Graduate,Salaried,26,453184,3515,0.18,606,59.84,No,108509,Education,Education,3,7.4,High,Government Bank,0.53,Online,Bihar,Dibrugarh,Urban,17,Processing,Approved,,3370.32,0.09,Low,0.24
189,55,Male,Graduate,Self-employed,13,1176947,8484,0.11,626,69.05,No,138153,Business,Business,14,16.19,High,Government Bank,0.41,Online,Gujarat,Raebareli,Urban,10,Done,Pending,,2083.16,0.02,Low,0.12
190,49,Male,Graduate,Salaried,20,408290,6724,0.42,749,86.31,No,605490,Business,Business,14,12.32,Medium,Government Bank,0.58,Online,Karnataka,Maheshtala,Urban,12,Processing,Approved,,7578.92,0.22,Low,1.48
191,42,Male,Non-Graduate,Salaried,29,400681,10335,0.69,696,16.36,No,521514,Education,Education,4,8.3,Medium,Finance Company,1.76,Offline,Rajasthan,Thane,Rural,2,Processing,Approved,,12805.25,0.38,Medium,1.3
192,46,Female,Graduate,Self-employed,22,1539417,14543,0.12,563,51.3,No,61285,Home,Home,6,10.23,High,Private Bank,1.46,Online,Gujarat,Jodhpur,Urban,4,Done,Pending,,1142.48,0.01,Low,0.04
193,59,Female,Graduate,Salaried,7,834473,8341,0.2,619,20.79,No,245159,Vehicle,Vehicle,6,16.9,High,Finance Company,2.3,Online,Gujarat,Bidar,Urban,1,Processing,Approved,,5440.17,0.08,Low,0.29
194,25,Female,Non-Graduate,Salaried,24,358858,5283,0.24,584,14.39,No,114833,Business,Business,19,17.61,High,Finance Company,2.99,Offline,Maharashtra,Imphal,Rural,4,Done,Approved,,1748.28,0.06,Low,0.32
195,46,Male,Graduate,Self-employed,30,773587,4472,0.4,841,52.66,No,1432377,Personal,Personal,8,9.39,Low,Finance Company,2.6,Online,Gujarat,Tiruppur,Urban,5,Done,Approved,,21275.55,0.33,Medium,1.85
196,59,Male,Graduate,Salaried,20,424186,5132,0.78,653,80.21,No,955064,Business,Business,5,14.61,Medium,Government Bank,0.28,Online,West Bengal,Jabalpur,Urban,16,Processing,Approved,,22525.86,0.64,High,2.25
197,53,Female,Graduate,Salaried,20,649918,11876,0.24,626,46.39,No,58667,Business,Business,14,16.98,High,Government Bank,0.39,Online,Gujarat,Satara,Urban,10,Processing,Approved,,916.64,0.02,Low,0.09
198,55,Female,Non-Graduate,Salaried,15,486526,16282,0.8,820,21.46,No,1317990,Vehicle,Vehicle,13,11.26,Low,Finance Company,2.38,Offline,Maharashtra,Muzaffarnagar,Rural,5,Done,Approved,,16122.78,0.4,Medium,2.71
199,29,Male,Graduate,Salaried,27,671174,5149,0.12,501,52.15,No,107629,Business,Business,16,13.4,High,Finance Company,2.46,Online,West Bengal,Bijapur,Urban,1,Processing,Approved,,1363.56,0.02,Low,0.16
200,39,Male,Graduate,Salaried,28,616476,12988,0.5,838,59.51,No,1262060,Home,Home,17,9.59,Low,Finance Company,2.06,Offline,Karnataka,Bharatpur,Rural,4,Processing,Approved,,12562.61,0.24,Low,2.05
201,57,Male,Graduate,Salaried,24,556082,11471,0.34,450,78.47,No,340009,Personal,Personal,10,8.73,High,Private Bank,1.45,Online,Gujarat,Ulhasnagar,Urban,3,Done,Approved,,4257.56,0.09,Low,0.61
202,55,Male,Graduate,Self-employed,26,1071561,9133,0.15,650,36.77,No,383213,Personal,Personal,16,11.09,High,Finance Company,1.65,Online,Tamil Nadu,Guntur,Urban,1,Processing,Approved,,4271.91,0.05,Low,0.36
203,47,Male,Graduate,Self-employed,11,716519,11588,0.26,672,28.6,No,257025,Education,Education,7,8.64,Medium,Government Bank,0.58,Online,Karnataka,Sirsa,Urban,18,Done,Rejected,Low Income,4088.49,0.07,Low,0.36
204,30,Male,Graduate,Self-employed,23,661474,4506,0.34,689,30.87,No,904145,Appliances,Appliances,14,17.45,Medium,Government Bank,0.32,Offline,Maharashtra,Serampore,Rural,15,Done,Pending,,14423.41,0.26,Low,1.37
205,41,Male,Graduate,Salaried,30,763533,91,0.17,759,50.46,No,632258,Education,Education,6,7.57,Low,Private Bank,0.95,Offline,Tamil Nadu,Kadapa,Rural,4,Processing,Rejected,Insufficient Employment Length,10953.26,0.17,Low,0.83
206,34,Female,Non-Graduate,Self-employed,23,1017970,19484,0.28,603,74.13,No,391865,Agriculture,Agriculture,12,7.68,High,Finance Company,2.33,Offline,West Bengal,Sonipat,Rural,5,Processing,Rejected,High Existing EMI,4173.3,0.05,Low,0.38
207,31,Female,Graduate,Pensioner,21,341710,11076,0.49,699,73.74,No,169387,Business,Business,7,10.68,Medium,Government Bank,0.46,Online,Tamil Nadu,Kharagpur,Urban,19,Processing,Approved,,2871.9,0.1,Low,0.5
208,36,Female,Graduate,Salaried,10,327629,12922,1.95,739,35.8,No,878546,Home,Home,2,9.5,Medium,Private Bank,1.01,Online,Tamil Nadu,Rajahmundry,Urban,3,Processing,Approved,,40337.99,1.48,High,2.68
209,61,Female,Graduate,Salaried,15,863028,426,0.03,739,75.61,No,104796,Appliances,Appliances,10,16.05,Medium,Finance Company,2.64,Online,Tamil Nadu,Kurnool,Urban,3,Done,Approved,,1758.74,0.02,Low,0.12
210,53,Female,Graduate,Salaried,13,441620,12735,0.44,831,77.24,No,243470,Appliances,Appliances,11,14.05,Low,Government Bank,0.38,Online,West Bengal,Ramgarh,Urban,17,Processing,Approved,,3631.97,0.1,Low,0.55
211,32,Female,Graduate,Salaried,26,660466,1758,0.18,812,34.51,No,642093,Appliances,Appliances,17,13.29,Low,Government Bank,0.28,Online,Gujarat,Gwalior,Urban,17,Processing,Approved,,7951.93,0.14,Low,0.97
212,60,Female,Graduate,Salaried,30,374168,11114,0.41,582,62.79,No,132465,Personal,Personal,20,12.94,High,Finance Company,2.52,Online,Bihar,Jamnagar,Urban,5,Done,Rejected,Low CIBIL Score,1546.27,0.05,Low,0.35
213,38,Female,Graduate,Salaried,24,665533,8764,0.2,694,38.82,No,199056,Business,Business,18,12.36,Medium,Government Bank,0.5,Online,Rajasthan,Kakinada,Urban,18,Done,Approved,,2301.94,0.04,Low,0.3
214,45,Male,Graduate,Salaried,8,857350,9670,0.22,812,24.45,No,511464,Education,Education,10,7.64,Low,Finance Company,2.2,Online,Bihar,Mau,Urban,4,Processing,Approved,,6108.61,0.09,Low,0.6
215,52,Male,Graduate,Salaried,9,770517,7639,0.37,803,51.42,No,1455740,Personal,Personal,15,10.3,Low,Private Bank,1.23,Online,Uttar Pradesh,Arrah,Urban,3,Processing,Approved,,15911.71,0.25,Low,1.89
216,57,Female,Graduate,Salaried,19,685927,16414,0.38,772,37.78,No,765743,Agriculture,Agriculture,20,5.45,Low,Private Bank,0.72,Online,Bihar,Tadepalligudem,Urban,7,Processing,Approved,,5245.85,0.09,Low,1.12
217,50,Male,Graduate,Salaried,27,865875,12893,0.54,846,83.59,No,1888966,Personal,Personal,11,12,Low,Government Bank,0.43,Online,Maharashtra,Durgapur,Urban,12,Processing,Approved,,25837.05,0.36,Medium,2.18
218,60,Female,Non-Graduate,Salaried,16,524643,5565,0.16,726,85.35,No,118975,Education,Education,10,6.51,Medium,Finance Company,1.8,Offline,Bihar,Rajpur Sonarpur,Rural,4,Processing,Approved,,1351.54,0.03,Low,0.23
219,25,Female,Graduate,Self-employed,24,1187940,12423,0.17,490,35.17,No,331862,Business,Business,20,14.87,High,Private Bank,1.49,Online,Karnataka,Medininagar,Urban,3,Processing,Pending,,4338.08,0.04,Low,0.28
220,49,Male,Graduate,Salaried,17,370407,10034,0.37,619,84.32,No,96433,Appliances,Appliances,11,11,High,Private Bank,1.41,Online,Gujarat,Hapur,Urban,4,Done,Approved,,1262.53,0.04,Low,0.26
221,52,Male,Graduate,Salaried,21,742397,10650,0.52,850,38.08,No,1556902,Vehicle,Vehicle,20,15.79,Low,Government Bank,0.51,Online,Tamil Nadu,Bharatpur,Urban,10,Processing,Approved,,21415.57,0.35,Medium,2.1
222,48,Female,Graduate,Self-employed,23,719702,10887,0.23,606,89.45,Yes,199995,Vehicle,Vehicle,9,10.5,High,Government Bank,0.69,Online,Karnataka,Davanagere,Urban,10,Processing,Rejected,Low Income,2870.1,0.05,Low,0.28
223,50,Female,Non-Graduate,Salaried,13,416256,18091,0.62,583,35.26,No,280102,Personal,Personal,16,12.64,High,Finance Company,1.87,Offline,Uttar Pradesh,Muzaffarnagar,Rural,3,Processing,Approved,,3405.93,0.1,Low,0.67
224,47,Male,Graduate,Salaried,29,859510,16829,0.54,787,51.99,No,1576646,Appliances,Appliances,11,12.04,Low,Finance Company,2.11,Offline,Tamil Nadu,Motihari,Rural,2,Done,Approved,,21602.52,0.3,Medium,1.83
225,37,Female,Non-Graduate,Salaried,30,469469,17551,0.54,622,46.16,No,226333,Home,Home,8,10.58,High,Government Bank,0.28,Offline,Karnataka,Junagadh,Rural,18,Processing,Approved,,3504.27,0.09,Low,0.48
226,44,Female,Graduate,Salaried,15,555653,15206,1.81,789,16.8,No,1997943,Vehicle,Vehicle,3,14.26,Low,Private Bank,0.82,Online,Bihar,Jabalpur,Urban,6,Processing,Approved,,68537.53,1.48,High,3.6
227,62,Female,Graduate,Salaried,16,503162,1926,0.54,714,71.06,No,451616,Business,Business,2,10.17,Medium,Government Bank,0.25,Offline,Tamil Nadu,Srinagar,Rural,14,Processing,Approved,,20875.24,0.5,High,0.9
228,37,Female,Graduate,Salaried,15,527659,3754,0.21,618,24.17,No,359061,Business,Business,11,14.29,High,Finance Company,2.04,Online,Karnataka,Mira-Bhayandar,Urban,2,Done,Approved,,5409.6,0.12,Low,0.68
229,60,Male,Graduate,Self-employed,7,1306002,7548,0.28,655,45.2,No,838971,Business,Business,4,13.19,Medium,Government Bank,0.27,Online,West Bengal,Raichur,Urban,18,Processing,Approved,,22586.69,0.21,Low,0.64
230,51,Male,Graduate,Salaried,25,603749,18061,0.41,637,18.66,No,108862,Home,Home,5,10.5,High,Private Bank,0.8,Online,Uttar Pradesh,Srikakulam,Urban,8,Processing,Approved,,2339.87,0.05,Low,0.18
231,61,Female,Non-Graduate,Self-employed,28,888022,19012,0.35,698,26.85,No,750607,Education,Education,13,6.02,Medium,Government Bank,0.52,Offline,Gujarat,Mango,Rural,10,Processing,Approved,,6948.92,0.09,Low,0.85
232,43,Male,Non-Graduate,Self-employed,7,1400753,19568,0.22,730,64.18,No,513422,Personal,Personal,17,11.48,Medium,Private Bank,0.93,Offline,Gujarat,Sagar,Rural,4,Processing,Approved,,5733.79,0.05,Low,0.37
233,58,Male,Non-Graduate,Self-employed,20,1622522,16787,0.2,489,80.52,No,396656,Home,Home,4,12.18,High,Private Bank,1.21,Offline,Rajasthan,Vadodara,Rural,4,Processing,Approved,,10480.56,0.08,Low,0.24
234,34,Female,Graduate,Self-employed,9,1727374,19692,0.33,733,33.08,No,898323,Agriculture,Agriculture,3,7.81,Medium,Private Bank,1.37,Online,West Bengal,Yamunanagar,Urban,8,Done,Rejected,High Existing EMI,28071.51,0.2,Low,0.52
235,28,Female,Non-Graduate,Salaried,12,651752,8220,0.28,592,17.81,No,266761,Personal,Personal,4,10.63,High,Government Bank,0.44,Offline,Karnataka,Bhind,Rural,10,Processing,Approved,,6846.74,0.13,Low,0.41
236,41,Female,Non-Graduate,Pensioner,24,377139,3988,0.88,818,39.87,No,1589934,Business,Business,12,14.71,Low,Private Bank,1.08,Offline,Bihar,Rourkela,Rural,6,Done,Rejected,High Existing EMI,23567.02,0.75,High,4.22
237,61,Male,Graduate,Salaried,27,346392,8567,0.78,644,57.78,No,287172,Vehicle,Vehicle,2,14.54,High,Government Bank,0.39,Online,Karnataka,Malda,Urban,15,Done,Pending,,13861.33,0.48,High,0.83
238,26,Female,Graduate,Salaried,25,566868,16408,0.36,512,78.9,No,70871,Business,Business,20,10.83,High,Government Bank,0.65,Online,West Bengal,Vadodara,Urban,15,Done,Pending,,723.34,0.02,Low,0.13
239,57,Male,Graduate,Salaried,9,439993,11344,0.36,550,33.08,No,258731,Agriculture,Agriculture,18,5.19,High,Finance Company,2.6,Online,Tamil Nadu,Jodhpur,Urban,4,Processing,Rejected,High Loan Amount Request,1845.62,0.05,Low,0.59
240,44,Male,Non-Graduate,Salaried,23,392540,2619,0.23,696,86.9,No,462040,Personal,Personal,14,9.57,Medium,Private Bank,0.9,Offline,Maharashtra,Alappuzha,Rural,4,Done,Approved,,5001.68,0.15,Low,1.18
241,52,Female,Non-Graduate,Salaried,8,727574,15805,0.46,772,22.32,No,1255380,Home,Home,19,9.56,Low,Government Bank,0.35,Offline,West Bengal,Srikakulam,Rural,12,Processing,Approved,,11960.07,0.2,Low,1.73
242,60,Female,Graduate,Self-employed,5,1720296,15575,0.13,698,71.57,No,187571,Home,Home,6,8.76,Medium,Government Bank,0.44,Online,Bihar,Farrukhabad,Urban,17,Done,Pending,,3358.77,0.02,Low,0.11
243,60,Male,Graduate,Salaried,6,595824,129,0.03,537,53.66,No,88549,Appliances,Appliances,17,17,High,Government Bank,0.37,Online,Maharashtra,Dibrugarh,Urban,15,Processing,Approved,,1329.87,0.03,Low,0.15
244,37,Male,Graduate,Self-employed,29,1068920,17863,0.25,714,18.81,No,406343,Home,Home,14,9.51,Medium,Finance Company,1.73,Online,Karnataka,Gorakhpur,Urban,4,Done,Approved,,4384.28,0.05,Low,0.38
245,41,Male,Graduate,Salaried,22,760655,18505,0.34,548,87.05,No,276417,Appliances,Appliances,20,12.38,High,Private Bank,1.12,Offline,Karnataka,Jamnagar,Rural,7,Done,Pending,,3117.13,0.05,Low,0.36
246,30,Male,Graduate,Self-employed,19,821714,16364,0.27,608,65.91,No,224137,Home,Home,16,8.72,High,Private Bank,1.35,Online,Karnataka,Bahraich,Urban,7,Done,Approved,,2168.85,0.03,Low,0.27
247,34,Female,Graduate,Salaried,6,830373,483,0.19,472,40.45,No,367590,Vehicle,Vehicle,3,12.67,High,Finance Company,1.65,Online,West Bengal,Eluru,Urban,3,Processing,Approved,,12327.21,0.18,Low,0.44
248,49,Male,Graduate,Salaried,14,838544,15365,0.27,683,61.34,No,111866,Vehicle,Vehicle,3,12.13,Medium,Government Bank,0.67,Online,West Bengal,Kulti,Urban,18,Processing,Approved,,3722.5,0.05,Low,0.13
249,42,Female,Graduate,Salaried,16,543935,18464,0.46,617,88.93,No,96761,Home,Home,5,12.66,High,Government Bank,0.29,Online,Maharashtra,Gandhinagar,Urban,19,Done,Approved,,2184.81,0.05,Low,0.18
250,37,Male,Non-Graduate,Salaried,13,611293,6316,0.15,737,74.72,No,108303,Personal,Personal,11,9.2,Medium,Finance Company,2.94,Offline,West Bengal,Secunderabad,Rural,5,Done,Approved,,1307.38,0.03,Low,0.18
251,36,Male,Graduate,Salaried,26,390068,9700,0.39,698,81.38,No,186504,Business,Business,11,16.44,Medium,Private Bank,0.94,Offline,Uttar Pradesh,Anand,Rural,6,Processing,Approved,,3063.46,0.09,Low,0.48
252,30,Male,Graduate,Self-employed,14,1664212,8549,0.42,785,76.75,No,1867081,Home,Home,4,12.23,Low,Finance Company,2.3,Online,Gujarat,Kamarhati,Urban,5,Done,Approved,,49378.51,0.36,Medium,1.12
253,32,Male,Graduate,Salaried,24,478555,12759,0.48,778,54.96,No,402596,Business,Business,13,17.14,Low,Private Bank,0.94,Online,West Bengal,Ajmer,Urban,8,Processing,Rejected,Insufficient Employment Length,6457.03,0.16,Low,0.84
254,49,Female,Graduate,Self-employed,11,1054762,16306,0.46,826,89.62,No,1462116,Appliances,Appliances,12,17.52,Low,Finance Company,1.72,Online,Bihar,Srikakulam,Urban,3,Processing,Approved,,24369.54,0.28,Low,1.39
255,35,Female,Graduate,Salaried,22,550382,14109,0.43,540,71.12,No,355311,Business,Business,8,11.58,High,Private Bank,1.5,Online,Karnataka,Vellore,Urban,8,Done,Pending,,5693.13,0.12,Low,0.65
256,53,Female,Non-Graduate,Salaried,5,549558,3736,0.22,685,66.92,No,487043,Appliances,Appliances,15,13.65,Medium,Finance Company,2.17,Offline,Rajasthan,Karawal Nagar,Rural,5,Done,Approved,,6372.03,0.14,Low,0.89
257,25,Male,Graduate,Pensioner,24,246929,5418,0.35,605,85.14,No,140874,Home,Home,15,12.48,High,Government Bank,0.32,Online,Gujarat,Karawal Nagar,Urban,19,Done,Approved,,1734.47,0.08,Low,0.57
258,48,Female,Graduate,Salaried,8,638375,14055,0.33,453,56.63,No,191575,Agriculture,Agriculture,6,8.85,High,Finance Company,2.37,Online,Delhi,Saharsa,Urban,4,Processing,Approved,,3439,0.06,Low,0.3
259,43,Male,Graduate,Self-employed,21,1508441,12100,0.3,791,67.1,No,1549078,Education,Education,6,6.76,Low,Government Bank,0.54,Online,Maharashtra,Avadi,Urban,16,Processing,Approved,,26232.08,0.21,Low,1.03
260,25,Male,Graduate,Self-employed,26,1420781,10080,0.57,787,11.06,No,1264425,Personal,Personal,2,8.17,Low,Government Bank,0.52,Online,Delhi,Raipur,Urban,14,Done,Rejected,Low Income,57284.6,0.48,High,0.89
261,55,Male,Non-Graduate,Self-employed,10,1086130,986,0.1,552,12.08,No,366558,Appliances,Appliances,5,12.89,High,Government Bank,0.62,Offline,Tamil Nadu,Bilaspur,Rural,16,Done,Rejected,Low CIBIL Score,8319.69,0.09,Low,0.34
262,33,Female,Graduate,Salaried,24,407216,5489,0.28,473,23.27,No,179622,Personal,Personal,5,11.35,High,Finance Company,2.57,Online,West Bengal,Mysore,Urban,5,Processing,Approved,,3936.84,0.12,Low,0.44
263,43,Male,Graduate,Salaried,27,540683,9587,0.74,804,36.57,No,1018880,Agriculture,Agriculture,4,5.54,Low,Private Bank,1.46,Online,West Bengal,Mango,Urban,8,Processing,Rejected,High Loan Amount Request,23714.14,0.53,High,1.88
264,27,Female,Graduate,Salaried,12,355776,18613,0.79,563,31.82,No,236921,Vehicle,Vehicle,6,13.74,High,Finance Company,2.1,Online,Rajasthan,Sultan Pur Majra,Urban,5,Processing,Approved,,4849.01,0.16,Low,0.67
265,61,Female,Graduate,Salaried,25,411864,11911,0.4,622,76.55,No,100470,Business,Business,10,17.29,High,Government Bank,0.3,Online,Bihar,Allahabad,Urban,20,Done,Approved,,1764.65,0.05,Low,0.24
266,44,Female,Graduate,Pensioner,8,302601,12305,0.66,452,10.24,No,296457,Business,Business,14,16.08,High,Finance Company,1.62,Online,Uttar Pradesh,Kamarhati,Urban,5,Processing,Approved,,4447.81,0.18,Low,0.98
267,55,Female,Non-Graduate,Salaried,25,888730,12307,0.31,693,19.13,No,294000,Appliances,Appliances,3,17.1,Medium,Private Bank,1.15,Offline,Uttar Pradesh,Rewa,Rural,4,Done,Approved,,10496.54,0.14,Low,0.33
268,53,Male,Graduate,Salaried,22,793585,5071,0.28,844,84.53,No,1053826,Appliances,Appliances,13,11.91,Low,Finance Company,2.03,Online,Tamil Nadu,Phusro,Urban,5,Done,Pending,,13310.93,0.2,Low,1.33
269,60,Male,Graduate,Salaried,9,433659,8165,0.28,522,54.71,No,73979,Personal,Personal,4,11.8,High,Finance Company,2.1,Online,Karnataka,Kanpur,Urban,4,Done,Approved,,1940.89,0.05,Low,0.17
270,32,Female,Graduate,Salaried,5,576617,4149,0.17,591,59.96,No,192367,Home,Home,6,12.38,High,Finance Company,2.41,Online,Delhi,Kishanganj,Urban,1,Processing,Approved,,3798.93,0.08,Low,0.33
271,56,Female,Graduate,Salaried,20,585988,5277,0.2,577,47.19,No,320807,Business,Business,19,15.61,High,Private Bank,0.77,Online,Delhi,Dhule,Urban,3,Processing,Approved,,4404.44,0.09,Low,0.55
272,32,Female,Graduate,Salaried,12,427026,1559,0.26,739,52.78,No,481212,Vehicle,Vehicle,10,15.22,Medium,Private Bank,0.89,Online,Rajasthan,Gorakhpur,Urban,5,Done,Rejected,Low Income,7828.59,0.22,Low,1.13
273,61,Male,Graduate,Salaried,26,688975,11388,0.39,725,85.14,No,943849,Home,Home,14,10.99,Medium,Government Bank,0.58,Online,Karnataka,Lucknow,Urban,16,Done,Approved,,11028.29,0.19,Low,1.37
274,30,Female,Non-Graduate,Salaried,21,666699,10878,0.28,710,56.54,No,321238,Appliances,Appliances,9,12.03,Medium,Finance Company,1.74,Offline,Uttar Pradesh,Karimnagar,Rural,4,Processing,Approved,,4883.19,0.09,Low,0.48
275,38,Female,Graduate,Salaried,13,456778,9576,0.45,591,86.4,No,360106,Business,Business,6,15.26,High,Government Bank,0.36,Online,Uttar Pradesh,Burhanpur,Urban,19,Processing,Approved,,7665.38,0.2,Low,0.79
276,62,Female,Graduate,Salaried,14,320754,4372,0.33,471,76.17,No,259738,Education,Education,6,6.94,High,Government Bank,0.44,Online,Uttar Pradesh,Dehri,Urban,14,Done,Pending,,4420.8,0.17,Low,0.81
277,25,Female,Graduate,Pensioner,13,343580,2938,0.36,735,36.13,No,778601,Agriculture,Agriculture,15,7.94,Medium,Government Bank,0.53,Online,Gujarat,North Dumdum,Urban,10,Done,Approved,,7413.77,0.26,Low,2.27
278,53,Female,Graduate,Salaried,10,812854,18324,0.33,550,30.28,No,239700,Vehicle,Vehicle,7,11.61,High,Private Bank,1.31,Online,West Bengal,Korba,Urban,5,Done,Pending,,4181.53,0.06,Low,0.29
279,34,Male,Graduate,Salaried,7,396985,16650,0.61,644,86.64,No,337056,Business,Business,20,11.03,High,Government Bank,0.39,Online,Bihar,Medininagar,Urban,18,Processing,Approved,,3485.94,0.11,Low,0.85
280,54,Male,Non-Graduate,Salaried,16,418066,1137,0.12,618,74.95,No,333542,Agriculture,Agriculture,12,5.16,High,Finance Company,2.28,Offline,Rajasthan,Hajipur,Rural,3,Done,Approved,,3111.74,0.09,Low,0.8
281,38,Female,Graduate,Salaried,6,427029,13512,0.42,552,70.7,No,128313,Agriculture,Agriculture,13,8.45,High,Private Bank,1.39,Online,Bihar,Karimnagar,Urban,6,Done,Rejected,Insufficient Employment Length,1358,0.04,Low,0.3
282,39,Male,Non-Graduate,Salaried,18,431418,14091,0.58,754,80.87,No,580309,Education,Education,9,5.52,Low,Finance Company,2.11,Offline,West Bengal,Chennai,Rural,1,Done,Rejected,Insufficient Employment Length,6830.1,0.19,Low,1.35
283,36,Male,Graduate,Pensioner,11,323657,14460,0.72,678,25.95,No,615546,Agriculture,Agriculture,18,6.82,Medium,Finance Company,2.29,Online,Karnataka,Raipur,Urban,5,Processing,Approved,,4955.28,0.18,Low,1.9
284,48,Male,Graduate,Salaried,18,363427,9236,1.83,787,83.89,No,1965014,Education,Education,4,6.2,Low,Private Bank,1.47,Offline,Uttar Pradesh,Bokaro,Rural,3,Done,Pending,,46328.81,1.53,High,5.41
285,30,Female,Non-Graduate,Self-employed,11,1065745,16522,0.39,850,27.33,No,1621945,Home,Home,19,12.04,Low,Finance Company,2.11,Offline,West Bengal,Mehsana,Rural,3,Processing,Approved,,18135.56,0.2,Low,1.52
286,34,Male,Graduate,Salaried,22,435168,8063,0.3,475,23.88,No,244232,Business,Business,14,11.84,High,Government Bank,0.34,Online,Uttar Pradesh,Surat,Urban,19,Done,Pending,,2982.93,0.08,Low,0.56
287,57,Male,Graduate,Salaried,13,899223,4195,0.12,657,77.76,No,240010,Appliances,Appliances,6,12.68,Medium,Private Bank,1.46,Online,Uttar Pradesh,Bally,Urban,4,Processing,Rejected,Low CIBIL Score,4777.55,0.06,Low,0.27
288,62,Male,Non-Graduate,Salaried,20,334870,17424,1.03,799,30.38,No,915344,Vehicle,Vehicle,19,13.75,Low,Private Bank,1.24,Offline,Uttar Pradesh,Giridih,Rural,3,Done,Pending,,11331.97,0.41,Medium,2.73
289,27,Female,Graduate,Salaried,12,890509,1515,0.09,788,76.39,No,358064,Education,Education,8,8.45,Low,Private Bank,0.86,Online,West Bengal,Mirzapur,Urban,5,Done,Approved,,5144.11,0.07,Low,0.4
290,45,Male,Graduate,Salaried,20,536379,9829,0.31,509,22.43,No,390522,Home,Home,13,8.6,High,Finance Company,2.49,Offline,Tamil Nadu,Jamnagar,Rural,2,Processing,Approved,,4166.28,0.09,Low,0.73
291,47,Male,Non-Graduate,Salaried,25,730436,14933,0.31,841,74.49,No,405867,Agriculture,Agriculture,16,7.69,Low,Private Bank,0.91,Offline,Karnataka,Alwar,Rural,3,Processing,Rejected,High Existing EMI,3680.52,0.06,Low,0.56
292,54,Male,Graduate,Salaried,22,472099,14459,0.48,619,12.4,No,280696,Appliances,Appliances,8,10.75,High,Private Bank,1.06,Offline,Tamil Nadu,Indore,Rural,4,Done,Approved,,4371.53,0.11,Low,0.59
293,27,Female,Graduate,Self-employed,27,1511060,4155,0.15,704,73.67,No,700244,Business,Business,6,15.6,Medium,Finance Company,1.57,Online,Rajasthan,Karawal Nagar,Urban,2,Done,Approved,,15035.79,0.12,Low,0.46
294,58,Male,Graduate,Salaried,11,548064,1241,0.39,849,81.17,No,615384,Appliances,Appliances,4,13,Low,Government Bank,0.41,Online,West Bengal,Satna,Urban,16,Processing,Approved,,16509.21,0.36,Medium,1.12
295,46,Male,Non-Graduate,Salaried,29,658345,6064,0.25,784,54.23,No,672812,Personal,Personal,20,12.89,Low,Private Bank,1.47,Offline,Delhi,Mira-Bhayandar,Rural,8,Processing,Approved,,7829.84,0.14,Low,1.02
296,50,Female,Graduate,Salaried,15,316417,2618,0.72,767,46.58,No,1396207,Personal,Personal,18,12.48,Low,Government Bank,0.46,Online,Delhi,Bhilwara,Urban,19,Processing,Approved,,16260.67,0.62,High,4.41
297,53,Male,Non-Graduate,Self-employed,29,1211962,17965,0.2,578,20.57,No,193657,Home,Home,20,12.82,High,Finance Company,2.29,Offline,Maharashtra,Sambhal,Rural,5,Done,Approved,,2244.05,0.02,Low,0.16
298,41,Male,Graduate,Salaried,12,438838,11230,0.64,813,45.47,No,769447,Business,Business,9,13.4,Low,Finance Company,1.92,Online,Rajasthan,Dharmavaram,Urban,5,Done,Approved,,12299.11,0.34,Medium,1.75
299,49,Male,Graduate,Salaried,17,355634,9340,1.82,840,59.14,No,922452,Appliances,Appliances,2,14.94,Low,Private Bank,0.83,Online,Karnataka,Sonipat,Urban,4,Done,Approved,,44700.31,1.51,High,2.59
300,57,Female,Graduate,Salaried,24,703221,18093,0.64,766,29.34,No,1667777,Home,Home,11,8.27,Low,Finance Company,1.76,Offline,Bihar,Amaravati,Rural,4,Done,Approved,,19281.71,0.33,Medium,2.37
301,39,Male,Graduate,Salaried,29,868781,19424,0.35,669,62.84,No,407492,Personal,Personal,11,12.04,Medium,Government Bank,0.27,Offline,Karnataka,Loni,Rural,13,Done,Approved,,5583.28,0.08,Low,0.47
302,25,Female,Graduate,Salaried,19,713412,14711,0.43,749,19.67,No,638322,Education,Education,6,6.15,Medium,Finance Company,2.46,Online,Maharashtra,New Delhi,Urban,1,Done,Approved,,10624.1,0.18,Low,0.89
303,41,Male,Graduate,Self-employed,12,1119840,77,0.03,529,87.04,No,234805,Appliances,Appliances,20,13.92,High,Finance Company,1.65,Online,Tamil Nadu,Jhansi,Urban,1,Processing,Approved,,2906.22,0.03,Low,0.21
304,33,Male,Graduate,Salaried,24,533657,12201,0.46,706,87.23,No,549928,Vehicle,Vehicle,12,15.62,Medium,Private Bank,0.84,Online,West Bengal,Gudivada,Urban,6,Processing,Pending,,8474.43,0.19,Low,1.03
305,53,Male,Graduate,Self-employed,20,1732742,19383,0.17,564,85.2,No,393483,Business,Business,20,17.2,High,Private Bank,1.41,Online,West Bengal,Jammu,Urban,5,Done,Approved,,5831.53,0.04,Low,0.23
306,50,Male,Graduate,Self-employed,11,1611475,8020,0.12,581,16.59,No,343260,Business,Business,5,13.31,High,Finance Company,2.39,Online,Delhi,Guna,Urban,1,Done,Approved,,7864.8,0.06,Low,0.21
307,59,Female,Graduate,Salaried,19,343993,13216,0.65,744,35.08,No,502667,Vehicle,Vehicle,18,11.31,Medium,Private Bank,1.23,Offline,Maharashtra,Ongole,Rural,4,Processing,Approved,,5457.02,0.19,Low,1.46
308,33,Female,Non-Graduate,Salaried,5,490972,7163,0.49,691,82.18,No,569205,Appliances,Appliances,6,17.63,Medium,Finance Company,1.52,Offline,Maharashtra,Pune,Rural,2,Processing,Approved,,12863.53,0.31,Medium,1.16
309,32,Female,Non-Graduate,Salaried,28,803144,19459,0.4,724,29.24,No,541977,Business,Business,13,13.92,Medium,Government Bank,0.68,Offline,Rajasthan,Shahjahanpur,Rural,16,Processing,Approved,,7533.17,0.11,Low,0.67
310,59,Male,Graduate,Salaried,7,340461,3607,0.36,451,68.31,No,188741,Vehicle,Vehicle,3,15.36,High,Finance Company,2.81,Online,West Bengal,Kumbakonam,Urban,3,Done,Approved,,6576.09,0.23,Low,0.55
311,28,Male,Graduate,Salaried,26,615226,11323,0.25,543,29.22,No,141264,Education,Education,12,6.59,High,Finance Company,2.63,Online,Delhi,Ujjain,Urban,5,Done,Rejected,High Existing EMI,1422.04,0.03,Low,0.23
312,58,Male,Graduate,Salaried,11,513189,14708,0.41,639,47.6,No,339476,Agriculture,Agriculture,14,5.6,High,Government Bank,0.58,Online,Maharashtra,Jodhpur,Urban,17,Processing,Approved,,2919.74,0.07,Low,0.66
313,42,Female,Graduate,Salaried,23,467895,18487,0.81,785,60.31,No,1123666,Home,Home,19,12.87,Low,Private Bank,0.9,Online,Uttar Pradesh,Gudivada,Urban,3,Done,Approved,,13211.79,0.34,Medium,2.4
314,62,Female,Graduate,Salaried,5,830211,19379,0.49,762,81.01,No,1244526,Home,Home,15,11.67,Low,Private Bank,0.91,Online,Tamil Nadu,Alappuzha,Urban,7,Done,Approved,,14673.21,0.21,Low,1.5
315,59,Female,Graduate,Salaried,27,601144,18988,0.41,556,55.17,No,132935,Agriculture,Agriculture,11,6.12,High,Government Bank,0.3,Online,Bihar,Siwan,Urban,14,Processing,Approved,,1386.29,0.03,Low,0.22
316,36,Male,Graduate,Salaried,22,512369,13886,0.88,742,70.6,No,900377,Home,Home,4,11.51,Medium,Finance Company,2.27,Online,Gujarat,Phagwara,Urban,5,Processing,Approved,,23494.34,0.55,High,1.76
317,32,Male,Graduate,Pensioner,25,221843,7927,0.64,548,51.54,No,198134,Appliances,Appliances,7,15.87,High,Finance Company,1.82,Online,Karnataka,Salem,Urban,5,Done,Approved,,3920.69,0.21,Low,0.89
318,59,Male,Non-Graduate,Salaried,14,751423,6240,0.22,791,68.96,No,727723,Personal,Personal,16,9.37,Low,Private Bank,1.37,Offline,Tamil Nadu,Secunderabad,Rural,7,Processing,Approved,,7328.34,0.12,Low,0.97
319,40,Female,Graduate,Salaried,5,389592,15771,0.84,706,28.84,No,583997,Vehicle,Vehicle,7,15.21,Medium,Finance Company,2.8,Online,West Bengal,Siwan,Urban,3,Processing,Approved,,11338.16,0.35,Medium,1.5
320,50,Male,Non-Graduate,Salaried,13,855533,5186,0.26,834,52.03,No,831211,Business,Business,11,15.98,Low,Government Bank,0.64,Offline,Tamil Nadu,Coimbatore,Rural,11,Processing,Approved,,13407.75,0.19,Low,0.97
321,27,Male,Graduate,Salaried,20,472642,9660,0.42,640,55.76,No,368689,Personal,Personal,6,10.2,High,Private Bank,0.89,Online,Maharashtra,Uluberia,Urban,6,Processing,Approved,,6867.52,0.17,Low,0.78
322,50,Male,Graduate,Salaried,22,700240,8277,0.79,827,68.66,No,1190733,Agriculture,Agriculture,3,8.86,Low,Finance Company,2.12,Online,Tamil Nadu,Kharagpur,Urban,2,Processing,Approved,,37787.45,0.65,High,1.7
323,46,Female,Non-Graduate,Salaried,27,521733,17666,0.49,503,48.3,No,368018,Personal,Personal,20,9.51,High,Government Bank,0.62,Offline,Uttar Pradesh,Hospet,Rural,14,Processing,Rejected,Previous Loan Default,3432.81,0.08,Low,0.71
324,54,Female,Graduate,Salaried,29,466305,2859,0.38,814,76.49,No,538928,Personal,Personal,5,11.82,Low,Finance Company,1.68,Online,Rajasthan,Ambarnath,Urban,4,Done,Approved,,11939.19,0.31,Medium,1.16
325,46,Male,Non-Graduate,Salaried,16,555196,11936,0.3,643,80.67,No,125898,Vehicle,Vehicle,11,16.23,High,Private Bank,0.94,Offline,Uttar Pradesh,Rourkela,Rural,6,Done,Approved,,2050.95,0.04,Low,0.23
326,39,Male,Graduate,Self-employed,26,1379748,6330,0.1,576,29.5,No,394178,Home,Home,9,10.4,High,Private Bank,1.04,Offline,West Bengal,Chinsurah,Rural,6,Done,Approved,,5635.25,0.05,Low,0.29
327,58,Female,Graduate,Self-employed,11,1660068,19939,0.15,515,25.22,No,54297,Education,Education,18,6.54,High,Finance Company,2.23,Online,Tamil Nadu,Faridabad,Urban,2,Done,Approved,,428.33,0,Low,0.03
328,46,Female,Graduate,Salaried,13,303422,245,0.18,701,42.3,No,319174,Home,Home,10,10.14,Medium,Private Bank,1.23,Online,Rajasthan,Jamalpur,Urban,3,Done,Approved,,4242.69,0.17,Low,1.05
329,37,Female,Graduate,Salaried,6,720787,10376,0.19,557,48.52,No,63959,Home,Home,14,10.74,High,Government Bank,0.58,Online,Karnataka,Aligarh,Urban,10,Processing,Pending,,737.5,0.01,Low,0.09
330,54,Female,Non-Graduate,Self-employed,26,736138,3212,0.14,563,47.39,No,250428,Vehicle,Vehicle,6,14.08,High,Private Bank,1.42,Offline,Gujarat,Gopalpur,Rural,5,Done,Approved,,5170.99,0.08,Low,0.34
331,25,Female,Non-Graduate,Salaried,26,709847,3506,0.33,742,35.6,No,555515,Vehicle,Vehicle,4,16.41,Medium,Private Bank,1.18,Offline,Tamil Nadu,Udupi,Rural,8,Done,Approved,,15860.34,0.27,Low,0.78
332,36,Female,Graduate,Salaried,19,635488,4342,0.3,640,79.99,No,354180,Home,Home,3,10.68,High,Private Bank,0.73,Online,Maharashtra,Kishanganj,Urban,4,Processing,Approved,,11541.8,0.22,Low,0.56
333,45,Male,Graduate,Self-employed,21,930122,8702,0.18,700,49.57,No,199248,Appliances,Appliances,4,12.89,Medium,Finance Company,2.95,Online,West Bengal,Hapur,Urban,3,Processing,Approved,,5334.45,0.07,Low,0.21
334,32,Female,Graduate,Salaried,6,564257,14805,1.14,826,54.57,No,1757764,Home,Home,5,11.7,Low,Government Bank,0.69,Online,Bihar,Sultan Pur Majra,Urban,12,Done,Approved,,38834.54,0.83,High,3.12
335,28,Male,Graduate,Salaried,13,728269,12664,0.34,626,17.91,No,178196,Education,Education,2,7.87,High,Private Bank,1.05,Online,Bihar,Haridwar,Urban,6,Processing,Rejected,Low CIBIL Score,8048.76,0.13,Low,0.24
336,26,Female,Graduate,Salaried,17,468102,19991,0.63,516,81.67,No,269868,Appliances,Appliances,10,16.35,High,Private Bank,1.49,Online,West Bengal,Erode,Urban,3,Done,Rejected,High Existing EMI,4579.68,0.12,Low,0.58
337,43,Female,Graduate,Self-employed,16,847929,11365,0.2,628,18.9,No,220018,Vehicle,Vehicle,10,11.64,High,Government Bank,0.44,Online,Uttar Pradesh,Raebareli,Urban,20,Processing,Pending,,3111,0.04,Low,0.26
338,42,Female,Graduate,Self-employed,25,745820,6166,0.13,507,68.26,No,108723,Personal,Personal,7,11.7,High,Government Bank,0.66,Online,Delhi,Gaya,Urban,18,Done,Approved,,1901.86,0.03,Low,0.15
339,48,Female,Graduate,Self-employed,12,1293747,16083,0.37,751,73.61,No,1718428,Home,Home,11,11.9,Low,Finance Company,2.82,Offline,Delhi,Kishanganj,Rural,3,Processing,Pending,,23402.84,0.22,Low,1.33
340,58,Male,Graduate,Salaried,30,736944,14608,0.6,712,86.52,No,958928,Education,Education,4,5.55,Medium,Finance Company,1.61,Online,Gujarat,Jorhat,Urban,1,Done,Rejected,Previous Loan Default,22323.14,0.36,Medium,1.3
341,33,Male,Graduate,Pensioner,23,206983,30,0.1,531,62.12,Yes,111552,Business,Business,18,18,High,Finance Company,2.88,Offline,Bihar,Gulbarga,Rural,4,Processing,Approved,,1743.21,0.1,Low,0.54
342,35,Male,Graduate,Salaried,9,509069,7773,0.25,597,29.04,No,388489,Education,Education,19,5.02,High,Government Bank,0.7,Online,Bihar,Gandhinagar,Urban,11,Processing,Approved,,2647.05,0.06,Low,0.76
343,29,Male,Graduate,Pensioner,17,358697,7588,0.49,463,45.47,Yes,381539,Business,Business,7,12.87,High,Government Bank,0.6,Online,Bihar,Asansol,Urban,17,Processing,Approved,,6914.01,0.23,Low,1.06
344,37,Male,Non-Graduate,Self-employed,10,1565384,19852,0.26,839,13.2,No,1494044,Personal,Personal,16,8.34,Low,Finance Company,2.91,Offline,Uttar Pradesh,Nangloi Jat,Rural,5,Processing,Approved,,14118.41,0.11,Low,0.95
345,44,Male,Graduate,Salaried,26,313232,4981,1.08,829,49.27,No,1976539,Personal,Personal,17,12.38,Low,Private Bank,0.77,Online,Maharashtra,Hapur,Urban,4,Done,Approved,,23256.91,0.89,High,6.31
346,50,Male,Graduate,Self-employed,17,1546291,14986,0.14,712,71.13,No,273158,Personal,Personal,19,10.19,Medium,Private Bank,0.88,Online,Rajasthan,Unnao,Urban,5,Processing,Approved,,2714.37,0.02,Low,0.18
347,26,Female,Graduate,Pensioner,20,309145,6382,0.39,648,81.25,No,274809,Home,Home,13,12.74,High,Government Bank,0.29,Offline,Tamil Nadu,Muzaffarnagar,Rural,19,Processing,Rejected,Low Income,3613.23,0.14,Low,0.89
348,25,Male,Graduate,Salaried,15,732577,9919,0.24,727,78.83,Yes,316890,Business,Business,11,14.58,Medium,Private Bank,1.26,Online,West Bengal,Bikaner,Urban,3,Processing,Approved,,4831.39,0.08,Low,0.43
349,45,Male,Non-Graduate,Salaried,19,626703,17097,0.43,470,30.07,No,105949,Business,Business,2,14.64,High,Private Bank,1.43,Offline,Rajasthan,Firozabad,Rural,4,Done,Approved,,5119.01,0.1,Low,0.17
350,60,Female,Graduate,Self-employed,21,937453,14234,0.3,756,38.16,No,1001257,Education,Education,20,8.77,Low,Government Bank,0.47,Offline,Gujarat,Anand,Rural,13,Processing,Approved,,8861,0.11,Low,1.07
351,62,Male,Graduate,Salaried,23,702140,16753,0.35,582,43.56,No,362538,Home,Home,19,10.13,High,Finance Company,2.95,Online,Delhi,Jamshedpur,Urban,5,Done,Rejected,Insufficient Employment Length,3588.27,0.06,Low,0.52
352,25,Female,Graduate,Salaried,27,305024,16631,0.75,570,85.88,No,112197,Home,Home,5,10.14,High,Finance Company,2.6,Offline,Maharashtra,Bidar,Rural,3,Processing,Approved,,2391.59,0.09,Low,0.37
353,48,Female,Graduate,Salaried,28,809947,13764,0.89,776,46.71,No,1436121,Home,Home,3,10.18,Low,Government Bank,0.35,Offline,West Bengal,Bettiah,Rural,14,Processing,Approved,,46461.05,0.69,High,1.77
354,42,Male,Graduate,Salaried,23,704471,9936,0.18,473,67.1,No,78745,Home,Home,13,9.49,High,Finance Company,2.38,Online,Uttar Pradesh,Bhilai,Urban,2,Processing,Approved,,880.36,0.01,Low,0.11
355,54,Male,Non-Graduate,Self-employed,20,1568749,18488,0.18,625,40.91,No,397293,Home,Home,9,9.61,High,Government Bank,0.44,Offline,West Bengal,Sirsa,Rural,18,Processing,Approved,,5509.8,0.04,Low,0.25
356,34,Male,Non-Graduate,Salaried,29,851496,6853,0.14,722,15.43,No,292225,Education,Education,11,6.4,Medium,Private Bank,1.34,Offline,Bihar,Rampur,Rural,3,Processing,Pending,,3089.44,0.04,Low,0.34
357,52,Male,Graduate,Salaried,27,890936,4789,0.21,743,26.41,Yes,988774,Personal,Personal,19,11.49,Medium,Private Bank,1.4,Online,Gujarat,Malda,Urban,7,Done,Approved,,10684.09,0.14,Low,1.11
358,62,Female,Graduate,Self-employed,28,1787623,1544,0.02,605,53.5,No,194243,Home,Home,15,9.16,High,Finance Company,2.16,Online,West Bengal,Gandhinagar,Urban,4,Done,Approved,,1988.67,0.01,Low,0.11
359,28,Female,Graduate,Self-employed,17,1017981,19562,0.26,842,54.01,No,219636,Home,Home,17,10.88,Low,Private Bank,1,Online,West Bengal,Anand,Urban,3,Done,Approved,,2366.78,0.03,Low,0.22
360,35,Male,Non-Graduate,Salaried,23,690798,4855,0.36,795,85.24,No,1504272,Vehicle,Vehicle,17,10.47,Low,Private Bank,1.2,Offline,Gujarat,Gandhinagar,Rural,3,Done,Pending,,15812.26,0.27,Low,2.18
361,55,Female,Graduate,Salaried,5,482628,10517,0.47,515,39.87,No,278759,Agriculture,Agriculture,3,6.04,High,Finance Company,2.37,Online,Tamil Nadu,Kharagpur,Urban,2,Done,Approved,,8485.44,0.21,Low,0.58
362,37,Female,Non-Graduate,Salaried,24,639473,4967,0.21,763,24.44,Yes,236376,Appliances,Appliances,4,11.48,Low,Finance Company,1.96,Offline,Karnataka,Raebareli,Rural,3,Processing,Approved,,6164.51,0.12,Low,0.37
363,49,Female,Graduate,Salaried,9,880197,9438,0.23,472,75.07,No,323090,Agriculture,Agriculture,4,6.12,High,Finance Company,2.65,Online,Rajasthan,Tiruppur,Urban,4,Processing,Approved,,7605.57,0.1,Low,0.37
364,43,Male,Non-Graduate,Salaried,12,725777,15125,0.26,565,83.78,No,58662,Personal,Personal,15,11.08,High,Private Bank,1.08,Offline,Tamil Nadu,Pallavaram,Rural,4,Processing,Approved,,669.7,0.01,Low,0.08
365,44,Female,Graduate,Self-employed,29,1578297,13798,0.22,843,56.24,No,1288792,Appliances,Appliances,14,10.61,Low,Finance Company,1.63,Online,Rajasthan,Chennai,Urban,1,Processing,Approved,,14758.44,0.11,Low,0.82
366,37,Male,Graduate,Salaried,20,494914,523,0.04,579,65.94,No,88722,Education,Education,7,5.26,High,Private Bank,1.07,Online,Rajasthan,Pune,Urban,3,Processing,Approved,,1264.86,0.03,Low,0.18
367,25,Male,Graduate,Salaried,18,619819,18618,0.45,554,33.8,No,340225,Appliances,Appliances,20,15.56,High,Finance Company,1.94,Online,Rajasthan,Bhatpara,Urban,1,Processing,Pending,,4621.45,0.09,Low,0.55
368,40,Male,Non-Graduate,Salaried,6,359012,12398,0.6,736,27.12,No,499924,Education,Education,10,5.5,Medium,Private Bank,1.3,Offline,Bihar,Yamunanagar,Rural,6,Processing,Approved,,5425.49,0.18,Low,1.39
369,55,Female,Graduate,Salaried,20,557014,3307,0.33,701,74.06,No,697547,Vehicle,Vehicle,9,15.1,Medium,Government Bank,0.58,Online,Maharashtra,Ghaziabad,Urban,14,Done,Approved,,11847.12,0.26,Low,1.25
370,35,Male,Graduate,Salaried,30,638919,2766,0.14,479,23.69,No,374167,Personal,Personal,12,11.51,High,Finance Company,2.44,Online,Maharashtra,Rajpur Sonarpur,Urban,5,Done,Approved,,4803.99,0.09,Low,0.59
371,44,Male,Graduate,Self-employed,27,907481,2074,0.1,754,21.35,No,366178,Vehicle,Vehicle,18,17.81,Low,Government Bank,0.49,Online,Karnataka,Bhilai,Urban,19,Processing,Approved,,5669.95,0.07,Low,0.4
372,35,Male,Graduate,Salaried,8,703086,12633,0.26,544,77.78,No,231641,Vehicle,Vehicle,14,10.78,High,Private Bank,1.26,Online,Delhi,Patna,Urban,6,Processing,Approved,,2676.69,0.05,Low,0.33
373,35,Male,Graduate,Salaried,8,459360,17283,1.01,797,49.99,No,1261531,Agriculture,Agriculture,6,6.94,Low,Private Bank,1.35,Online,Bihar,Anand,Urban,4,Done,Rejected,Low CIBIL Score,21471.52,0.56,High,2.75
374,27,Female,Graduate,Self-employed,20,636078,1575,0.43,767,55.38,No,1491389,Vehicle,Vehicle,20,16.62,Low,Finance Company,1.59,Offline,Maharashtra,Suryapet,Rural,1,Done,Pending,,21445.78,0.4,Medium,2.34
375,31,Male,Graduate,Salaried,22,702244,18911,0.61,454,70.24,No,376563,Agriculture,Agriculture,2,6.18,High,Government Bank,0.61,Offline,Uttar Pradesh,Satara,Rural,10,Done,Rejected,High Loan Amount Request,16720.06,0.29,Low,0.54
376,29,Male,Graduate,Self-employed,19,610914,10614,0.47,732,45.95,No,817730,Personal,Personal,8,12.3,Medium,Private Bank,1.06,Online,Delhi,Sirsa,Urban,7,Done,Pending,,13425.59,0.26,Low,1.34
377,33,Male,Graduate,Self-employed,10,1491228,5236,0.11,840,89.62,No,794652,Home,Home,13,9.15,Low,Private Bank,1.11,Online,Bihar,Mango,Urban,4,Processing,Approved,,8727.72,0.07,Low,0.53
378,55,Female,Graduate,Self-employed,8,784786,1238,0.03,623,25.85,No,101946,Personal,Personal,17,8.21,High,Finance Company,2.51,Offline,Uttar Pradesh,Mango,Rural,1,Processing,Approved,,928.54,0.01,Low,0.13
379,36,Female,Graduate,Salaried,19,629461,18693,0.43,498,42.15,No,340577,Appliances,Appliances,16,10.91,High,Government Bank,0.59,Offline,Maharashtra,Ongole,Rural,15,Processing,Approved,,3757.43,0.07,Low,0.54
380,31,Female,Graduate,Salaried,26,641610,5194,0.19,602,89.02,No,359410,Home,Home,9,10.49,High,Finance Company,2.68,Online,Delhi,Bharatpur,Urban,3,Done,Approved,,5155.88,0.1,Low,0.56
381,27,Male,Graduate,Self-employed,6,1421806,17490,0.16,650,47.85,No,97724,Agriculture,Agriculture,9,5.34,High,Government Bank,0.27,Online,Gujarat,Hyderabad,Urban,13,Processing,Approved,,1141.61,0.01,Low,0.07
382,30,Male,Graduate,Salaried,21,433064,3898,1.46,848,15.79,No,1462331,Personal,Personal,3,12.37,Low,Private Bank,1.11,Online,Bihar,Hosur,Urban,6,Processing,Approved,,48829.14,1.35,High,3.38
383,40,Female,Graduate,Salaried,17,718917,13676,0.49,711,49.59,Yes,895925,Business,Business,9,16.14,Medium,Government Bank,0.6,Online,Maharashtra,Bikaner,Urban,17,Processing,Approved,,15777.4,0.26,Low,1.25
384,42,Male,Graduate,Salaried,6,461821,4814,0.25,471,18.62,No,367385,Vehicle,Vehicle,17,14.52,High,Private Bank,0.9,Offline,Uttar Pradesh,Cuttack,Rural,3,Processing,Approved,,4863.55,0.13,Low,0.8
385,31,Male,Non-Graduate,Salaried,11,644091,9133,0.25,650,44.42,Yes,269790,Personal,Personal,9,12.45,High,Government Bank,0.68,Offline,Uttar Pradesh,Yamunanagar,Rural,10,Done,Approved,,4165.31,0.08,Low,0.42
386,32,Female,Non-Graduate,Salaried,9,741307,6859,0.17,477,64.82,No,263740,Appliances,Appliances,12,12.71,High,Finance Company,2.23,Offline,Maharashtra,Howrah,Rural,3,Done,Approved,,3578.27,0.06,Low,0.36
387,43,Female,Graduate,Salaried,6,747343,501,0.04,465,82.9,No,210501,Personal,Personal,19,10.93,High,Private Bank,1,Online,Maharashtra,Raiganj,Urban,6,Processing,Approved,,2195.05,0.04,Low,0.28
388,62,Male,Graduate,Salaried,13,637791,15769,0.37,463,51.96,No,375671,Personal,Personal,15,9.67,High,Finance Company,1.78,Online,Maharashtra,Purnia,Urban,2,Done,Rejected,High Existing EMI,3961.48,0.07,Low,0.59
389,51,Male,Graduate,Salaried,29,861192,15077,0.28,734,19.92,Yes,488468,Personal,Personal,15,8.34,Medium,Finance Company,2.97,Online,Bihar,Bangalore,Urban,1,Processing,Approved,,4764.44,0.07,Low,0.57
390,29,Male,Graduate,Self-employed,8,637492,12222,0.27,509,52.53,No,88390,Vehicle,Vehicle,6,17.81,High,Government Bank,0.51,Online,Gujarat,Sirsa,Urban,12,Processing,Approved,,2006.5,0.04,Low,0.14
391,50,Female,Graduate,Salaried,22,648692,12642,0.24,612,43.41,No,62823,Agriculture,Agriculture,15,6.63,High,Government Bank,0.64,Online,Rajasthan,Bhilai,Urban,14,Processing,Approved,,551.76,0.01,Low,0.1
392,52,Female,Graduate,Salaried,9,537984,114,0.17,462,80.93,No,359943,Education,Education,5,8.03,High,Government Bank,0.39,Offline,Gujarat,Aurangabad,Rural,17,Processing,Approved,,7303.52,0.16,Low,0.67
393,33,Female,Graduate,Salaried,24,892831,433,0.11,666,17.59,No,920733,Education,Education,15,5.47,Medium,Finance Company,2.22,Online,West Bengal,Mathura,Urban,3,Processing,Approved,,7508.51,0.1,Low,1.03
394,46,Female,Graduate,Salaried,7,444317,19093,0.94,732,14.53,Yes,999167,Appliances,Appliances,11,15.54,Medium,Private Bank,1,Online,Delhi,Ranchi,Urban,8,Done,Approved,,15836.91,0.43,Medium,2.25
395,61,Female,Graduate,Salaried,21,848474,561,0.04,478,16.53,No,288805,Education,Education,15,7.1,High,Government Bank,0.54,Online,Bihar,Agra,Urban,19,Processing,Approved,,2612.03,0.04,Low,0.34
396,61,Female,Graduate,Salaried,28,301776,9618,0.76,696,32.55,Yes,835604,Personal,Personal,13,9.9,Medium,Government Bank,0.41,Online,Maharashtra,Phagwara,Urban,15,Processing,Approved,,9542.28,0.38,Medium,2.77
397,54,Male,Non-Graduate,Salaried,14,574231,17999,0.42,724,46.99,No,246340,Agriculture,Agriculture,14,5.56,Medium,Private Bank,1.32,Offline,Bihar,Sultan Pur Majra,Rural,6,Done,Approved,,2113.53,0.04,Low,0.43
398,46,Female,Graduate,Salaried,5,422244,19912,0.66,746,12.84,No,240364,Vehicle,Vehicle,14,15.35,Medium,Private Bank,1.02,Online,Tamil Nadu,Shivpuri,Urban,5,Done,Pending,,3486.8,0.1,Low,0.57
399,34,Male,Non-Graduate,Salaried,23,374286,11509,0.59,763,76.22,No,417179,Business,Business,12,16.97,Low,Finance Company,2.36,Offline,Tamil Nadu,Jabalpur,Rural,3,Processing,Rejected,Low Income,6799.7,0.22,Low,1.11
400,52,Female,Non-Graduate,Salaried,23,569845,8956,0.4,713,34.26,No,614416,Appliances,Appliances,8,11.72,Medium,Finance Company,2.05,Offline,Tamil Nadu,Singrauli,Rural,3,Processing,Rejected,Low CIBIL Score,9891.72,0.21,Low,1.08
401,34,Male,Graduate,Self-employed,23,699107,17560,0.35,843,40.78,No,250114,Agriculture,Agriculture,11,8.5,Low,Private Bank,0.92,Online,Bihar,Raiganj,Urban,3,Processing,Approved,,2922.93,0.05,Low,0.36
402,48,Male,Graduate,Salaried,28,871362,5609,0.16,681,86.2,No,398601,Home,Home,9,12.93,Medium,Government Bank,0.62,Online,Karnataka,Satna,Urban,10,Done,Approved,,6263.37,0.09,Low,0.46
403,29,Female,Graduate,Salaried,21,681024,7091,0.16,652,70.44,Yes,188992,Personal,Personal,15,10.41,Medium,Private Bank,1.08,Online,Gujarat,Vijayawada,Urban,5,Done,Pending,,2078.58,0.04,Low,0.28
404,56,Female,Graduate,Salaried,14,698191,11181,0.49,823,19.08,No,1562755,Personal,Personal,20,11.92,Low,Finance Company,2.06,Online,Delhi,Akola,Urban,4,Done,Rejected,Insufficient Employment Length,17120.2,0.29,Low,2.24
405,31,Female,Graduate,Salaried,22,440700,19224,0.64,608,30.71,No,310432,Vehicle,Vehicle,14,13.98,High,Government Bank,0.52,Online,Karnataka,Burhanpur,Urban,17,Done,Approved,,4219.3,0.11,Low,0.7
406,30,Male,Graduate,Self-employed,26,1154534,6033,0.1,519,18.77,No,270399,Personal,Personal,11,8.88,High,Finance Company,2.01,Offline,Tamil Nadu,Rourkela,Rural,2,Done,Approved,,3216.3,0.03,Low,0.23
407,54,Male,Non-Graduate,Self-employed,25,844412,19735,0.31,521,28.08,No,223278,Vehicle,Vehicle,20,10.34,High,Private Bank,1.25,Offline,Delhi,Kakinada,Rural,4,Done,Approved,,2205.22,0.03,Low,0.26
408,34,Female,Graduate,Salaried,27,814691,4677,0.19,735,19.26,No,796014,Education,Education,12,6.29,Medium,Government Bank,0.41,Online,Bihar,Hazaribagh,Urban,10,Done,Approved,,7887.89,0.12,Low,0.98
409,37,Female,Graduate,Salaried,17,815280,8075,0.15,473,13.4,No,205224,Education,Education,14,6.44,High,Finance Company,2.87,Offline,Delhi,New Delhi,Rural,4,Done,Approved,,1856.97,0.03,Low,0.25
410,27,Male,Graduate,Salaried,25,338242,1222,0.25,745,77.09,No,522951,Personal,Personal,18,11.4,Medium,Private Bank,1.18,Online,West Bengal,Muzaffarnagar,Urban,6,Done,Approved,,5708.6,0.2,Low,1.55
411,35,Female,Non-Graduate,Salaried,20,671915,11022,0.43,726,27.74,No,757405,Appliances,Appliances,7,11.78,Medium,Finance Company,2.72,Offline,Delhi,Jhansi,Rural,3,Done,Approved,,13281.32,0.24,Low,1.13
412,39,Male,Graduate,Salaried,17,813149,11305,0.42,833,69.97,No,1541847,Personal,Personal,15,10.45,Low,Government Bank,0.55,Offline,Karnataka,Orai,Rural,10,Processing,Approved,,16995.8,0.25,Low,1.9
413,44,Male,Graduate,Salaried,28,560604,4688,0.32,522,30.59,No,297049,Business,Business,3,14.89,High,Private Bank,1.43,Online,West Bengal,Mirzapur,Urban,3,Processing,Approved,,10281.31,0.22,Low,0.53
414,33,Female,Graduate,Self-employed,19,1264841,10789,0.14,636,85.63,No,215835,Business,Business,13,17.1,High,Government Bank,0.43,Online,Bihar,Chennai,Urban,19,Done,Approved,,3455.77,0.03,Low,0.17
415,52,Male,Graduate,Salaried,20,716349,18487,0.35,496,70.08,No,174515,Business,Business,16,16.84,High,Government Bank,0.32,Online,Rajasthan,Baranagar,Urban,12,Done,Approved,,2630.14,0.04,Low,0.24
416,42,Female,Graduate,Self-employed,17,1477038,12275,0.12,575,62.42,No,170438,Vehicle,Vehicle,11,17.1,High,Finance Company,2.09,Offline,Maharashtra,Ramagundam,Rural,5,Processing,Approved,,2872.47,0.02,Low,0.12
417,60,Male,Non-Graduate,Salaried,5,684117,8008,0.45,815,76.38,No,1078455,Personal,Personal,8,12.28,Low,Government Bank,0.34,Offline,Tamil Nadu,Bhatpara,Rural,14,Done,Approved,,17694.29,0.31,Medium,1.58
418,56,Male,Graduate,Self-employed,11,1096921,1894,0.62,813,55.91,No,1750975,Agriculture,Agriculture,3,7.81,Low,Government Bank,0.33,Online,Uttar Pradesh,Ahmednagar,Urban,15,Done,Pending,,54715.85,0.6,High,1.6
419,42,Female,Graduate,Self-employed,10,728397,10055,0.23,450,33.16,No,350346,Agriculture,Agriculture,12,7.15,High,Private Bank,1.43,Offline,Maharashtra,Hyderabad,Rural,4,Processing,Approved,,3630.97,0.06,Low,0.48
420,55,Female,Graduate,Salaried,8,752558,8927,0.4,841,83.65,No,1180796,Business,Business,12,12.57,Low,Private Bank,0.9,Offline,Karnataka,Muzaffarnagar,Rural,6,Done,Approved,,15918.84,0.25,Low,1.57
421,61,Male,Graduate,Salaried,6,574764,12450,0.32,616,81.85,No,229352,Appliances,Appliances,16,12.94,High,Government Bank,0.37,Online,Tamil Nadu,Bellary,Urban,20,Done,Approved,,2834.72,0.06,Low,0.4
422,46,Female,Graduate,Salaried,25,622204,10715,0.29,834,63.04,No,295967,Business,Business,20,16.11,Low,Finance Company,2.24,Online,Tamil Nadu,Solapur,Urban,5,Done,Approved,,4142.1,0.08,Low,0.48
423,58,Male,Non-Graduate,Self-employed,9,1191589,17763,0.22,777,65.68,No,369308,Vehicle,Vehicle,16,11.76,Low,Government Bank,0.37,Offline,West Bengal,Rajpur Sonarpur,Rural,20,Done,Approved,,4276.76,0.04,Low,0.31
424,25,Female,Graduate,Salaried,20,315425,1431,0.67,809,52.23,No,919625,Appliances,Appliances,8,14.15,Low,Government Bank,0.38,Online,Maharashtra,Hubli–Dharwad,Urban,17,Processing,Approved,,16053.87,0.61,High,2.92
425,36,Female,Graduate,Salaried,14,311580,6796,1.64,691,59.5,No,811020,Agriculture,Agriculture,2,5.25,Medium,Private Bank,0.71,Offline,Tamil Nadu,Mysore,Rural,4,Processing,Approved,,35671.45,1.37,High,2.6
426,60,Male,Graduate,Salaried,22,868015,18414,0.27,468,61.24,No,105256,Home,Home,12,10.22,High,Finance Company,1.95,Offline,Rajasthan,Ozhukarai,Rural,4,Done,Approved,,1271.31,0.02,Low,0.12
427,38,Female,Non-Graduate,Self-employed,13,1112477,16608,0.21,621,50.82,No,213307,Agriculture,Agriculture,10,8.06,High,Private Bank,0.73,Offline,Rajasthan,Thanjavur,Rural,5,Done,Approved,,2594.77,0.03,Low,0.19
428,55,Female,Graduate,Self-employed,14,1075866,9074,0.14,466,57.32,No,274251,Business,Business,10,10.45,High,Finance Company,2.81,Online,West Bengal,Vadodara,Urban,5,Done,Approved,,3692.93,0.04,Low,0.25
429,48,Male,Graduate,Self-employed,12,1520506,7014,0.1,703,61.8,No,408186,Personal,Personal,9,10.18,Medium,Government Bank,0.44,Online,Maharashtra,Panvel,Urban,13,Done,Approved,,5786.58,0.05,Low,0.27
430,58,Male,Graduate,Salaried,21,825557,16659,0.27,541,15.51,No,174957,Home,Home,15,8.52,High,Private Bank,1.47,Online,Uttar Pradesh,Bijapur,Urban,4,Done,Approved,,1724.92,0.03,Low,0.21
431,34,Female,Graduate,Self-employed,26,1412184,21,0.21,838,62.51,No,1816349,Education,Education,8,7.1,Low,Private Bank,1.18,Online,Delhi,Bettiah,Urban,8,Processing,Approved,,24854.07,0.21,Low,1.29
432,43,Female,Non-Graduate,Salaried,14,542209,12999,0.4,513,41.81,No,331758,Education,Education,7,7.83,High,Government Bank,0.46,Offline,Delhi,Bahraich,Rural,16,Done,Approved,,5142.8,0.11,Low,0.61
433,49,Male,Graduate,Salaried,23,402741,2345,0.25,743,15.36,No,446179,Personal,Personal,12,12.61,Medium,Government Bank,0.67,Online,Karnataka,Kolkata,Urban,13,Processing,Approved,,6026.09,0.18,Low,1.11
434,52,Male,Graduate,Salaried,10,611303,8243,0.2,499,71.27,No,166273,Personal,Personal,19,11.71,High,Private Bank,1.1,Online,Karnataka,Kavali,Urban,3,Done,Rejected,Low CIBIL Score,1821.55,0.04,Low,0.27
435,51,Female,Non-Graduate,Salaried,20,675259,16300,0.44,651,72.38,No,732711,Vehicle,Vehicle,20,13.12,Medium,Government Bank,0.62,Offline,Karnataka,Mysore,Rural,11,Done,Rejected,Previous Loan Default,8646.98,0.15,Low,1.09
436,36,Female,Graduate,Salaried,24,784192,17718,0.38,474,18.91,No,275175,Appliances,Appliances,4,12.84,High,Finance Company,2.57,Online,Gujarat,Ambarnath,Urban,4,Done,Approved,,7360.42,0.11,Low,0.35
437,39,Male,Non-Graduate,Salaried,27,764823,7881,0.21,537,61.16,No,206067,Vehicle,Vehicle,5,17.79,High,Government Bank,0.58,Offline,Gujarat,Nagaon,Rural,10,Processing,Approved,,5209.23,0.08,Low,0.27
438,39,Female,Graduate,Salaried,12,591842,3277,0.21,462,27.72,No,288475,Personal,Personal,4,9.48,High,Finance Company,2.19,Online,Bihar,Ludhiana,Urban,4,Processing,Rejected,High Existing EMI,7244.64,0.15,Low,0.49
439,59,Female,Graduate,Salaried,10,830414,3524,0.1,560,68.46,No,193756,Personal,Personal,6,10,High,Private Bank,1.28,Offline,Uttar Pradesh,Vasai-Virar,Rural,8,Done,Approved,,3589.49,0.05,Low,0.23
440,43,Male,Non-Graduate,Self-employed,16,1015152,7751,0.14,592,79.37,No,284348,Vehicle,Vehicle,14,14.23,High,Private Bank,1.1,Offline,Bihar,Allahabad,Rural,5,Processing,Approved,,3911.72,0.05,Low,0.28
441,34,Female,Graduate,Salaried,6,428009,18985,0.74,599,80.58,No,237253,Home,Home,3,9.31,High,Government Bank,0.34,Offline,Bihar,Bhagalpur,Rural,12,Done,Approved,,7578.86,0.21,Low,0.55
442,57,Female,Graduate,Salaried,29,377120,5006,0.51,791,55.3,No,821205,Home,Home,12,12.41,Low,Private Bank,1.14,Online,Tamil Nadu,Satara,Urban,4,Done,Approved,,10990.63,0.35,Medium,2.18
443,38,Male,Graduate,Salaried,23,586250,10621,0.32,490,83.64,No,214719,Appliances,Appliances,5,13.7,High,Finance Company,1.84,Online,Gujarat,Jabalpur,Urban,4,Done,Pending,,4962.8,0.1,Low,0.37
444,38,Female,Non-Graduate,Pensioner,20,308049,12787,0.64,587,33.72,No,215845,Business,Business,10,16.07,High,Private Bank,0.85,Offline,Karnataka,Gudivada,Rural,8,Processing,Pending,,3625.11,0.14,Low,0.7
445,31,Female,Graduate,Salaried,20,638407,11776,0.24,692,44.33,No,126967,Education,Education,18,7.61,Medium,Finance Company,1.94,Online,Gujarat,Saharanpur,Urban,4,Done,Approved,,1081.16,0.02,Low,0.2
446,25,Male,Graduate,Salaried,10,830602,15166,0.25,544,77.95,No,188494,Business,Business,14,12.21,High,Private Bank,0.93,Online,Maharashtra,Anantapur,Urban,7,Done,Pending,,2346.21,0.03,Low,0.23
447,29,Male,Graduate,Salaried,24,822751,4644,0.21,756,59.26,No,835848,Personal,Personal,12,9.15,Low,Government Bank,0.38,Online,Tamil Nadu,Pondicherry,Urban,15,Done,Approved,,9582.96,0.14,Low,1.02
448,47,Female,Graduate,Salaried,12,392082,2866,0.12,644,41.71,No,94843,Personal,Personal,18,12.62,High,Finance Company,2.46,Online,West Bengal,Dehradun,Urban,5,Processing,Approved,,1113.68,0.03,Low,0.24
449,46,Female,Graduate,Self-employed,20,711977,16930,0.47,739,82.07,No,965784,Personal,Personal,16,11.02,Medium,Finance Company,2.31,Online,Gujarat,Vijayawada,Urban,3,Processing,Pending,,10722.9,0.18,Low,1.36
450,45,Female,Graduate,Salaried,24,856074,4637,0.12,719,31.18,No,315754,Personal,Personal,13,12.1,Medium,Finance Company,1.8,Offline,Rajasthan,Narasaraopet,Rural,1,Processing,Approved,,4025.42,0.06,Low,0.37
451,38,Female,Graduate,Self-employed,19,1599920,9948,0.09,673,43.87,No,165008,Vehicle,Vehicle,18,11.18,Medium,Finance Company,1.72,Online,Rajasthan,Unnao,Urban,1,Done,Approved,,1777.09,0.01,Low,0.1
452,26,Male,Graduate,Salaried,7,549505,14920,0.56,557,51.92,No,307218,Appliances,Appliances,3,16.25,High,Finance Company,1.68,Online,Gujarat,Tiruvottiyur,Urban,5,Processing,Pending,,10838.83,0.24,Low,0.56
453,61,Male,Graduate,Salaried,8,661797,14364,0.74,788,12.34,No,1598516,Agriculture,Agriculture,6,5.91,Low,Private Bank,1.43,Offline,Tamil Nadu,Belgaum,Rural,7,Processing,Approved,,26424.17,0.48,High,2.42
454,58,Male,Graduate,Self-employed,6,716428,8356,0.59,805,10.84,No,1118983,Business,Business,5,15.12,Low,Private Bank,0.9,Online,Maharashtra,Bardhaman,Urban,4,Processing,Approved,,26691.06,0.45,Medium,1.56
455,52,Male,Graduate,Salaried,26,842067,14236,0.26,671,50.62,No,431344,Education,Education,11,5.05,Medium,Private Bank,0.85,Offline,Bihar,Parbhani,Rural,6,Done,Rejected,High Existing EMI,4265.68,0.06,Low,0.51
456,27,Male,Graduate,Salaried,17,349066,6648,0.77,497,36.09,No,336874,Business,Business,2,10.94,High,Government Bank,0.37,Online,Uttar Pradesh,Shimla,Urban,18,Processing,Rejected,Low CIBIL Score,15691.59,0.54,High,0.97
457,41,Female,Graduate,Salaried,15,785593,12022,0.21,599,27.37,No,62797,Appliances,Appliances,4,10.78,High,Private Bank,1.16,Online,Karnataka,Katihar,Urban,3,Done,Approved,,1616.32,0.02,Low,0.08
458,38,Female,Graduate,Salaried,7,806880,8798,0.21,750,68.03,No,277144,Vehicle,Vehicle,7,16.88,Medium,Finance Company,2.64,Online,Karnataka,Mysore,Urban,4,Done,Approved,,5644.46,0.08,Low,0.34
459,30,Female,Graduate,Self-employed,26,755793,1851,0.11,462,67.16,No,376832,Business,Business,19,16.31,High,Private Bank,1.14,Online,Uttar Pradesh,Bhusawal,Urban,8,Processing,Approved,,5369.02,0.09,Low,0.5
460,36,Male,Graduate,Salaried,8,640209,11494,0.34,689,36.75,No,382349,Vehicle,Vehicle,7,11.64,Medium,Government Bank,0.53,Offline,Delhi,Tiruvottiyur,Rural,20,Done,Approved,,6676.12,0.13,Low,0.6
461,51,Female,Graduate,Salaried,28,554656,7926,0.25,579,30.28,No,243240,Education,Education,8,8.82,High,Private Bank,1,Online,Karnataka,Alappuzha,Urban,8,Processing,Approved,,3540.84,0.08,Low,0.44
462,58,Female,Graduate,Salaried,27,324595,17122,0.72,546,12.46,No,77423,Vehicle,Vehicle,4,17.06,High,Government Bank,0.58,Online,Gujarat,Surendranagar Dudhrej,Urban,10,Done,Approved,,2236.45,0.08,Low,0.24
463,58,Female,Graduate,Self-employed,12,849123,2575,0.09,487,16.14,No,330180,Vehicle,Vehicle,17,10.57,High,Private Bank,1.3,Online,Maharashtra,Korba,Urban,3,Done,Approved,,3491.91,0.05,Low,0.39
464,33,Male,Graduate,Salaried,17,618840,19985,0.52,664,15.62,No,749510,Personal,Personal,16,8.23,Medium,Finance Company,2.43,Online,Tamil Nadu,Pali,Urban,3,Done,Approved,,7033.91,0.14,Low,1.21
465,41,Female,Graduate,Salaried,21,640180,12180,0.56,795,57.17,No,1046448,Vehicle,Vehicle,10,16.27,Low,Private Bank,1.09,Online,Rajasthan,Narasaraopet,Urban,4,Processing,Approved,,17705.86,0.33,Medium,1.63
466,30,Female,Graduate,Salaried,5,626082,14683,0.53,795,59.33,No,839354,Appliances,Appliances,19,17.51,Low,Government Bank,0.34,Online,Rajasthan,Jalna,Urban,10,Processing,Approved,,12715.21,0.24,Low,1.34
467,43,Male,Graduate,Salaried,20,708577,11553,0.31,750,71.76,No,465298,Home,Home,8,8.43,Medium,Government Bank,0.69,Online,Gujarat,Sultan Pur Majra,Urban,20,Done,Pending,,6679.91,0.11,Low,0.66
468,28,Female,Graduate,Salaried,17,880681,204,0.3,695,53.47,No,465503,Personal,Personal,2,12.33,Medium,Finance Company,2.44,Offline,Uttar Pradesh,Thane,Rural,4,Processing,Approved,,21984.65,0.3,Low,0.53
469,39,Male,Non-Graduate,Salaried,9,665126,10637,0.28,683,68.88,Yes,410070,Home,Home,11,9.43,Medium,Finance Company,2.16,Offline,Gujarat,Firozabad,Rural,1,Done,Approved,,5002.67,0.09,Low,0.62
470,62,Male,Graduate,Salaried,7,752089,15346,0.31,527,25.29,No,319646,Business,Business,19,14.42,High,Finance Company,2.94,Offline,Rajasthan,Bhilwara,Rural,1,Processing,Rejected,Insufficient Employment Length,4110.95,0.07,Low,0.43
471,54,Female,Graduate,Self-employed,20,632226,6830,0.2,626,41.44,No,270078,Personal,Personal,10,10.14,High,Government Bank,0.67,Offline,Delhi,Purnia,Rural,10,Processing,Rejected,High Loan Amount Request,3590.07,0.07,Low,0.43
472,31,Male,Graduate,Salaried,10,644714,19878,0.45,807,73.26,No,515514,Education,Education,19,7.76,Low,Private Bank,1.05,Online,Karnataka,Mangalore,Urban,8,Processing,Approved,,4329.45,0.08,Low,0.8
473,52,Female,Graduate,Salaried,7,809126,1642,0.69,840,51.12,No,1777492,Home,Home,4,9.88,Low,Private Bank,1.33,Online,Rajasthan,Erode,Urban,7,Processing,Pending,,44979.42,0.67,High,2.2
474,29,Female,Graduate,Salaried,26,323031,11689,0.61,655,59.31,No,486075,Home,Home,20,10.51,Medium,Private Bank,1.05,Online,Gujarat,Panihati,Urban,7,Processing,Approved,,4856.14,0.18,Low,1.5
475,51,Female,Graduate,Pensioner,30,207425,14154,1.12,662,34.04,No,498137,Home,Home,17,10.55,Medium,Private Bank,0.83,Online,Maharashtra,Anantapur,Urban,5,Done,Approved,,5261.78,0.3,Medium,2.4
476,41,Female,Graduate,Salaried,5,886240,10107,0.31,762,88.45,No,1377432,Agriculture,Agriculture,19,8.81,Low,Finance Company,2.56,Online,Gujarat,Morbi,Urban,3,Processing,Pending,,12464.2,0.17,Low,1.55
477,29,Male,Non-Graduate,Self-employed,30,1761335,17768,0.41,818,75.44,No,1172501,Appliances,Appliances,3,17.65,Low,Finance Company,2.56,Offline,Uttar Pradesh,Kozhikode,Rural,4,Done,Pending,,42183.14,0.29,Low,0.67
478,40,Female,Graduate,Self-employed,7,1488984,6574,0.12,734,32.44,Yes,560513,Business,Business,13,13.89,Medium,Finance Company,2.71,Online,Gujarat,Dhule,Urban,4,Processing,Rejected,Insufficient Employment Length,7779.98,0.06,Low,0.38
479,36,Female,Graduate,Salaried,29,657923,15592,0.34,482,24.49,No,66867,Education,Education,2,7.71,High,Finance Company,2.01,Online,Rajasthan,Haldia,Urban,4,Done,Approved,,3015.38,0.05,Low,0.1
480,46,Male,Graduate,Salaried,8,642090,19008,0.41,725,32.84,No,169565,Education,Education,6,8.97,Medium,Finance Company,2.24,Online,Maharashtra,Singrauli,Urban,1,Done,Approved,,3053.98,0.06,Low,0.26
481,40,Female,Graduate,Self-employed,18,1441614,19335,0.19,569,12.75,No,109505,Vehicle,Vehicle,3,13.51,High,Finance Company,1.82,Online,Gujarat,Coimbatore,Urban,3,Done,Rejected,Low Income,3716.61,0.03,Low,0.08
482,61,Male,Graduate,Self-employed,15,908193,18376,0.29,629,57.29,No,249161,Personal,Personal,10,9.49,High,Finance Company,1.79,Online,Karnataka,Chennai,Urban,2,Done,Approved,,3222.72,0.04,Low,0.27
483,57,Female,Graduate,Salaried,13,673930,3228,0.11,742,75.59,No,306970,Vehicle,Vehicle,20,11.19,Medium,Private Bank,0.71,Online,Bihar,Bidhannagar,Urban,5,Done,Approved,,3208.3,0.06,Low,0.46
484,51,Male,Graduate,Self-employed,27,868156,11276,0.24,661,17.72,No,334147,Appliances,Appliances,7,13.39,Medium,Government Bank,0.67,Online,Karnataka,Chandigarh,Urban,20,Processing,Approved,,6149.86,0.09,Low,0.38
485,28,Male,Graduate,Salaried,24,572394,2269,0.22,610,24.9,No,287948,Vehicle,Vehicle,4,15.52,High,Private Bank,1.46,Online,Gujarat,Deoghar,Urban,7,Done,Approved,,8089.91,0.17,Low,0.5
486,45,Male,Graduate,Salaried,20,800687,15660,0.25,514,84.22,Yes,98807,Home,Home,16,12.29,High,Government Bank,0.36,Online,Bihar,Srinagar,Urban,11,Processing,Pending,,1178.56,0.02,Low,0.12
487,56,Female,Graduate,Self-employed,7,970175,19271,0.34,602,56.84,No,340103,Personal,Personal,4,8.74,High,Finance Company,1.6,Online,Maharashtra,Farrukhabad,Urban,3,Done,Approved,,8421.55,0.1,Low,0.35
488,25,Female,Graduate,Salaried,26,331555,19148,0.79,591,69.94,Yes,180988,Education,Education,7,6.1,High,Government Bank,0.45,Online,Tamil Nadu,Tadipatri,Urban,16,Processing,Approved,,2652.66,0.1,Low,0.55
489,42,Male,Graduate,Salaried,14,810613,18759,0.58,816,47.8,No,1661344,Agriculture,Agriculture,10,8.41,Low,Finance Company,1.88,Offline,Rajasthan,Gandhidham,Rural,5,Done,Pending,,20518.41,0.3,Medium,2.05
490,37,Female,Graduate,Salaried,13,474215,14981,0.77,760,50.49,No,1328636,Personal,Personal,20,12.78,Low,Private Bank,1.5,Online,Gujarat,Salem,Urban,6,Processing,Approved,,15358.21,0.39,Medium,2.8
491,42,Male,Graduate,Salaried,15,898026,10814,0.19,572,15.11,Yes,265244,Home,Home,10,8.72,High,Government Bank,0.7,Online,Maharashtra,Uluberia,Urban,16,Processing,Approved,,3319.94,0.04,Low,0.3
492,54,Male,Graduate,Self-employed,9,1377515,13030,0.14,559,18.24,No,214836,Agriculture,Agriculture,7,8.25,High,Government Bank,0.51,Offline,Uttar Pradesh,Gopalpur,Rural,11,Done,Approved,,3375.3,0.03,Low,0.16
493,28,Female,Graduate,Salaried,22,577036,18057,0.44,452,46.66,No,103551,Vehicle,Vehicle,4,16.8,High,Private Bank,1.48,Online,Tamil Nadu,Miryalaguda,Urban,4,Done,Approved,,2977.26,0.06,Low,0.18
494,40,Female,Graduate,Salaried,5,822764,657,0.46,802,50.25,No,1880173,Appliances,Appliances,9,13.98,Low,Government Bank,0.59,Online,West Bengal,Mango,Urban,13,Done,Rejected,Low CIBIL Score,30688.17,0.45,Medium,2.29
495,56,Female,Non-Graduate,Salaried,20,498739,789,0.05,638,40.87,No,92840,Appliances,Appliances,18,17.64,High,Government Bank,0.27,Offline,Uttar Pradesh,Nashik,Rural,12,Done,Pending,,1425.72,0.03,Low,0.19
496,60,Female,Graduate,Salaried,14,742618,15310,0.33,567,14,No,245422,Business,Business,6,16.18,High,Private Bank,1.46,Online,Maharashtra,Jaipur,Urban,7,Processing,Rejected,High Loan Amount Request,5348.01,0.09,Low,0.33
497,38,Female,Graduate,Self-employed,28,1087727,8845,0.32,785,30.31,No,1756365,Home,Home,13,10.41,Low,Private Bank,1.21,Online,West Bengal,Parbhani,Urban,8,Processing,Approved,,20587,0.23,Low,1.61
498,33,Female,Graduate,Self-employed,21,1799670,7822,0.21,774,71.82,No,1483649,Vehicle,Vehicle,9,12.65,Low,Finance Company,1.71,Offline,Rajasthan,Sonipat,Rural,2,Processing,Approved,,23075.31,0.15,Low,0.82
499,57,Male,Graduate,Self-employed,6,1108267,1420,0.05,499,22.91,No,263405,Appliances,Appliances,16,12.4,High,Private Bank,1.04,Offline,Bihar,Vadodara,Rural,3,Processing,Approved,,3160.99,0.03,Low,0.24
500,53,Female,Graduate,Salaried,23,398967,18542,0.69,779,80.15,No,457753,Agriculture,Agriculture,14,8.06,Low,Private Bank,1.17,Online,Karnataka,Burhanpur,Urban,8,Done,Approved,,4553.4,0.14,Low,1.15
501,49,Male,Graduate,Salaried,21,358844,5211,0.36,547,13.67,No,293207,Business,Business,9,17.58,High,Private Bank,1.38,Online,Haryana,Faridabad,Urban,8,Processing,Approved,,5422.87,0.18,Low,0.82
502,39,Male,Graduate,Self-employed,20,610917,3817,0.25,639,84.48,No,354535,Education,Education,4,8.41,High,Private Bank,1.43,Offline,Punjab,West Bengal District,Rural,8,Processing,Approved,,8723.63,0.17,Low,0.58
503,62,Male,Graduate,Salaried,15,383075,782,0.44,701,78.5,No,797933,Vehicle,Vehicle,10,15.49,Medium,Government Bank,0.4,Online,Tamil Nadu,Chandrapur,Urban,11,Processing,Approved,,13113.93,0.41,Medium,2.08
504,41,Male,Graduate,Salaried,16,472347,19706,0.58,585,65.83,No,238788,Vehicle,Vehicle,16,15.11,High,Finance Company,2.32,Online,West Bengal,Etawah,Urban,1,Done,Approved,,3305.89,0.08,Low,0.51
505,36,Male,Graduate,Self-employed,6,1019109,12776,0.2,808,21.79,Yes,374444,Home,Home,12,9.92,Low,Finance Company,2.02,Offline,Kerala,Jharkhand District,Rural,4,Done,Approved,,4457.61,0.05,Low,0.37
506,25,Male,Graduate,Salaried,20,614277,11414,0.32,598,26.72,No,295885,Business,Business,14,17.61,High,Private Bank,0.74,Online,Tamil Nadu,Thrissur,Urban,3,Done,Approved,,4753.33,0.09,Low,0.48
507,42,Male,Graduate,Self-employed,27,1530722,7066,0.1,704,78.52,No,387141,Business,Business,9,13.66,Medium,Finance Company,1.84,Online,Madhya Pradesh,Alappuzha,Urban,4,Done,Approved,,6246.62,0.05,Low,0.25
508,31,Female,Graduate,Salaried,21,486970,14530,0.47,577,43.86,No,256954,Home,Home,6,9.06,High,Private Bank,1.39,Online,Uttar Pradesh,Dindigul,Urban,4,Processing,Approved,,4639.39,0.11,Low,0.53
509,39,Male,Graduate,Self-employed,29,1120936,11540,0.64,759,28.92,No,1425499,Vehicle,Vehicle,3,12.88,Low,Government Bank,0.58,Online,West Bengal,Deoghar,Urban,17,Processing,Approved,,47948.34,0.51,High,1.27
510,49,Male,Graduate,Salaried,19,495885,9744,0.4,795,81.02,No,695726,Home,Home,19,9.68,Low,Private Bank,0.76,Online,Uttar Pradesh,Sagar,Urban,3,Processing,Rejected,High Existing EMI,6682.15,0.16,Low,1.4
511,33,Female,Graduate,Self-employed,29,1036019,1408,0.25,838,76.63,No,1042288,Business,Business,6,11.5,Low,Government Bank,0.64,Online,Rajasthan,Chinsurah,Urban,14,Processing,Approved,,20106.94,0.23,Low,1.01
512,26,Male,Graduate,Salaried,5,433161,4549,0.29,575,46.62,No,348063,Agriculture,Agriculture,6,6.12,High,Private Bank,1.42,Online,Karnataka,Davanagere,Urban,4,Done,Approved,,5788.15,0.16,Low,0.8
513,37,Male,Non-Graduate,Salaried,10,300303,17893,0.85,615,10.95,No,373993,Agriculture,Agriculture,17,8.17,High,Government Bank,0.26,Offline,Uttar Pradesh,Chhattisgarh District,Rural,17,Done,Approved,,3397.41,0.14,Low,1.25
514,54,Female,Graduate,Salaried,8,671261,10057,0.36,705,38.7,No,854085,Home,Home,15,11.71,Medium,Private Bank,1.49,Online,Madhya Pradesh,Jaipur,Urban,7,Processing,Approved,,10091.65,0.18,Low,1.27
515,52,Female,Graduate,Salaried,9,743550,2831,0.14,557,85.8,Yes,369361,Vehicle,Vehicle,17,17.88,High,Government Bank,0.53,Online,Rajasthan,Katihar,Urban,17,Processing,Approved,,5786.67,0.09,Low,0.5
516,52,Male,Graduate,Pensioner,16,351344,10855,0.53,629,66.5,No,379106,Personal,Personal,16,12.99,High,Government Bank,0.52,Online,Delhi,Kalyan-Dombivli,Urban,12,Done,Approved,,4698.33,0.16,Low,1.08
517,30,Male,Graduate,Salaried,5,874664,2714,0.05,481,62.27,No,63890,Personal,Personal,18,11.56,High,Private Bank,0.91,Online,Uttar Pradesh,Secunderabad,Urban,4,Done,Rejected,Insufficient Employment Length,704.27,0.01,Low,0.07
518,35,Male,Graduate,Salaried,12,847539,6759,0.63,738,25.96,No,807873,Personal,Personal,2,12.15,Medium,Government Bank,0.46,Offline,Kerala,Andhra Pradesh District,Rural,15,Processing,Approved,,38086,0.54,High,0.95
519,56,Male,Non-Graduate,Self-employed,12,1017661,334,0.11,702,73.73,No,723970,Education,Education,9,7.75,Medium,Finance Company,2.77,Offline,Karnataka,Uttarakhand District,Rural,1,Processing,Approved,,9331.61,0.11,Low,0.71
520,35,Male,Non-Graduate,Salaried,20,796081,16364,0.43,673,51.44,No,729650,Business,Business,9,14.92,Medium,Government Bank,0.62,Offline,Madhya Pradesh,Telangana District,Rural,17,Done,Approved,,12314.09,0.19,Low,0.92
521,25,Female,Graduate,Salaried,10,700549,10133,0.28,617,60.2,No,269522,Vehicle,Vehicle,5,12.96,High,Government Bank,0.66,Online,Rajasthan,Gandhinagar,Urban,11,Done,Approved,,6126.94,0.1,Low,0.38
522,55,Male,Graduate,Salaried,26,649854,3011,0.58,846,78.22,No,1238843,Education,Education,4,5.02,Low,Private Bank,1.49,Online,Telangana,Guntur,Urban,6,Done,Approved,,28540.9,0.53,High,1.91
523,61,Female,Graduate,Pensioner,12,292573,19164,0.94,521,79.9,No,272525,Appliances,Appliances,17,15.85,High,Finance Company,1.51,Offline,Haryana,Madhya Pradesh District,Rural,5,Processing,Pending,,3865.46,0.16,Low,0.93
524,53,Male,Non-Graduate,Salaried,6,539883,3680,0.36,722,39.54,No,812106,Vehicle,Vehicle,14,16.8,Medium,Government Bank,0.48,Offline,Gujarat,Tamil Nadu District,Rural,14,Processing,Approved,,12587.22,0.28,Low,1.5
525,36,Female,Graduate,Salaried,9,801473,13473,0.29,604,77.48,No,394841,Vehicle,Vehicle,16,15.97,High,Private Bank,0.98,Online,Tamil Nadu,Noida,Urban,3,Done,Approved,,5705.38,0.09,Low,0.49
526,49,Male,Graduate,Pensioner,30,339454,9512,1.31,802,85.69,No,1619605,Home,Home,7,10.73,Low,Finance Company,2.98,Online,Punjab,Faridabad,Urban,2,Done,Approved,,27502.19,0.97,High,4.77
527,41,Male,Non-Graduate,Self-employed,25,686840,8782,0.18,491,45.55,No,53733,Vehicle,Vehicle,4,17.43,High,Private Bank,1.35,Offline,West Bengal,Chhattisgarh District,Rural,7,Done,Approved,,1562.45,0.03,Low,0.08
528,37,Female,Graduate,Self-employed,7,907847,14526,0.24,797,27.18,No,256178,Home,Home,8,10.14,Low,Government Bank,0.67,Offline,Karnataka,Chhattisgarh District,Rural,13,Processing,Approved,,3906.29,0.05,Low,0.28
529,49,Male,Non-Graduate,Self-employed,8,872303,6789,0.1,466,32.28,No,51927,Education,Education,10,5.09,High,Finance Company,2.23,Offline,Uttar Pradesh,Odisha District,Rural,5,Done,Approved,,553.05,0.01,Low,0.06
530,52,Male,Graduate,Salaried,24,710097,12616,0.25,648,37.36,Yes,89141,Agriculture,Agriculture,4,7.06,High,Finance Company,1.8,Online,Uttar Pradesh,Bokaro,Urban,4,Processing,Pending,,2137.07,0.04,Low,0.13
531,57,Male,Non-Graduate,Salaried,8,359787,12809,0.64,723,68.22,No,293434,Appliances,Appliances,5,10.43,Medium,Finance Company,2.39,Offline,Gujarat,Uttarakhand District,Rural,3,Processing,Rejected,Previous Loan Default,6296.87,0.21,Low,0.82
532,58,Male,Graduate,Salaried,7,594167,176,0.15,832,78.39,No,475270,Home,Home,8,10.53,Low,Private Bank,1.22,Online,Gujarat,Suryapet,Urban,8,Done,Approved,,7345.8,0.15,Low,0.8
533,30,Male,Graduate,Salaried,18,807347,7237,0.18,805,25.05,No,339557,Vehicle,Vehicle,12,12.68,Low,Government Bank,0.47,Online,Telangana,Ambala,Urban,12,Done,Approved,,4600.64,0.07,Low,0.42
534,26,Female,Graduate,Pensioner,5,258301,3326,0.45,545,62.97,No,387616,Agriculture,Agriculture,6,6,High,Private Bank,1.08,Online,Maharashtra,Hindupur,Urban,7,Processing,Approved,,6423.92,0.3,Low,1.5
535,28,Male,Graduate,Self-employed,22,691925,17652,0.36,523,75.13,No,179707,Personal,Personal,7,11.42,High,Private Bank,1.48,Offline,Delhi,Jharkhand District,Rural,3,Processing,Pending,,3116.85,0.05,Low,0.26
536,58,Male,Non-Graduate,Salaried,27,597563,14930,0.55,804,23.62,No,1288923,Personal,Personal,20,10.09,Low,Finance Company,2.57,Offline,Telangana,Arunachal Pradesh District,Rural,3,Processing,Approved,,12515.34,0.25,Low,2.16
537,41,Female,Graduate,Self-employed,29,1458764,12506,0.23,757,28.8,No,963057,Home,Home,8,11.15,Low,Finance Company,2.27,Online,West Bengal,Indore,Urban,5,Processing,Approved,,15206.13,0.13,Low,0.66
538,44,Female,Graduate,Self-employed,9,1702121,14780,0.11,473,22.45,No,70094,Vehicle,Vehicle,11,17.98,High,Government Bank,0.59,Online,Madhya Pradesh,Belgaum,Urban,13,Processing,Approved,,1221.81,0.01,Low,0.04
539,51,Female,Graduate,Salaried,18,648538,1914,0.26,793,37.46,No,1040254,Agriculture,Agriculture,9,5.72,Low,Finance Company,2.2,Online,Delhi,Bardhaman,Urban,2,Processing,Approved,,12345.48,0.23,Low,1.6
540,40,Male,Graduate,Self-employed,26,808001,16613,0.27,728,25.12,No,100185,Appliances,Appliances,10,16.64,Medium,Finance Company,1.6,Online,Haryana,Gandhidham,Urban,2,Processing,Approved,,1718.4,0.03,Low,0.12
541,59,Female,Non-Graduate,Salaried,28,734244,18129,0.47,683,73.73,No,891775,Personal,Personal,14,11.25,Medium,Government Bank,0.41,Offline,Karnataka,Madhya Pradesh District,Rural,19,Processing,Pending,,10563.14,0.17,Low,1.21
542,46,Male,Graduate,Salaried,11,449634,19061,0.55,701,67.63,No,171316,Agriculture,Agriculture,18,7.85,Medium,Private Bank,0.9,Online,Punjab,Narasaraopet,Urban,6,Done,Approved,,1483.45,0.04,Low,0.38
543,57,Female,Graduate,Salaried,22,414998,2842,0.31,797,86.12,No,595146,Personal,Personal,12,12.41,Low,Finance Company,1.83,Offline,Tamil Nadu,Andhra Pradesh District,Rural,4,Processing,Approved,,7965.16,0.23,Low,1.43
544,54,Female,Graduate,Salaried,5,724452,11843,0.25,464,74.05,No,373878,Agriculture,Agriculture,17,7.86,High,Finance Company,1.79,Online,Telangana,Thane,Urban,5,Processing,Approved,,3327.27,0.06,Low,0.52
545,52,Male,Non-Graduate,Salaried,24,651109,17942,0.39,640,40.76,No,174382,Appliances,Appliances,9,16.94,High,Finance Company,2.65,Offline,Uttar Pradesh,Tripura District,Rural,2,Processing,Approved,,3156.18,0.06,Low,0.27
546,46,Female,Graduate,Salaried,13,545159,14611,0.56,761,86.45,No,1362815,Agriculture,Agriculture,17,6.2,Low,Government Bank,0.68,Online,Maharashtra,Medininagar,Urban,10,Processing,Approved,,10824.1,0.24,Low,2.5
547,62,Male,Graduate,Pensioner,26,282316,16368,1.76,791,37.92,No,1921265,Education,Education,9,8.05,Low,Private Bank,1.37,Online,Gujarat,Jammu,Urban,7,Done,Approved,,25062.22,1.07,High,6.81
548,47,Male,Non-Graduate,Salaried,30,568102,1005,0.07,556,86.78,No,130453,Education,Education,6,7.97,High,Government Bank,0.38,Offline,Delhi,Madhya Pradesh District,Rural,15,Done,Approved,,2285.35,0.05,Low,0.23
549,46,Female,Non-Graduate,Pensioner,9,324020,7785,0.76,641,56.19,No,273726,Business,Business,2,10.15,High,Finance Company,2.04,Offline,Haryana,Madhya Pradesh District,Rural,5,Done,Pending,,12650.03,0.47,High,0.84
550,27,Male,Graduate,Self-employed,20,666444,13391,0.35,575,89.7,No,264852,Business,Business,6,17.01,High,Private Bank,0.95,Online,Bihar,Mira-Bhayandar,Urban,5,Processing,Approved,,5893.41,0.11,Low,0.4
551,45,Male,Graduate,Salaried,14,740326,17945,0.43,785,36.78,No,1198812,Agriculture,Agriculture,18,5.04,Low,Government Bank,0.34,Online,Rajasthan,Tenali,Urban,17,Done,Approved,,8453.97,0.14,Low,1.62
552,54,Male,Graduate,Salaried,21,629868,16649,0.54,806,20.57,Yes,802647,Vehicle,Vehicle,13,15.11,Low,Private Bank,1.45,Online,Tamil Nadu,Tumkur,Urban,8,Processing,Approved,,11779.12,0.22,Low,1.27
553,35,Male,Non-Graduate,Salaried,29,749953,8465,0.23,597,81.06,No,386936,Appliances,Appliances,19,17.51,High,Finance Company,2.68,Offline,Tamil Nadu,Telangana District,Rural,2,Done,Approved,,5861.62,0.09,Low,0.52
554,31,Female,Non-Graduate,Salaried,8,835486,18173,0.28,643,20.13,No,89998,Agriculture,Agriculture,11,8.25,High,Government Bank,0.52,Offline,Bihar,Odisha District,Rural,11,Processing,Approved,,1039.52,0.01,Low,0.11
555,33,Male,Graduate,Salaried,27,414270,12386,0.66,714,52.66,No,948560,Education,Education,10,5.83,Medium,Government Bank,0.46,Offline,Maharashtra,Kerala District,Rural,12,Processing,Approved,,10450.16,0.3,Medium,2.29
556,40,Male,Graduate,Self-employed,22,1463722,755,0.14,790,55.39,No,1588130,Business,Business,20,10.94,Low,Finance Company,2.55,Online,Punjab,Kottayam,Urban,4,Done,Approved,,16327.69,0.13,Low,1.08
557,57,Male,Graduate,Salaried,9,723654,11905,0.5,778,43.4,No,902690,Education,Education,5,7.2,Low,Private Bank,0.99,Online,Telangana,Suryapet,Urban,3,Done,Approved,,17959.64,0.3,Low,1.25
558,26,Male,Graduate,Salaried,9,633202,11877,0.26,715,41.23,Yes,111337,Education,Education,7,5.89,Medium,Government Bank,0.46,Online,Haryana,Sambalpur,Urban,10,Processing,Pending,,1620.61,0.03,Low,0.18
559,28,Male,Graduate,Salaried,28,342610,12768,0.58,550,67.99,No,300095,Personal,Personal,14,12.7,High,Private Bank,1.39,Online,Punjab,Bhagalpur,Urban,6,Done,Pending,,3829.1,0.13,Low,0.88
560,35,Male,Graduate,Salaried,7,631463,16815,0.42,544,83.1,No,398360,Home,Home,11,11.4,High,Government Bank,0.61,Online,Bihar,Saharanpur,Urban,16,Done,Approved,,5308.15,0.1,Low,0.63
561,58,Male,Graduate,Self-employed,26,1267004,5357,0.07,502,11.94,No,225276,Agriculture,Agriculture,17,7.28,High,Private Bank,0.72,Online,Punjab,North Dumdum,Urban,6,Processing,Pending,,1928.06,0.02,Low,0.18
562,26,Male,Graduate,Pensioner,25,238964,7278,0.45,591,70.22,No,136912,Home,Home,14,12.3,High,Finance Company,2.01,Online,Madhya Pradesh,Siwan,Urban,1,Processing,Pending,,1711.99,0.09,Low,0.57
563,29,Male,Non-Graduate,Self-employed,7,656712,14392,0.33,626,45.93,No,244023,Home,Home,10,12.27,High,Finance Company,2.45,Offline,West Bengal,Bihar District,Rural,4,Processing,Pending,,3539.21,0.06,Low,0.37
564,49,Male,Non-Graduate,Salaried,11,859114,10139,0.19,599,68.09,No,300647,Personal,Personal,17,10.71,High,Finance Company,1.64,Offline,Gujarat,Manipur District,Rural,1,Processing,Approved,,3206.69,0.04,Low,0.35
565,52,Male,Graduate,Self-employed,17,1374089,8215,0.09,684,24.92,No,293299,Education,Education,20,5.91,Medium,Private Bank,1.18,Offline,Tamil Nadu,Assam District,Rural,7,Done,Approved,,2086.09,0.02,Low,0.21
566,26,Male,Graduate,Salaried,16,882295,4891,0.81,761,32.74,No,1202522,Home,Home,2,8.52,Low,Government Bank,0.62,Offline,Bihar,Goa District,Rural,14,Done,Rejected,Low CIBIL Score,54672.45,0.74,High,1.36
567,42,Male,Graduate,Salaried,10,866879,9757,0.17,575,16.6,No,151124,Appliances,Appliances,11,14.03,High,Private Bank,1.25,Online,Rajasthan,Jalandhar,Urban,4,Done,Approved,,2252.53,0.03,Low,0.17
568,59,Male,Graduate,Salaried,19,352098,829,0.1,547,84.95,No,279682,Education,Education,16,5.31,High,Finance Company,2.17,Offline,Punjab,Haryana District,Rural,5,Processing,Approved,,2165.09,0.07,Low,0.79
569,46,Male,Graduate,Salaried,28,732057,725,0.17,504,66.4,No,204699,Business,Business,2,12.96,High,Government Bank,0.45,Online,Punjab,Bhilwara,Urban,20,Done,Approved,,9727.92,0.16,Low,0.28
570,54,Male,Graduate,Salaried,18,494166,14795,0.87,847,35.23,No,1624871,Agriculture,Agriculture,9,7.63,Low,Finance Company,2.48,Online,Punjab,Bharatpur,Urban,1,Processing,Approved,,20843.41,0.51,High,3.29
571,27,Male,Non-Graduate,Self-employed,9,1620926,18983,0.14,585,67.02,No,70785,Education,Education,20,5.1,High,Private Bank,1.39,Offline,Telangana,Nagaland District,Rural,3,Done,Approved,,471.07,0,Low,0.04
572,53,Male,Graduate,Self-employed,27,1511698,10157,0.23,682,14.12,No,579846,Education,Education,3,8.74,Medium,Finance Company,1.6,Online,Rajasthan,Maheshtala,Urban,3,Done,Approved,,18368.86,0.15,Low,0.38
573,54,Female,Graduate,Self-employed,11,1234935,7436,0.09,504,63.92,No,143174,Vehicle,Vehicle,15,17.34,High,Private Bank,0.94,Offline,Tamil Nadu,Uttar Pradesh District,Rural,6,Processing,Approved,,2238.05,0.02,Low,0.12
574,39,Male,Non-Graduate,Salaried,17,846510,15218,0.47,774,77.72,Yes,1721691,Personal,Personal,13,8.12,Low,Private Bank,1.43,Offline,Uttar Pradesh,Madhya Pradesh District,Rural,8,Processing,Approved,,17901.85,0.25,Low,2.03
575,29,Male,Graduate,Self-employed,13,1084150,17325,0.21,461,20.76,No,220120,Education,Education,12,5.36,High,Private Bank,0.82,Online,Rajasthan,Amaravati,Urban,8,Processing,Approved,,2075.85,0.02,Low,0.2
576,36,Male,Graduate,Salaried,17,587809,8068,0.34,734,43.08,Yes,533233,Vehicle,Vehicle,11,15.8,Medium,Private Bank,1.4,Online,Punjab,Ramagundam,Urban,8,Processing,Pending,,8539.97,0.17,Low,0.91
577,54,Female,Non-Graduate,Salaried,27,414655,14083,0.45,519,14.53,No,125418,Vehicle,Vehicle,16,12.85,High,Government Bank,0.32,Offline,Madhya Pradesh,Odisha District,Rural,20,Processing,Approved,,1542.58,0.04,Low,0.3
578,25,Female,Graduate,Salaried,18,635479,9211,0.61,775,69.7,No,1722367,Appliances,Appliances,18,15.05,Low,Finance Company,2.5,Online,Bihar,Arrah,Urban,1,Processing,Approved,,23170.83,0.44,Medium,2.71
579,54,Male,Non-Graduate,Salaried,14,667962,15208,0.39,590,77.01,No,342146,Personal,Personal,6,11.75,High,Government Bank,0.48,Offline,Delhi,Punjab District,Rural,18,Processing,Approved,,6644.62,0.12,Low,0.51
580,42,Male,Graduate,Salaried,9,624782,16223,0.66,725,27,No,939401,Education,Education,5,6.41,Medium,Government Bank,0.29,Online,West Bengal,Karawal Nagar,Urban,13,Processing,Approved,,18340.88,0.35,Medium,1.5
581,25,Female,Graduate,Salaried,29,529906,12344,0.77,756,73.26,No,1747244,Home,Home,14,12.23,Low,Private Bank,1.37,Online,Maharashtra,Muzaffarpur,Urban,8,Processing,Approved,,21770.39,0.49,High,3.3
582,60,Male,Graduate,Salaried,6,606357,15846,0.43,623,35.23,No,376962,Appliances,Appliances,10,14.87,High,Private Bank,0.81,Offline,Karnataka,Kerala District,Rural,6,Done,Approved,,6051.74,0.12,Low,0.62
583,29,Male,Non-Graduate,Salaried,20,361090,16169,1.18,791,57.53,No,1246866,Appliances,Appliances,17,17.71,Low,Private Bank,1.41,Offline,Maharashtra,Kerala District,Rural,5,Processing,Pending,,19377.37,0.64,High,3.45
584,25,Male,Graduate,Salaried,12,587658,12566,0.45,823,65.51,No,200499,Business,Business,2,12.47,Low,Finance Company,1.9,Online,West Bengal,Rohtak,Urban,1,Processing,Approved,,9482.25,0.19,Low,0.34
585,30,Female,Graduate,Self-employed,8,874435,12360,0.21,480,33.6,No,194828,Education,Education,6,5.54,High,Finance Company,2.02,Offline,Madhya Pradesh,West Bengal District,Rural,1,Processing,Approved,,3186.73,0.04,Low,0.22
586,51,Male,Graduate,Salaried,29,551656,10274,0.24,476,89.73,No,61032,Home,Home,12,11.41,High,Government Bank,0.51,Online,Maharashtra,Nellore,Urban,18,Done,Approved,,779.95,0.02,Low,0.11
587,40,Male,Graduate,Salaried,14,676311,10368,0.25,454,73.35,No,232922,Appliances,Appliances,18,17.24,High,Finance Company,2.39,Offline,Gujarat,Rajasthan District,Rural,2,Done,Rejected,Insufficient Employment Length,3507.33,0.06,Low,0.34
588,27,Male,Graduate,Salaried,14,375117,17524,1.09,769,84.04,No,1391589,Appliances,Appliances,16,12.15,Low,Finance Company,2.32,Offline,Rajasthan,Kerala District,Rural,2,Processing,Approved,,16470.41,0.53,High,3.71
589,50,Male,Non-Graduate,Salaried,26,470602,16873,0.61,610,11.5,No,153277,Vehicle,Vehicle,2,10.28,High,Government Bank,0.56,Offline,Delhi,Andhra Pradesh District,Rural,10,Processing,Approved,,7092.78,0.18,Low,0.33
590,47,Male,Graduate,Salaried,5,751359,1105,0.09,582,65.97,No,388633,Education,Education,10,7.14,High,Government Bank,0.64,Online,Kerala,Ludhiana,Urban,13,Processing,Approved,,4540.45,0.07,Low,0.52
591,57,Male,Graduate,Salaried,13,747044,13144,0.28,635,79.04,No,157279,Home,Home,4,10.41,High,Private Bank,1.24,Online,Haryana,Tadepalligudem,Urban,5,Done,Approved,,4020.04,0.06,Low,0.21
592,30,Male,Graduate,Salaried,18,315472,5648,0.37,537,66.84,Yes,318506,Business,Business,13,12.82,High,Government Bank,0.3,Online,Tamil Nadu,Alwar,Urban,11,Done,Approved,,4203.81,0.16,Low,1.01
593,33,Male,Graduate,Self-employed,10,796827,14857,0.25,703,20.62,No,179392,Education,Education,11,5.38,Medium,Finance Company,2.01,Online,Uttar Pradesh,Panihati,Urban,2,Done,Approved,,1803.56,0.03,Low,0.23
594,54,Male,Graduate,Salaried,6,744435,6696,0.57,651,15.66,No,882373,Business,Business,3,10.45,Medium,Finance Company,1.97,Offline,Kerala,Haryana District,Rural,1,Processing,Rejected,Previous Loan Default,28658.48,0.46,High,1.19
595,56,Female,Graduate,Self-employed,20,715491,1945,0.26,812,75.63,No,425279,Home,Home,3,8.54,Low,Finance Company,2.14,Online,Karnataka,Machilipatnam,Urban,1,Done,Approved,,13432.89,0.23,Low,0.59
596,33,Male,Graduate,Salaried,22,887384,7933,0.15,592,71.3,Yes,374866,Education,Education,14,6.02,High,Finance Company,2.16,Online,Haryana,Anand,Urban,4,Processing,Approved,,3307.45,0.04,Low,0.42
597,35,Male,Graduate,Salaried,11,694255,17800,0.34,544,41.86,No,151548,Home,Home,11,8.89,High,Finance Company,2.47,Online,Bihar,Naihati,Urban,4,Done,Approved,,1803.44,0.03,Low,0.22
598,54,Female,Graduate,Salaried,29,789382,7750,0.39,808,87.24,No,1316616,Business,Business,11,12,Low,Private Bank,1.35,Online,Gujarat,Guntakal,Urban,6,Processing,Approved,,18008.51,0.27,Low,1.67
599,40,Male,Graduate,Salaried,13,645736,14915,0.56,734,67.53,No,733414,Business,Business,6,14.04,Medium,Government Bank,0.38,Online,Kerala,Amroha,Urban,12,Processing,Approved,,15128.25,0.28,Low,1.14
600,34,Female,Non-Graduate,Salaried,15,777840,6751,0.29,648,77.28,No,271446,Personal,Personal,2,8.19,High,Private Bank,1.31,Offline,Uttar Pradesh,Nagaland District,Rural,7,Processing,Approved,,12300.3,0.19,Low,0.35
601,42,Male,Graduate,Self-employed,14,887553,12881,0.2,572,85.9,No,91033,Home,Home,6,11.74,High,Private Bank,1.12,Online,Kerala,Bathinda,Urban,4,Processing,Approved,,1767.43,0.02,Low,0.1
602,36,Male,Graduate,Salaried,17,718281,16398,0.29,537,55.52,No,105517,Personal,Personal,17,8.6,High,Finance Company,1.56,Online,Tamil Nadu,Noida,Urban,1,Done,Pending,,985.91,0.02,Low,0.15
603,53,Female,Graduate,Salaried,22,746298,1147,0.08,475,43.31,No,385013,Appliances,Appliances,18,10.52,High,Finance Company,2.52,Online,Uttar Pradesh,Bhind,Urban,2,Processing,Pending,,3979.23,0.06,Low,0.52
604,26,Male,Graduate,Salaried,10,328938,13346,0.61,514,77.45,No,133351,Business,Business,5,17.28,High,Government Bank,0.6,Online,Bihar,Bidhannagar,Urban,17,Processing,Approved,,3334.23,0.12,Low,0.41
605,32,Female,Graduate,Salaried,8,478990,12192,0.7,631,88.34,No,337107,Business,Business,2,12,High,Finance Company,2.06,Online,Rajasthan,Buxar,Urban,1,Processing,Approved,,15868.8,0.4,Medium,0.7
606,34,Female,Graduate,Salaried,19,859053,7749,0.15,531,75.39,No,202568,Vehicle,Vehicle,11,15.75,High,Private Bank,1.07,Online,Telangana,Anand,Urban,8,Processing,Approved,,3237.77,0.05,Low,0.24
607,51,Female,Graduate,Salaried,28,795224,783,0.03,498,22.49,Yes,138439,Personal,Personal,19,8.99,High,Government Bank,0.54,Online,Punjab,Jodhpur,Urban,12,Done,Approved,,1268.47,0.02,Low,0.17
608,52,Male,Graduate,Self-employed,26,832657,17464,0.28,479,41.02,No,151498,Personal,Personal,18,11.75,High,Government Bank,0.64,Online,Madhya Pradesh,Gudivada,Urban,10,Done,Approved,,1689.31,0.02,Low,0.18
609,45,Male,Non-Graduate,Salaried,21,724887,502,0.03,525,79.82,No,111190,Personal,Personal,9,8.07,High,Private Bank,0.77,Offline,Punjab,Karnataka District,Rural,3,Done,Approved,,1451.59,0.02,Low,0.15
610,36,Female,Graduate,Salaried,29,637105,19641,0.43,471,87.79,No,280474,Vehicle,Vehicle,15,10.91,High,Finance Company,2.24,Offline,Telangana,Manipur District,Rural,3,Done,Approved,,3172.03,0.06,Low,0.44
611,53,Female,Graduate,Self-employed,8,1438724,880,0.03,638,85.99,No,219520,Vehicle,Vehicle,20,11.31,High,Government Bank,0.42,Offline,Madhya Pradesh,Assam District,Rural,12,Processing,Approved,,2312.35,0.02,Low,0.15
612,35,Male,Graduate,Salaried,30,548177,11020,0.34,558,59.44,No,341735,Personal,Personal,9,8.35,High,Government Bank,0.39,Offline,Karnataka,Rajasthan District,Rural,14,Done,Approved,,4511.19,0.1,Low,0.62
613,57,Male,Graduate,Salaried,20,361556,10521,0.49,501,49.99,No,308030,Personal,Personal,9,9.14,High,Government Bank,0.69,Online,Delhi,Imphal,Urban,12,Done,Approved,,4194.51,0.14,Low,0.85
614,51,Female,Graduate,Salaried,28,543309,7261,0.23,716,70.68,No,368700,Agriculture,Agriculture,14,5.99,Medium,Finance Company,2.14,Online,Madhya Pradesh,Bulandshahr,Urban,3,Processing,Approved,,3247.15,0.07,Low,0.68
615,59,Male,Graduate,Salaried,8,590912,8571,0.2,500,70.02,No,118319,Home,Home,16,9.73,High,Finance Company,2.28,Online,Madhya Pradesh,Nadiad,Urban,1,Done,Approved,,1217.69,0.02,Low,0.2
616,34,Male,Graduate,Salaried,23,346370,904,0.62,748,64.6,No,838115,Personal,Personal,5,8.14,Medium,Private Bank,0.88,Online,Telangana,Aurangabad,Urban,6,Processing,Approved,,17050.16,0.59,High,2.42
617,29,Female,Graduate,Pensioner,22,304007,12104,0.51,618,25.77,No,78199,Home,Home,17,8.6,High,Finance Company,2.82,Online,Delhi,Bhiwandi,Urban,4,Done,Approved,,730.66,0.03,Low,0.26
618,27,Male,Non-Graduate,Salaried,30,717901,15842,0.28,590,56.65,No,53104,Appliances,Appliances,7,11.64,High,Finance Company,2.89,Offline,Bihar,West Bengal District,Rural,2,Done,Approved,,927.24,0.02,Low,0.07
619,44,Female,Graduate,Salaried,19,875577,5694,0.14,638,84.37,No,392473,Home,Home,20,11.7,High,Finance Company,1.76,Online,Madhya Pradesh,Rohtak,Urban,4,Done,Approved,,4239.66,0.06,Low,0.45
620,62,Male,Non-Graduate,Salaried,7,555916,2865,0.13,472,52.86,Yes,317994,Personal,Personal,16,9.3,High,Private Bank,1.06,Offline,Kerala,Maharashtra District,Rural,8,Processing,Approved,,3188.67,0.07,Low,0.57
621,62,Female,Graduate,Salaried,24,782041,3417,0.13,773,73.95,No,367595,Vehicle,Vehicle,10,11.92,Low,Government Bank,0.65,Online,Maharashtra,Panihati,Urban,10,Done,Approved,,5256.93,0.08,Low,0.47
622,43,Male,Non-Graduate,Salaried,15,667858,3881,0.12,736,76.47,No,362279,Education,Education,16,6.31,Medium,Government Bank,0.37,Offline,Tamil Nadu,Karnataka District,Rural,13,Done,Approved,,3001.53,0.05,Low,0.54
623,51,Male,Graduate,Salaried,23,400425,6739,0.48,709,59.76,No,858177,Home,Home,15,10.13,Medium,Finance Company,2.62,Online,Madhya Pradesh,Rajkot,Urban,5,Processing,Approved,,9290.38,0.28,Low,2.14
624,52,Male,Graduate,Salaried,9,428804,14928,0.5,760,62.71,No,318987,Agriculture,Agriculture,14,7.64,Low,Government Bank,0.61,Online,Bihar,Jehanabad,Urban,11,Done,Approved,,3097.33,0.09,Low,0.74
625,61,Male,Graduate,Pensioner,18,296800,10316,0.66,596,23.06,No,395713,Appliances,Appliances,17,17.17,High,Private Bank,1.29,Offline,Gujarat,West Bengal District,Rural,7,Done,Approved,,5992.3,0.24,Low,1.33
626,34,Male,Graduate,Salaried,21,566524,11890,0.27,503,22.04,No,68561,Personal,Personal,14,12.67,High,Finance Company,1.65,Online,Madhya Pradesh,Haridwar,Urban,5,Done,Pending,,873.5,0.02,Low,0.12
627,49,Male,Graduate,Salaried,22,741499,19347,0.33,538,46.58,No,155560,Agriculture,Agriculture,20,5.71,High,Finance Company,2.25,Online,Uttar Pradesh,Bellary,Urban,1,Done,Approved,,1088.61,0.02,Low,0.21
628,28,Male,Non-Graduate,Salaried,6,877793,428,0.13,676,75.27,Yes,912499,Business,Business,19,10.14,Medium,Private Bank,1.44,Offline,Uttar Pradesh,Madhya Pradesh District,Rural,4,Processing,Approved,,9037.57,0.12,Low,1.04
629,54,Male,Graduate,Salaried,25,866748,10461,0.28,717,57.43,No,851407,Business,Business,19,12.53,Medium,Government Bank,0.27,Online,Rajasthan,Faridabad,Urban,19,Processing,Approved,,9808.52,0.14,Low,0.98
630,60,Male,Non-Graduate,Salaried,22,521778,5061,0.27,684,78.04,No,305994,Home,Home,5,10.47,Medium,Finance Company,2.85,Offline,Punjab,Uttar Pradesh District,Rural,2,Processing,Pending,,6572.46,0.15,Low,0.59
631,26,Female,Non-Graduate,Self-employed,8,1354312,19561,0.19,524,82.25,No,92764,Business,Business,8,12.83,High,Government Bank,0.58,Offline,Telangana,Karnataka District,Rural,17,Done,Rejected,Low CIBIL Score,1550.3,0.01,Low,0.07
632,43,Male,Graduate,Salaried,20,751061,7490,0.15,550,58.14,No,132759,Appliances,Appliances,18,14.82,High,Finance Company,1.66,Online,Karnataka,Amroha,Urban,3,Done,Rejected,High Loan Amount Request,1764.05,0.03,Low,0.18
633,49,Female,Graduate,Self-employed,9,1724250,12787,0.12,524,23.32,No,335650,Home,Home,12,9.64,High,Private Bank,1.25,Online,Uttar Pradesh,Vadodara,Urban,5,Processing,Approved,,3941.79,0.03,Low,0.19
634,57,Male,Graduate,Salaried,23,631008,15216,0.32,506,13.36,No,191135,Personal,Personal,20,9.17,High,Finance Company,2.8,Online,Karnataka,Akola,Urban,3,Done,Approved,,1740.64,0.03,Low,0.3
635,31,Male,Graduate,Salaried,15,830485,19204,0.36,570,68.43,No,386040,Business,Business,17,17.53,High,Finance Company,1.79,Online,Madhya Pradesh,Chapra,Urban,2,Done,Pending,,5948.07,0.09,Low,0.46
636,36,Male,Graduate,Self-employed,11,1483797,3136,0.05,501,10.54,No,352932,Agriculture,Agriculture,17,5.07,High,Private Bank,0.86,Online,West Bengal,Machilipatnam,Urban,6,Processing,Approved,,2584.86,0.02,Low,0.24
637,45,Male,Graduate,Salaried,5,499166,9713,1.11,823,40.6,No,1667130,Home,Home,5,11.07,Low,Government Bank,0.55,Online,Uttar Pradesh,Hindupur,Urban,11,Done,Approved,,36305.67,0.87,High,3.34
638,31,Female,Graduate,Salaried,20,584362,4764,0.38,542,38.98,No,299204,Appliances,Appliances,2,11.18,High,Government Bank,0.69,Offline,Tamil Nadu,Nagaland District,Rural,12,Processing,Approved,,13970.27,0.29,Low,0.51
639,29,Male,Graduate,Salaried,27,682616,6718,0.13,650,48.87,No,57919,Personal,Personal,17,8.15,High,Finance Company,1.68,Online,Gujarat,Asansol,Urban,5,Done,Approved,,525.45,0.01,Low,0.08
640,54,Female,Non-Graduate,Salaried,19,879678,2496,0.52,742,69.49,No,780162,Personal,Personal,2,9.32,Medium,Finance Company,2.59,Offline,Telangana,Sikkim District,Rural,3,Processing,Approved,,35756.15,0.49,High,0.89
641,61,Male,Graduate,Salaried,20,404035,14703,0.7,690,54.82,No,596818,Education,Education,7,6.72,Medium,Private Bank,1.1,Online,Tamil Nadu,Pali,Urban,4,Done,Rejected,Low CIBIL Score,8926.11,0.27,Low,1.48
642,52,Male,Graduate,Salaried,24,627973,10620,0.46,651,24.34,No,779665,Vehicle,Vehicle,7,11.06,Medium,Government Bank,0.37,Online,Maharashtra,Pudukkottai,Urban,13,Done,Rejected,High Existing EMI,13374.37,0.26,Low,1.24
643,47,Male,Non-Graduate,Salaried,8,371216,8389,0.77,696,50.66,No,749631,Education,Education,5,8.64,Medium,Private Bank,1.32,Offline,Kerala,Bihar District,Rural,7,Processing,Approved,,15430.46,0.5,High,2.02
644,36,Male,Graduate,Salaried,13,556786,9758,0.26,514,27.68,No,188852,Vehicle,Vehicle,14,13.07,High,Private Bank,0.81,Offline,Bihar,Tamil Nadu District,Rural,7,Done,Approved,,2454.67,0.05,Low,0.34
645,48,Male,Graduate,Salaried,19,692747,4251,0.15,496,26.04,No,319890,Vehicle,Vehicle,20,14.84,High,Government Bank,0.35,Online,Karnataka,Ghaziabad,Urban,16,Processing,Pending,,4174.51,0.07,Low,0.46
646,39,Male,Graduate,Salaried,5,367173,13904,1.79,659,73.6,No,901118,Agriculture,Agriculture,2,8.62,Medium,Government Bank,0.51,Online,Punjab,North Dumdum,Urban,18,Done,Approved,,41010.41,1.34,High,2.45
647,49,Male,Graduate,Self-employed,29,1606682,16756,0.19,690,68.31,No,925816,Home,Home,20,9.7,Medium,Private Bank,1.16,Online,Karnataka,Ambattur,Urban,7,Processing,Approved,,8751.09,0.07,Low,0.58
648,51,Male,Graduate,Salaried,27,803821,8383,0.29,658,74.17,No,531517,Appliances,Appliances,6,13.46,Medium,Private Bank,1.39,Offline,Madhya Pradesh,Sikkim District,Rural,3,Processing,Rejected,Previous Loan Default,10799.2,0.16,Low,0.66
649,25,Female,Graduate,Salaried,13,750674,5446,0.11,460,89.11,No,124606,Appliances,Appliances,18,14.81,High,Private Bank,1.43,Online,Uttar Pradesh,Etawah,Urban,5,Done,Approved,,1654.82,0.03,Low,0.17
650,51,Female,Graduate,Salaried,9,685390,13759,0.46,671,15.17,No,951007,Education,Education,8,5.92,Medium,Government Bank,0.26,Online,Gujarat,Loni,Urban,11,Done,Approved,,12460.58,0.22,Low,1.39
651,28,Male,Graduate,Self-employed,19,1189536,16869,0.19,480,79.78,No,115084,Home,Home,11,10.96,High,Private Bank,0.86,Online,Gujarat,Amroha,Urban,8,Done,Approved,,1504.06,0.02,Low,0.1
652,53,Male,Graduate,Self-employed,24,1350463,11891,0.14,612,84.9,No,355398,Business,Business,14,12,High,Government Bank,0.54,Online,Tamil Nadu,Mau,Urban,19,Done,Approved,,4376.48,0.04,Low,0.26
653,51,Female,Graduate,Salaried,6,538799,18386,0.62,596,16.37,No,205986,Agriculture,Agriculture,2,7.8,High,Finance Company,2.28,Online,Kerala,Ulhasnagar,Urban,3,Processing,Pending,,9297.41,0.21,Low,0.38
654,50,Male,Graduate,Salaried,15,640102,1644,0.09,568,32.82,No,285085,Business,Business,17,11.05,High,Private Bank,0.83,Online,Gujarat,Hindupur,Urban,6,Processing,Approved,,3103.53,0.06,Low,0.45
655,48,Male,Graduate,Salaried,9,669012,11352,0.24,723,80.54,No,197668,Personal,Personal,17,9.26,Medium,Private Bank,0.71,Offline,Karnataka,Maharashtra District,Rural,7,Processing,Pending,,1926.98,0.03,Low,0.3
656,46,Female,Graduate,Salaried,16,503868,10575,0.32,540,13.52,Yes,206429,Home,Home,9,10.79,High,Government Bank,0.49,Online,Uttar Pradesh,Tiruppur,Urban,19,Done,Approved,,2995.29,0.07,Low,0.41
657,61,Male,Graduate,Self-employed,25,790612,13529,0.38,806,54.79,No,570253,Vehicle,Vehicle,7,16.65,Low,Finance Company,1.78,Online,Telangana,Bulandshahr,Urban,4,Processing,Approved,,11538.52,0.18,Low,0.72
658,36,Male,Graduate,Salaried,30,687715,12231,0.32,730,64.46,No,204950,Education,Education,3,7.39,Medium,Private Bank,1.49,Online,Telangana,Orai,Urban,3,Done,Approved,,6364.87,0.11,Low,0.3
659,61,Male,Graduate,Self-employed,24,1066616,4114,0.14,587,73.76,No,286669,Vehicle,Vehicle,4,16.43,High,Private Bank,1.24,Online,Bihar,Jorhat,Urban,7,Processing,Approved,,8187.55,0.09,Low,0.27
660,44,Female,Graduate,Salaried,21,762671,11618,0.24,499,42.68,No,270214,Appliances,Appliances,13,14.23,High,Private Bank,0.82,Online,Haryana,Ujjain,Urban,5,Done,Approved,,3809.97,0.06,Low,0.35
661,39,Female,Graduate,Salaried,25,311982,4535,1.08,808,45.18,No,1965641,Home,Home,16,12.42,Low,Finance Company,2.44,Online,Bihar,Burhanpur,Urban,3,Done,Approved,,23614.69,0.91,High,6.3
662,47,Male,Graduate,Salaried,7,424028,9389,0.62,696,26.39,No,840576,Home,Home,8,9.53,Medium,Private Bank,1.16,Online,Bihar,Barasat,Urban,8,Processing,Approved,,12546.95,0.36,Medium,1.98
663,32,Male,Non-Graduate,Salaried,24,514911,14255,0.49,483,67.28,No,210788,Business,Business,3,11.61,High,Government Bank,0.28,Offline,Kerala,Rajasthan District,Rural,16,Processing,Approved,,6961.98,0.16,Low,0.41
664,26,Female,Non-Graduate,Salaried,28,844272,5071,0.22,707,18.26,No,952317,Vehicle,Vehicle,18,11.15,Medium,Government Bank,0.37,Offline,Delhi,Meghalaya District,Rural,15,Done,Approved,,10237.21,0.15,Low,1.13
665,47,Male,Graduate,Self-employed,27,1570044,12195,0.13,724,81.99,No,318630,Appliances,Appliances,10,12.54,Medium,Private Bank,1.47,Offline,Delhi,Haryana District,Rural,8,Processing,Rejected,Previous Loan Default,4671.43,0.04,Low,0.2
666,36,Male,Graduate,Salaried,23,499011,11093,0.35,661,83.42,No,341260,Business,Business,19,10.83,Medium,Finance Company,1.52,Online,Karnataka,Hospet,Urban,4,Processing,Approved,,3535.74,0.09,Low,0.68
667,47,Male,Graduate,Self-employed,17,1532355,7322,0.14,596,65.45,No,243396,Agriculture,Agriculture,2,5.33,High,Finance Company,2.74,Online,Maharashtra,Orai,Urban,4,Done,Approved,,10714.13,0.08,Low,0.16
668,58,Female,Graduate,Salaried,20,555015,2665,0.18,754,40.54,No,429572,Vehicle,Vehicle,19,14.76,Low,Government Bank,0.61,Online,Madhya Pradesh,Sonipat,Urban,16,Processing,Approved,,5630.51,0.12,Low,0.77
669,37,Female,Graduate,Salaried,25,386041,12503,0.48,492,38.33,No,222988,Personal,Personal,11,10.13,High,Private Bank,1.05,Online,Karnataka,Varanasi,Urban,3,Processing,Rejected,Low Income,2808.21,0.09,Low,0.58
670,41,Male,Graduate,Salaried,21,337398,3217,0.34,682,43.37,No,177873,Vehicle,Vehicle,3,16.8,Medium,Finance Company,1.75,Offline,Bihar,Chhattisgarh District,Rural,2,Processing,Pending,,6323.97,0.22,Low,0.53
671,33,Male,Non-Graduate,Salaried,30,436527,19573,0.57,632,78.17,No,148961,Education,Education,20,7.34,High,Finance Company,1.61,Offline,Bihar,Punjab District,Rural,5,Processing,Approved,,1185.49,0.03,Low,0.34
672,62,Male,Graduate,Salaried,23,527711,17395,1.03,785,63.37,No,1761931,Home,Home,8,11.04,Low,Private Bank,0.81,Online,West Bengal,Bhiwani,Urban,4,Done,Rejected,High Loan Amount Request,27715.19,0.63,High,3.34
673,26,Male,Graduate,Self-employed,21,638344,18257,0.82,812,51.41,No,1287354,Appliances,Appliances,6,12.03,Low,Private Bank,1.41,Online,Uttar Pradesh,Bettiah,Urban,5,Processing,Approved,,25188.11,0.47,High,2.02
674,25,Female,Graduate,Salaried,29,389113,4301,0.59,825,26.18,No,1213508,Education,Education,9,6.5,Low,Finance Company,1.55,Online,Uttar Pradesh,Raichur,Urban,2,Processing,Rejected,Low Income,14870.95,0.46,High,3.12
675,48,Male,Graduate,Self-employed,5,1635533,19757,0.2,489,47.03,No,306073,Business,Business,5,13.65,High,Private Bank,0.72,Online,Uttar Pradesh,Noida,Urban,3,Done,Pending,,7066.37,0.05,Low,0.19
676,36,Male,Graduate,Salaried,7,344213,12802,0.57,757,31.35,No,263359,Home,Home,12,11.67,Low,Finance Company,2.3,Online,Telangana,Rohtak,Urban,2,Done,Approved,,3406.58,0.12,Low,0.77
677,57,Male,Graduate,Salaried,12,853201,11774,0.41,755,20.46,Yes,1412635,Home,Home,13,11.13,Low,Finance Company,3,Online,Bihar,Khora ,Urban,5,Processing,Approved,,17169.08,0.24,Low,1.66
678,46,Female,Graduate,Salaried,22,673347,19570,0.39,575,11.17,Yes,236162,Personal,Personal,18,10.39,High,Finance Company,2.16,Online,Haryana,Nandyal,Urban,4,Processing,Pending,,2420.81,0.04,Low,0.35
679,56,Male,Non-Graduate,Self-employed,26,756383,7092,0.42,707,32.11,No,395010,Vehicle,Vehicle,2,14.64,Medium,Private Bank,0.9,Offline,Rajasthan,Madhya Pradesh District,Rural,6,Processing,Approved,,19085.22,0.3,Medium,0.52
680,26,Female,Graduate,Salaried,5,717674,13088,0.29,470,28.47,No,277944,Personal,Personal,10,12.43,High,Finance Company,2.65,Online,Delhi,Naihati,Urban,4,Processing,Approved,,4057.08,0.07,Low,0.39
681,38,Female,Graduate,Salaried,11,835294,4183,0.09,552,28.19,No,188499,Appliances,Appliances,19,12.87,High,Government Bank,0.35,Online,Kerala,Satna,Urban,10,Done,Approved,,2216.33,0.03,Low,0.23
682,58,Male,Graduate,Salaried,12,574367,4991,0.16,563,84.76,No,220474,Appliances,Appliances,19,13.82,High,Government Bank,0.65,Online,Tamil Nadu,Patiala,Urban,13,Processing,Approved,,2740.49,0.06,Low,0.38
683,29,Male,Graduate,Self-employed,10,1620231,9254,0.13,708,26.77,No,745907,Business,Business,18,10.71,Medium,Finance Company,1.73,Online,Punjab,Narasaraopet,Urban,4,Done,Approved,,7801.89,0.06,Low,0.46
684,33,Male,Graduate,Salaried,25,755064,10485,0.32,710,77.38,No,213076,Agriculture,Agriculture,2,6.83,Medium,Government Bank,0.58,Online,Rajasthan,Gaya,Urban,14,Processing,Approved,,9523.55,0.15,Low,0.28
685,55,Female,Graduate,Self-employed,29,1772328,6538,0.05,625,63.93,No,95175,Vehicle,Vehicle,14,15.77,High,Finance Company,2.04,Online,Kerala,Morena,Urban,4,Processing,Approved,,1407.77,0.01,Low,0.05
686,60,Male,Non-Graduate,Salaried,11,427886,13178,0.52,571,86.44,No,306504,Education,Education,6,8.76,High,Government Bank,0.57,Offline,Karnataka,Odisha District,Rural,19,Processing,Approved,,5488.46,0.15,Low,0.72
687,58,Male,Graduate,Salaried,30,492510,13780,0.39,593,45.45,No,121486,Vehicle,Vehicle,8,17.36,High,Finance Company,1.51,Online,Karnataka,Ludhiana,Urban,5,Processing,Pending,,2349.18,0.06,Low,0.25
688,61,Male,Graduate,Self-employed,19,769491,10629,0.22,511,67.89,No,101159,Appliances,Appliances,3,10.96,High,Government Bank,0.67,Offline,Bihar,Karnataka District,Rural,20,Done,Approved,,3309.9,0.05,Low,0.13
689,54,Male,Graduate,Salaried,26,453791,7307,0.32,662,48.17,No,349085,Home,Home,9,10.24,Medium,Private Bank,1.28,Offline,Uttar Pradesh,Mizoram District,Rural,5,Processing,Approved,,4960.14,0.13,Low,0.77
690,42,Male,Graduate,Salaried,30,478185,10776,0.45,713,54.01,No,365656,Education,Education,5,7.45,Medium,Private Bank,0.9,Online,Punjab,Aizawl,Urban,3,Processing,Pending,,7318.31,0.18,Low,0.76
691,55,Male,Graduate,Self-employed,19,954635,12566,0.19,463,10.89,No,171740,Education,Education,7,5.46,High,Private Bank,1.1,Online,Uttar Pradesh,Adoni,Urban,4,Done,Approved,,2464.65,0.03,Low,0.18
692,39,Male,Graduate,Salaried,13,605216,16136,0.41,595,20.85,No,254994,Appliances,Appliances,7,10.43,High,Finance Company,2.87,Online,Bihar,Bhalswa Jahangir Pur,Urban,5,Processing,Approved,,4290.07,0.09,Low,0.42
693,31,Female,Graduate,Self-employed,8,993456,2324,0.08,505,83.69,No,278170,Appliances,Appliances,14,17.68,High,Government Bank,0.44,Online,Telangana,Rewa,Urban,14,Done,Approved,,4482.42,0.05,Low,0.28
694,62,Female,Graduate,Self-employed,7,1339043,3614,0.08,644,27.8,No,397079,Vehicle,Vehicle,20,16.1,High,Finance Company,1.69,Online,Maharashtra,Sangli-Miraj & Kupwad,Urban,1,Processing,Approved,,5554.2,0.05,Low,0.3
695,50,Male,Non-Graduate,Pensioner,15,287895,9551,0.64,642,83.93,No,379769,Vehicle,Vehicle,19,17.66,High,Finance Company,2.4,Offline,Delhi,Meghalaya District,Rural,1,Processing,Approved,,5796.2,0.24,Low,1.32
696,42,Male,Graduate,Self-employed,23,654183,12613,0.35,557,63.67,No,399579,Agriculture,Agriculture,6,5.27,High,Government Bank,0.5,Offline,Gujarat,Tripura District,Rural,20,Done,Rejected,Insufficient Employment Length,6485.36,0.12,Low,0.61
697,61,Female,Graduate,Salaried,15,597741,15284,0.4,607,24.32,No,324758,Business,Business,12,13.37,High,Government Bank,0.68,Online,Madhya Pradesh,Tumkur,Urban,11,Processing,Approved,,4538.83,0.09,Low,0.54
698,28,Male,Graduate,Salaried,20,619711,19496,0.43,579,41.8,No,167906,Appliances,Appliances,9,13.85,High,Private Bank,1.03,Offline,Kerala,Andhra Pradesh District,Rural,4,Processing,Approved,,2727.8,0.05,Low,0.27
699,46,Male,Graduate,Salaried,8,815919,1455,0.33,711,24.2,No,626230,Personal,Personal,3,12.01,Medium,Private Bank,1.01,Offline,Uttar Pradesh,Kerala District,Rural,5,Processing,Approved,,20802.79,0.31,Medium,0.77
700,55,Female,Non-Graduate,Salaried,28,893463,7487,0.14,613,83.62,Yes,363778,Education,Education,20,7.74,High,Private Bank,1.47,Offline,Telangana,Gujarat District,Rural,3,Processing,Approved,,2984.19,0.04,Low,0.41
701,60,Male,Graduate,Self-employed,17,1630763,5174,0.06,454,51.3,No,112115,Home,Home,3,8.48,High,Private Bank,1.42,Online,Kerala,Anand,Urban,6,Processing,Approved,,3538.16,0.03,Low,0.07
702,36,Male,Graduate,Salaried,23,447413,7898,0.31,464,69.19,No,321483,Education,Education,10,6.09,High,Private Bank,1.31,Online,Tamil Nadu,Dharmavaram,Urban,6,Processing,Approved,,3583.67,0.1,Low,0.72
703,27,Male,Graduate,Salaried,26,677958,16768,1.06,757,41.9,No,1955538,Appliances,Appliances,5,11.39,Low,Finance Company,1.88,Online,Uttar Pradesh,Chennai,Urban,5,Processing,Rejected,Low Income,42899.47,0.76,High,2.88
704,60,Male,Graduate,Salaried,16,705034,15456,0.32,458,70.75,No,248261,Appliances,Appliances,16,16.22,High,Finance Company,2.47,Online,Rajasthan,Hubli–Dharwad,Urban,4,Processing,Rejected,Low Income,3631.43,0.06,Low,0.35
705,52,Male,Graduate,Salaried,14,476743,4489,0.16,451,75.19,No,145477,Vehicle,Vehicle,15,15.1,High,Finance Company,2.02,Online,Punjab,Danapur,Urban,5,Done,Pending,,2046.05,0.05,Low,0.31
706,36,Male,Graduate,Salaried,25,755408,6518,0.52,847,79.21,No,1971988,Personal,Personal,13,12.72,Low,Private Bank,1.2,Online,Delhi,New Delhi,Urban,8,Processing,Approved,,25903.24,0.41,Medium,2.61
707,44,Female,Graduate,Salaried,6,325541,18183,0.96,684,17.72,No,833445,Personal,Personal,17,8.78,Medium,Private Bank,1.4,Offline,Rajasthan,Maharashtra District,Rural,4,Processing,Approved,,7878.73,0.29,Low,2.56
708,53,Male,Graduate,Self-employed,15,1323182,18750,0.22,755,22.01,No,314723,Home,Home,8,12.37,Low,Finance Company,2.93,Offline,Punjab,Arunachal Pradesh District,Rural,1,Done,Approved,,5179.34,0.05,Low,0.24
709,53,Female,Graduate,Salaried,7,614510,17583,0.57,570,47.31,No,344972,Personal,Personal,3,12.49,High,Private Bank,1.24,Online,Rajasthan,Amritsar,Urban,7,Done,Approved,,11538.91,0.23,Low,0.56
710,43,Male,Graduate,Self-employed,26,1372245,11453,0.13,713,12.25,No,321649,Personal,Personal,14,9.22,Medium,Private Bank,0.95,Online,Punjab,Tadepalligudem,Urban,4,Done,Approved,,3415.39,0.03,Low,0.23
711,30,Male,Graduate,Salaried,6,516827,14845,0.45,453,59.44,No,336070,Agriculture,Agriculture,8,7.35,High,Government Bank,0.57,Online,Maharashtra,Imphal,Urban,13,Processing,Approved,,4640.64,0.11,Low,0.65
712,57,Female,Non-Graduate,Salaried,17,780607,10407,0.18,597,85.84,No,106809,Home,Home,20,11.42,High,Private Bank,1.22,Offline,Karnataka,Goa District,Rural,6,Processing,Approved,,1133.16,0.02,Low,0.14
713,50,Male,Graduate,Salaried,27,772494,4841,0.09,478,89.15,No,67311,Appliances,Appliances,13,15.54,High,Private Bank,0.94,Online,Rajasthan,Sri Ganganagar,Urban,6,Done,Pending,,1006.97,0.02,Low,0.09
714,30,Male,Graduate,Pensioner,28,215971,6681,0.59,585,78.47,Yes,373308,Vehicle,Vehicle,16,10.1,High,Government Bank,0.63,Online,Rajasthan,Bongaigaon,Urban,20,Processing,Approved,,3927.71,0.22,Low,1.73
715,29,Male,Graduate,Self-employed,24,1007290,15021,0.28,662,17.5,Yes,165971,Appliances,Appliances,2,17.21,Medium,Finance Company,1.62,Online,Uttar Pradesh,Gandhidham,Urban,5,Done,Approved,,8222.74,0.1,Low,0.16
716,34,Male,Non-Graduate,Salaried,7,461793,15184,0.45,549,13.17,No,264251,Agriculture,Agriculture,20,6.43,High,Government Bank,0.51,Offline,Telangana,Assam District,Rural,10,Done,Approved,,1959.31,0.05,Low,0.57
717,56,Male,Graduate,Salaried,12,716663,17883,0.34,564,26.9,Yes,174252,Personal,Personal,11,10.38,High,Government Bank,0.43,Online,Rajasthan,Kota,Urban,10,Done,Approved,,2219.25,0.04,Low,0.24
718,54,Female,Graduate,Self-employed,21,1504378,19230,0.19,571,33.03,No,245790,Education,Education,5,5.93,High,Finance Company,2.43,Online,Bihar,Mirzapur,Urban,5,Processing,Approved,,4743.81,0.04,Low,0.16
719,49,Male,Graduate,Salaried,23,846750,9536,0.21,728,36.85,Yes,243025,Personal,Personal,5,9.97,Medium,Finance Company,2.26,Offline,Gujarat,Assam District,Rural,5,Processing,Rejected,Low Income,5159.98,0.07,Low,0.29
720,27,Male,Graduate,Salaried,18,809396,18657,0.32,596,45.15,No,245015,Business,Business,18,13.05,High,Finance Company,2.61,Online,Delhi,Khammam,Urban,3,Done,Approved,,2949.73,0.04,Low,0.3
721,58,Male,Graduate,Self-employed,26,929985,16396,0.22,520,16.56,No,58767,Personal,Personal,10,8.38,High,Private Bank,1.27,Online,Maharashtra,Hosur,Urban,5,Done,Pending,,724.86,0.01,Low,0.06
722,36,Male,Graduate,Salaried,7,560851,6627,0.17,538,80.76,No,131865,Agriculture,Agriculture,12,6.98,High,Government Bank,0.62,Offline,West Bengal,Rajasthan District,Rural,17,Done,Pending,,1354.67,0.03,Low,0.24
723,42,Male,Graduate,Salaried,8,674330,8351,0.3,657,59.18,No,756691,Agriculture,Agriculture,10,5.6,Medium,Private Bank,0.74,Online,Rajasthan,Danapur,Urban,3,Done,Pending,,8249.63,0.15,Low,1.12
724,48,Female,Graduate,Self-employed,17,1079468,2898,0.05,696,56.67,No,123905,Personal,Personal,7,9.65,Medium,Finance Company,1.97,Offline,Tamil Nadu,Gujarat District,Rural,1,Done,Approved,,2034.63,0.02,Low,0.11
725,40,Male,Graduate,Salaried,22,312565,8848,0.41,676,87.52,No,100944,Appliances,Appliances,10,16.33,Medium,Government Bank,0.63,Online,Uttar Pradesh,Karnal,Urban,16,Processing,Approved,,1711.76,0.07,Low,0.32
726,36,Male,Graduate,Salaried,20,834758,17324,0.52,760,80.08,No,1516246,Personal,Personal,16,12.91,Low,Private Bank,0.9,Online,Karnataka,Bongaigaon,Urban,5,Done,Approved,,18709.92,0.27,Low,1.82
727,32,Male,Graduate,Salaried,23,467962,14076,0.65,753,80.14,No,1176146,Personal,Personal,15,8.06,Low,Finance Company,2.07,Online,Gujarat,Katni,Urban,5,Done,Approved,,11280.64,0.29,Low,2.51
728,28,Male,Graduate,Salaried,8,470270,8928,0.34,470,16.51,No,351750,Vehicle,Vehicle,12,10.38,High,Finance Company,1.83,Offline,Delhi,Telangana District,Rural,5,Processing,Approved,,4281.27,0.11,Low,0.75
729,46,Male,Graduate,Salaried,12,582333,17866,0.49,611,80.98,No,191827,Personal,Personal,3,8.97,High,Government Bank,0.39,Online,Bihar,Jodhpur,Urban,20,Done,Approved,,6097.37,0.13,Low,0.33
730,34,Male,Non-Graduate,Salaried,25,367684,7548,0.36,474,37.75,No,214145,Home,Home,8,12.5,High,Government Bank,0.44,Offline,West Bengal,Manipur District,Rural,18,Processing,Approved,,3539.56,0.12,Low,0.58
731,58,Male,Graduate,Salaried,6,897998,3160,0.12,750,11.65,No,507792,Agriculture,Agriculture,12,7.94,Medium,Government Bank,0.64,Online,Haryana,Rourkela,Urban,13,Done,Pending,,5479.92,0.07,Low,0.57
732,47,Female,Graduate,Salaried,13,480883,2560,0.68,767,31.09,No,1561387,Agriculture,Agriculture,7,8.46,Low,Government Bank,0.52,Online,West Bengal,Bhiwani,Urban,10,Done,Rejected,High Existing EMI,24695.49,0.62,High,3.25
733,58,Male,Graduate,Self-employed,28,1796911,10784,0.1,712,73.38,No,228180,Business,Business,7,17.38,Medium,Private Bank,1.06,Online,Delhi,Rajahmundry,Urban,5,Done,Approved,,4713.29,0.03,Low,0.13
734,42,Male,Graduate,Salaried,26,640255,14043,0.48,495,18.98,No,363487,Education,Education,3,7.65,High,Finance Company,2.32,Offline,Karnataka,Sikkim District,Rural,3,Done,Approved,,11331.76,0.21,Low,0.57
735,31,Male,Graduate,Salaried,5,673463,12307,0.25,505,21.69,No,143683,Education,Education,12,8.02,High,Private Bank,1.47,Online,Kerala,Vellore,Urban,8,Processing,Approved,,1556.88,0.03,Low,0.21
736,45,Female,Graduate,Salaried,22,354437,10104,0.53,593,69.68,No,296183,Appliances,Appliances,9,17.89,High,Private Bank,0.8,Online,Gujarat,Raichur,Urban,6,Done,Approved,,5535.11,0.19,Low,0.84
737,41,Male,Graduate,Self-employed,19,1511467,15973,0.26,809,43.67,No,1128438,Business,Business,11,13.68,Low,Government Bank,0.37,Online,Gujarat,Nellore,Urban,16,Done,Approved,,16576.72,0.13,Low,0.75
738,36,Female,Graduate,Salaried,18,857202,5513,0.31,739,80.55,No,519176,Education,Education,3,8.5,Medium,Finance Company,2.32,Online,Haryana,Narasaraopet,Urban,5,Done,Pending,,16389.11,0.23,Low,0.61
739,37,Female,Graduate,Salaried,20,733908,18454,0.44,495,11.09,No,353764,Education,Education,4,5.89,High,Private Bank,1.4,Online,Bihar,Khora ,Urban,5,Processing,Approved,,8290.33,0.14,Low,0.48
740,45,Male,Graduate,Salaried,8,428653,19711,0.69,514,87.48,No,345238,Business,Business,12,14.19,High,Finance Company,2.25,Online,Maharashtra,Rewa,Urban,2,Processing,Pending,,5003,0.14,Low,0.81
741,59,Female,Graduate,Salaried,24,770673,12012,0.26,642,52.34,No,298779,Education,Education,7,8.58,High,Government Bank,0.25,Online,Karnataka,Narasaraopet,Urban,20,Done,Approved,,4743.64,0.07,Low,0.39
742,25,Male,Graduate,Self-employed,13,835196,13792,0.29,814,69.83,No,523115,Education,Education,10,8.97,Low,Finance Company,2.25,Online,Maharashtra,Akola,Urban,2,Done,Pending,,6618.11,0.1,Low,0.63
743,48,Male,Graduate,Salaried,26,484477,6414,0.42,505,60.17,Yes,325320,Business,Business,3,10.02,High,Finance Company,2.83,Offline,Gujarat,Andhra Pradesh District,Rural,4,Processing,Approved,,10500.22,0.26,Low,0.67
744,44,Female,Graduate,Salaried,25,866494,2636,0.14,698,58.75,No,565089,Appliances,Appliances,15,13.4,Medium,Private Bank,1.39,Offline,Telangana,Andhra Pradesh District,Rural,4,Done,Approved,,7299.11,0.1,Low,0.65
745,31,Male,Graduate,Salaried,25,465939,7806,0.31,582,35.59,No,268052,Appliances,Appliances,9,13.05,High,Government Bank,0.38,Online,Karnataka,Gangtok,Urban,16,Done,Rejected,High Loan Amount Request,4230.49,0.11,Low,0.58
746,62,Male,Graduate,Salaried,17,391769,2666,0.17,534,10.95,No,240440,Appliances,Appliances,15,12.53,High,Private Bank,1.47,Online,Punjab,Cuttack,Urban,8,Done,Approved,,2968.17,0.09,Low,0.61
747,30,Male,Non-Graduate,Salaried,30,384788,1990,0.16,495,38.11,No,101099,Personal,Personal,3,10.75,High,Finance Company,2.5,Offline,Karnataka,Gujarat District,Rural,4,Processing,Approved,,3297.9,0.1,Low,0.26
748,61,Female,Graduate,Salaried,19,645113,61,0.3,656,68.39,No,879439,Home,Home,7,12.65,Medium,Finance Company,2.95,Online,Haryana,Gopalpur,Urban,3,Processing,Approved,,15831.86,0.29,Low,1.36
749,25,Male,Graduate,Salaried,27,703555,12945,0.26,459,88.72,Yes,244085,Personal,Personal,19,9.29,High,Government Bank,0.31,Online,Madhya Pradesh,Kulti,Urban,17,Done,Pending,,2283.09,0.04,Low,0.35
750,58,Female,Graduate,Self-employed,20,889497,19897,0.4,805,81.85,No,871138,Appliances,Appliances,16,11.11,Low,Private Bank,0.9,Online,Madhya Pradesh,Akola,Urban,6,Processing,Approved,,9722.27,0.13,Low,0.98
751,33,Male,Graduate,Salaried,6,547277,1495,0.11,518,11.24,No,259291,Home,Home,9,9.84,High,Finance Company,2.07,Online,Rajasthan,Kamarhati,Urban,5,Processing,Approved,,3628.05,0.08,Low,0.47
752,38,Male,Graduate,Salaried,18,442275,13892,0.41,633,23.68,No,70511,Personal,Personal,6,9.78,High,Finance Company,1.56,Online,West Bengal,Bhagalpur,Urban,2,Processing,Approved,,1298.47,0.04,Low,0.16
753,53,Female,Graduate,Salaried,23,792898,19317,0.35,641,44.69,No,321772,Appliances,Appliances,18,13.44,High,Private Bank,1,Online,Kerala,Sultan Pur Majra,Urban,7,Processing,Approved,,3961.13,0.06,Low,0.41
754,32,Male,Graduate,Salaried,18,604130,9190,0.26,546,37.41,Yes,119460,Education,Education,3,8.31,High,Government Bank,0.61,Offline,Telangana,Rajasthan District,Rural,19,Done,Approved,,3760.55,0.07,Low,0.2
755,32,Female,Graduate,Salaried,14,693638,13218,0.24,575,51.61,No,108835,Education,Education,20,7.41,High,Government Bank,0.36,Online,Rajasthan,Ambala,Urban,19,Processing,Approved,,870.79,0.02,Low,0.16
756,41,Female,Graduate,Salaried,29,581952,13429,0.33,506,15.76,No,159796,Vehicle,Vehicle,15,17.42,High,Finance Company,2.96,Online,Karnataka,Bharatpur,Urban,1,Done,Approved,,2506.99,0.05,Low,0.27
757,31,Female,Graduate,Salaried,12,862483,6665,0.16,676,81.75,Yes,544356,Agriculture,Agriculture,20,8.51,Medium,Government Bank,0.32,Online,Tamil Nadu,Asansol,Urban,15,Done,Pending,,4727.49,0.07,Low,0.63
758,47,Male,Graduate,Salaried,17,608052,1979,0.26,710,86.84,No,841732,Education,Education,8,6.27,Medium,Finance Company,1.83,Online,Telangana,Shimla,Urban,4,Processing,Approved,,11172.55,0.22,Low,1.38
759,51,Male,Graduate,Salaried,8,569504,9586,0.3,803,72.08,No,351246,Vehicle,Vehicle,20,15.11,Low,Private Bank,0.75,Offline,Bihar,Gujarat District,Rural,7,Processing,Approved,,4653.74,0.1,Low,0.62
760,32,Male,Graduate,Salaried,8,896867,12917,0.18,581,15.28,No,51638,Business,Business,18,14.12,High,Private Bank,1.3,Online,Tamil Nadu,Ichalkaranji,Urban,5,Processing,Approved,,660.38,0.01,Low,0.06
761,58,Male,Graduate,Self-employed,12,989815,16994,0.22,583,15.73,No,92880,Vehicle,Vehicle,11,10.85,High,Government Bank,0.38,Online,West Bengal,Panihati,Urban,14,Processing,Approved,,1207.96,0.01,Low,0.09
762,53,Male,Graduate,Salaried,5,801695,305,0.47,849,78.41,No,1425771,Business,Business,6,15.81,Low,Government Bank,0.28,Online,Gujarat,Malegaon,Urban,18,Done,Approved,,30778.64,0.46,High,1.78
763,44,Male,Non-Graduate,Salaried,15,314162,19765,1.16,691,42.49,No,992276,Personal,Personal,15,9.99,Medium,Finance Company,1.84,Offline,Haryana,Sikkim District,Rural,1,Processing,Approved,,10656.98,0.41,Medium,3.16
764,26,Male,Non-Graduate,Self-employed,21,710800,98,0.15,753,26.17,No,726555,Vehicle,Vehicle,20,13.62,Low,Private Bank,1.15,Offline,Karnataka,Chhattisgarh District,Rural,4,Processing,Approved,,8835.04,0.15,Low,1.02
765,56,Female,Graduate,Salaried,21,304497,7907,1.05,802,18.49,No,1228735,Appliances,Appliances,11,14.45,Low,Government Bank,0.69,Online,Haryana,Agartala,Urban,11,Processing,Approved,,18634.17,0.73,High,4.04
766,60,Male,Graduate,Salaried,30,363095,6057,0.3,672,39.83,No,278795,Personal,Personal,17,10.36,Medium,Government Bank,0.68,Offline,Bihar,Karnataka District,Rural,18,Done,Approved,,2910.94,0.1,Low,0.77
767,56,Male,Graduate,Salaried,20,730300,5035,0.12,562,18.76,No,180890,Business,Business,17,13.93,High,Government Bank,0.27,Online,Haryana,Guntakal,Urban,20,Done,Approved,,2320.11,0.04,Low,0.25
768,45,Male,Graduate,Self-employed,7,967172,9011,0.13,569,62.67,Yes,192821,Agriculture,Agriculture,19,8.86,High,Private Bank,1.39,Offline,Haryana,Kerala District,Rural,5,Done,Approved,,1750.89,0.02,Low,0.2
769,53,Female,Graduate,Salaried,20,378756,13015,1.66,726,49.5,No,881620,Agriculture,Agriculture,2,6.64,Medium,Private Bank,1.47,Online,Delhi,Madurai,Urban,5,Done,Pending,,39328.68,1.25,High,2.33
770,50,Male,Graduate,Salaried,28,636251,3093,1.02,831,15.46,No,1677218,Education,Education,3,5.63,Low,Private Bank,1.42,Online,Uttar Pradesh,Tumkur,Urban,4,Done,Approved,,50743.51,0.96,High,2.64
771,53,Male,Non-Graduate,Salaried,8,588236,4891,0.22,558,18.54,No,352831,Appliances,Appliances,11,17.12,High,Private Bank,1.04,Offline,Gujarat,Tripura District,Rural,4,Done,Pending,,5951.01,0.12,Low,0.6
772,38,Male,Graduate,Salaried,10,614739,16408,0.61,680,61.96,No,581517,Personal,Personal,4,9.96,Medium,Private Bank,0.98,Offline,Bihar,Sikkim District,Rural,3,Processing,Approved,,14737.61,0.29,Low,0.95
773,50,Male,Graduate,Self-employed,8,1244245,14368,0.18,535,52.36,No,266954,Appliances,Appliances,20,16.67,High,Private Bank,1.49,Online,Delhi,Sikar,Urban,5,Processing,Approved,,3848.83,0.04,Low,0.21
774,29,Male,Graduate,Self-employed,11,1556403,3078,0.05,620,45.43,No,347731,Personal,Personal,13,8.42,High,Private Bank,1.32,Online,Tamil Nadu,Tirupati,Urban,8,Processing,Approved,,3674.32,0.03,Low,0.22
775,34,Male,Non-Graduate,Self-employed,26,969056,6201,0.1,648,67.36,Yes,219266,Agriculture,Agriculture,19,7.27,High,Government Bank,0.64,Offline,Delhi,Arunachal Pradesh District,Rural,18,Processing,Approved,,1776.63,0.02,Low,0.23
776,57,Male,Graduate,Salaried,21,393053,467,0.13,641,78.15,No,254130,Vehicle,Vehicle,15,16.73,High,Private Bank,0.97,Online,Bihar,Mumbai,Urban,5,Done,Pending,,3862.55,0.12,Low,0.65
777,62,Male,Graduate,Salaried,12,715056,8477,0.27,750,49.75,No,879337,Agriculture,Agriculture,17,7.83,Medium,Private Bank,1.44,Offline,West Bengal,Assam District,Rural,3,Done,Approved,,7809.88,0.13,Low,1.23
778,59,Male,Graduate,Salaried,29,849492,7816,0.12,591,70.88,No,80317,Education,Education,8,5.21,High,Government Bank,0.62,Online,Karnataka,Chittoor,Urban,19,Processing,Approved,,1024.86,0.01,Low,0.09
779,33,Male,Graduate,Self-employed,29,1546054,10019,0.08,493,17.59,No,61009,Agriculture,Agriculture,11,6.43,High,Government Bank,0.4,Online,Madhya Pradesh,North Dumdum,Urban,14,Done,Rejected,High Existing EMI,645.94,0.01,Low,0.04
780,56,Male,Graduate,Pensioner,6,279573,8122,0.91,539,86.15,Yes,379355,Vehicle,Vehicle,3,14.02,High,Private Bank,0.76,Offline,Punjab,Arunachal Pradesh District,Rural,7,Done,Approved,,12969.14,0.56,High,1.36
781,38,Male,Graduate,Salaried,7,674095,16891,0.36,625,20.47,No,392460,Home,Home,19,8.77,High,Government Bank,0.69,Online,Gujarat,Anantapuram,Urban,18,Processing,Approved,,3541.43,0.06,Low,0.58
782,33,Male,Graduate,Salaried,20,319036,151,1.25,712,27.99,No,916868,Business,Business,3,17.62,Medium,Government Bank,0.38,Offline,Punjab,Odisha District,Rural,17,Done,Pending,,32972.46,1.24,High,2.87
783,52,Male,Graduate,Self-employed,9,1235444,19401,0.23,678,47.41,Yes,415844,Home,Home,17,9.93,Medium,Finance Company,2.6,Online,Kerala,Tinsukia,Urban,4,Processing,Approved,,4228.23,0.04,Low,0.34
784,48,Female,Graduate,Salaried,20,702351,484,0.04,574,75.79,No,160742,Vehicle,Vehicle,16,10.46,High,Finance Company,2.12,Online,Punjab,Jorhat,Urban,4,Processing,Pending,,1727.53,0.03,Low,0.23
785,27,Male,Graduate,Salaried,29,481728,17481,0.52,479,26.38,No,289957,Education,Education,10,7.98,High,Government Bank,0.48,Online,Uttar Pradesh,Rajkot,Urban,19,Processing,Approved,,3514.92,0.09,Low,0.6
786,48,Male,Non-Graduate,Self-employed,6,1451740,19151,0.19,565,75.69,No,80943,Home,Home,2,12.25,High,Finance Company,2.58,Offline,Delhi,Arunachal Pradesh District,Rural,5,Done,Pending,,3819.72,0.03,Low,0.06
787,54,Male,Graduate,Salaried,27,529062,382,0.05,485,55.73,No,168550,Education,Education,12,7.29,High,Finance Company,2.01,Online,Bihar,Serampore,Urban,2,Processing,Rejected,Previous Loan Default,1759.5,0.04,Low,0.32
788,39,Male,Graduate,Salaried,14,351245,5226,0.21,480,28.98,No,66956,Home,Home,11,12.48,High,Government Bank,0.36,Online,Bihar,Panihati,Urban,19,Done,Approved,,934.94,0.03,Low,0.19
789,56,Male,Graduate,Salaried,28,624067,3182,0.37,745,50.44,No,901745,Appliances,Appliances,8,15.22,Medium,Government Bank,0.68,Online,Maharashtra,Bhilai,Urban,16,Done,Approved,,16297.19,0.31,Medium,1.44
790,38,Female,Graduate,Pensioner,20,283477,13150,0.86,632,57.48,No,325694,Personal,Personal,5,11.02,High,Private Bank,0.75,Online,Gujarat,Uluberia,Urban,7,Done,Rejected,Previous Loan Default,7084.63,0.3,Low,1.15
791,28,Female,Non-Graduate,Salaried,20,666912,8950,0.24,689,25.64,No,333245,Home,Home,9,9.07,Medium,Government Bank,0.29,Offline,Uttar Pradesh,Gujarat District,Rural,15,Done,Pending,,4525.48,0.08,Low,0.5
792,61,Male,Graduate,Salaried,16,842515,4540,0.1,738,80.61,No,196601,Appliances,Appliances,15,11.92,Medium,Private Bank,1.04,Online,Telangana,Kakinada,Urban,5,Processing,Approved,,2349.43,0.03,Low,0.23
793,32,Male,Graduate,Salaried,20,821614,8066,0.16,635,26.66,No,194563,Personal,Personal,10,11.22,High,Government Bank,0.31,Online,Tamil Nadu,Aurangabad,Urban,17,Done,Approved,,2704.39,0.04,Low,0.24
794,32,Female,Non-Graduate,Salaried,6,343318,19618,0.75,507,19.21,Yes,171570,Vehicle,Vehicle,16,11.61,High,Private Bank,1.22,Offline,Bihar,Gujarat District,Rural,4,Processing,Approved,,1970.13,0.07,Low,0.5
795,25,Male,Graduate,Salaried,18,806756,5439,0.25,732,51.05,No,584162,Agriculture,Agriculture,5,5.55,Medium,Government Bank,0.48,Online,Delhi,Tadepalligudem,Urban,11,Done,Approved,,11171.66,0.17,Low,0.72
796,39,Male,Graduate,Salaried,14,623214,1396,0.09,583,52.78,No,214603,Home,Home,8,10,High,Government Bank,0.68,Online,Gujarat,Chennai,Urban,15,Done,Approved,,3256.42,0.06,Low,0.34
797,41,Male,Graduate,Salaried,9,545160,8465,0.27,490,15.32,No,387029,Personal,Personal,18,10.49,High,Finance Company,2.78,Online,Kerala,Imphal,Urban,2,Done,Approved,,3992.5,0.09,Low,0.71
798,50,Female,Graduate,Salaried,14,584453,7059,0.21,764,56.03,No,205019,Appliances,Appliances,9,13.52,Low,Private Bank,0.92,Offline,West Bengal,Rajasthan District,Rural,7,Processing,Approved,,3291.36,0.07,Low,0.35
799,33,Male,Non-Graduate,Salaried,21,776089,5200,0.2,658,12.5,No,369086,Home,Home,5,8.24,Medium,Finance Company,2.59,Offline,Haryana,Tripura District,Rural,1,Processing,Rejected,High Loan Amount Request,7526.2,0.12,Low,0.48
800,57,Male,Graduate,Salaried,5,655343,15484,0.37,480,60.2,No,258693,Business,Business,11,17.65,High,Government Bank,0.36,Online,Delhi,Bulandshahr,Urban,18,Done,Approved,,4453,0.08,Low,0.39
801,33,Male,Graduate,Salaried,18,457573,10116,0.4,828,25.67,No,481348,Home,Home,17,10.6,Low,Government Bank,0.46,Online,Delhi,Bellary,Urban,12,Processing,Approved,,5099.92,0.13,Low,1.05
802,32,Male,Graduate,Salaried,14,319267,7586,0.44,575,13.01,No,244609,Business,Business,7,10.24,High,Finance Company,1.5,Online,Haryana,Maheshtala,Urban,4,Done,Approved,,4091.2,0.15,Low,0.77
803,30,Male,Graduate,Salaried,19,670613,8743,0.23,643,51.33,No,302165,Appliances,Appliances,19,16.39,High,Private Bank,0.94,Online,Telangana,Narasaraopet,Urban,3,Processing,Approved,,4323.19,0.08,Low,0.45
804,31,Male,Graduate,Salaried,26,447709,16150,0.5,761,61.39,No,293320,Agriculture,Agriculture,17,8.09,Low,Government Bank,0.29,Online,Gujarat,Bhopal,Urban,15,Done,Approved,,2650.52,0.07,Low,0.66
805,25,Male,Graduate,Self-employed,26,1355370,9780,0.1,512,84.33,No,184551,Business,Business,19,10.42,High,Private Bank,1.39,Offline,Karnataka,Punjab District,Rural,8,Processing,Approved,,1861.84,0.02,Low,0.14
806,26,Male,Graduate,Salaried,30,494805,14915,0.4,638,62.94,No,163618,Home,Home,16,9.97,High,Finance Company,1.68,Online,Tamil Nadu,Ujjain,Urban,3,Done,Approved,,1708.23,0.04,Low,0.33
807,46,Male,Graduate,Salaried,8,834514,14624,0.35,729,69.72,No,913551,Agriculture,Agriculture,10,5.55,Medium,Private Bank,1.04,Online,Uttar Pradesh,Vijayawada,Urban,4,Done,Approved,,9937.08,0.14,Low,1.09
808,57,Male,Non-Graduate,Salaried,7,722722,18449,0.4,557,11.2,No,315349,Home,Home,6,10.57,High,Private Bank,1.41,Offline,Telangana,Manipur District,Rural,3,Processing,Approved,,5933.15,0.1,Low,0.44
809,36,Male,Graduate,Salaried,9,619992,14175,1.82,794,81.83,No,1813894,Education,Education,2,5.5,Low,Finance Company,1.69,Online,Bihar,Bidhannagar,Urban,2,Processing,Approved,,79984.85,1.55,High,2.93
810,38,Male,Non-Graduate,Salaried,26,833174,13630,0.23,707,73.8,No,233161,Agriculture,Agriculture,13,7.3,Medium,Government Bank,0.51,Offline,West Bengal,Odisha District,Rural,10,Done,Approved,,2318.56,0.03,Low,0.28
811,27,Male,Graduate,Salaried,20,839226,13558,0.24,469,42.77,No,245643,Education,Education,8,5.71,High,Government Bank,0.53,Online,Haryana,Pudukkottai,Urban,13,Processing,Approved,,3193.53,0.05,Low,0.29
812,25,Male,Graduate,Salaried,19,743221,5435,0.14,457,17.22,No,211337,Business,Business,13,16.34,High,Government Bank,0.45,Online,Haryana,Belgaum,Urban,11,Processing,Approved,,3274.79,0.05,Low,0.28
813,62,Male,Graduate,Salaried,13,546095,9080,0.98,807,15.84,No,1356139,Appliances,Appliances,4,11.93,Low,Government Bank,0.3,Online,Uttar Pradesh,Sri Ganganagar,Urban,14,Done,Pending,,35665.75,0.78,High,2.48
814,37,Male,Graduate,Self-employed,13,700205,2513,0.07,663,63.4,No,111084,Vehicle,Vehicle,12,10.87,Medium,Government Bank,0.59,Online,Delhi,Kochi,Urban,20,Done,Approved,,1383.97,0.02,Low,0.16
815,28,Male,Graduate,Salaried,26,350037,11973,0.64,646,19.53,Yes,195954,Business,Business,3,15.47,High,Finance Company,2.74,Online,Karnataka,Bhatpara,Urban,1,Processing,Approved,,6838,0.23,Low,0.56
816,29,Male,Graduate,Salaried,23,818993,14196,0.26,599,23.98,No,328954,Home,Home,13,8.42,High,Finance Company,2.47,Online,Madhya Pradesh,Thane,Urban,4,Done,Approved,,3475.91,0.05,Low,0.4
817,45,Male,Graduate,Salaried,21,579585,2770,0.28,736,32.8,No,749178,Business,Business,16,15.79,Medium,Finance Company,2.97,Online,Delhi,Bhiwani,Urban,5,Processing,Approved,,10730.01,0.22,Low,1.29
818,44,Male,Graduate,Salaried,16,599512,2462,0.09,673,28.42,No,151482,Personal,Personal,10,9.05,Medium,Government Bank,0.51,Online,Uttar Pradesh,Narasaraopet,Urban,17,Processing,Approved,,1923.01,0.04,Low,0.25
819,27,Male,Graduate,Salaried,23,305133,3843,0.28,833,30.18,No,229691,Appliances,Appliances,16,15.1,Low,Finance Company,2.68,Online,Kerala,Kishanganj,Urban,1,Processing,Approved,,3178.34,0.12,Low,0.75
820,51,Male,Graduate,Salaried,30,358119,13570,0.69,542,38.14,No,298975,Education,Education,4,6.01,High,Private Bank,0.78,Online,Kerala,Nadiad,Urban,4,Processing,Approved,,7022.81,0.24,Low,0.83
821,57,Male,Graduate,Salaried,11,705215,2178,0.1,613,89.74,No,374735,Education,Education,13,6.81,High,Private Bank,0.85,Online,Delhi,Ujjain,Urban,4,Done,Approved,,3626.72,0.06,Low,0.53
822,52,Male,Graduate,Salaried,26,712376,6096,0.13,461,75.6,No,95958,Business,Business,14,16.25,High,Finance Company,2.59,Offline,Karnataka,Uttar Pradesh District,Rural,4,Processing,Approved,,1450.87,0.02,Low,0.13
823,47,Female,Graduate,Self-employed,16,787749,14882,0.4,742,87.56,No,773935,Vehicle,Vehicle,10,12.55,Medium,Government Bank,0.37,Online,Bihar,Ambattur,Urban,10,Done,Pending,,11351.17,0.17,Low,0.98
824,33,Male,Graduate,Salaried,16,667369,18647,0.77,775,56.62,No,1368575,Business,Business,9,16,Low,Private Bank,1.43,Offline,Rajasthan,Goa District,Rural,5,Done,Approved,,23984.62,0.43,Medium,2.05
825,33,Male,Graduate,Self-employed,22,1410949,15612,0.16,472,25.89,No,202290,Business,Business,10,16.56,High,Private Bank,0.96,Offline,Bihar,Punjab District,Rural,4,Processing,Approved,,3459.55,0.03,Low,0.14
826,38,Female,Graduate,Pensioner,14,258336,4178,0.95,847,74.11,No,1807888,Agriculture,Agriculture,13,5.42,Low,Private Bank,1.46,Offline,Uttar Pradesh,Andhra Pradesh District,Rural,6,Processing,Approved,,16172.48,0.75,High,7
827,49,Female,Graduate,Salaried,10,321882,12281,0.5,473,70.23,No,109759,Home,Home,18,10.18,High,Private Bank,1.36,Offline,Maharashtra,Tripura District,Rural,8,Done,Pending,,1110.16,0.04,Low,0.34
828,60,Male,Graduate,Self-employed,18,673409,3905,0.3,766,85.31,No,1252004,Education,Education,11,6.26,Low,Government Bank,0.61,Online,West Bengal,Purnia,Urban,14,Done,Approved,,13146.15,0.23,Low,1.86
829,56,Male,Graduate,Salaried,15,380813,3564,0.2,472,23.31,No,201844,Appliances,Appliances,11,12.84,High,Finance Company,2.02,Online,Karnataka,Rourkela,Urban,4,Processing,Pending,,2862.06,0.09,Low,0.53
830,48,Male,Graduate,Self-employed,22,1752941,17712,0.15,472,77.27,No,263923,Business,Business,15,14.51,High,Government Bank,0.3,Online,Kerala,Firozabad,Urban,20,Processing,Approved,,3605.66,0.02,Low,0.15
831,54,Female,Graduate,Salaried,5,464618,5249,0.18,520,32.86,No,211344,Education,Education,15,6.54,High,Government Bank,0.57,Online,Tamil Nadu,Delhi,Urban,18,Processing,Rejected,Low Income,1845.68,0.05,Low,0.45
832,28,Female,Graduate,Salaried,5,593638,11015,1.03,784,48.34,Yes,859774,Home,Home,2,10.2,Low,Private Bank,0.75,Online,Bihar,Phusro,Urban,5,Done,Approved,,39753.62,0.8,High,1.45
833,54,Male,Graduate,Salaried,28,494453,13857,0.39,473,12.38,No,258199,Agriculture,Agriculture,17,8.33,High,Government Bank,0.31,Online,Bihar,Warangal,Urban,13,Processing,Approved,,2370.33,0.06,Low,0.52
834,60,Male,Graduate,Salaried,9,756570,2281,0.1,597,12.53,No,272868,Vehicle,Vehicle,18,16.84,High,Private Bank,1.23,Online,Haryana,Bokaro,Urban,5,Processing,Approved,,4027.76,0.06,Low,0.36
835,29,Male,Graduate,Salaried,12,772240,9081,0.23,560,31.59,No,378703,Appliances,Appliances,10,14.09,High,Private Bank,1.12,Online,Bihar,Tinsukia,Urban,3,Done,Approved,,5900.5,0.09,Low,0.49
836,62,Male,Graduate,Salaried,14,748902,18966,0.81,651,80.79,No,701454,Education,Education,2,7.21,Medium,Government Bank,0.53,Online,Telangana,Kakinada,Urban,11,Done,Rejected,Previous Loan Default,31472.73,0.5,High,0.94
837,37,Male,Graduate,Salaried,27,327931,7792,0.46,626,36.62,Yes,275455,Education,Education,6,7.08,High,Government Bank,0.27,Offline,Bihar,Telangana District,Rural,15,Processing,Pending,,4706.82,0.17,Low,0.84
838,49,Male,Non-Graduate,Self-employed,15,666201,11234,0.54,785,17.77,No,1144244,Vehicle,Vehicle,8,12.05,Low,Finance Company,2.48,Offline,Delhi,Arunachal Pradesh District,Rural,2,Done,Approved,,18628.67,0.34,Medium,1.72
839,42,Male,Graduate,Salaried,22,794361,19717,0.57,765,43.36,No,404031,Education,Education,2,8.15,Low,Private Bank,1.49,Online,West Bengal,Aurangabad,Urban,8,Processing,Approved,,18300.88,0.28,Low,0.51
840,32,Male,Graduate,Salaried,24,652182,2020,0.2,806,75.18,Yes,659678,Education,Education,9,8.71,Low,Finance Company,1.96,Offline,Bihar,Gujarat District,Rural,3,Done,Approved,,8832.89,0.16,Low,1.01
841,51,Female,Non-Graduate,Self-employed,29,1553403,1570,0.04,579,82.64,No,358010,Agriculture,Agriculture,18,7.34,High,Government Bank,0.3,Offline,Karnataka,Meghalaya District,Rural,20,Done,Approved,,2991.12,0.02,Low,0.23
842,48,Male,Graduate,Salaried,28,802204,12323,0.21,744,84.28,No,113641,Education,Education,7,8.58,Medium,Government Bank,0.68,Online,Tamil Nadu,Tezpur,Urban,15,Processing,Approved,,1804.25,0.03,Low,0.14
843,30,Male,Graduate,Salaried,10,815727,1821,0.07,772,22.57,No,254459,Home,Home,20,11.23,Low,Finance Company,1.96,Online,Bihar,Serampore,Urban,1,Processing,Approved,,2666.44,0.04,Low,0.31
844,46,Female,Graduate,Self-employed,30,1074802,11059,0.19,685,17.18,No,410295,Home,Home,11,11.69,Medium,Government Bank,0.42,Online,Gujarat,Shimla,Urban,14,Done,Approved,,5536.93,0.06,Low,0.38
845,58,Female,Non-Graduate,Self-employed,7,1011380,15744,0.51,838,55.69,No,1204056,Appliances,Appliances,6,17.46,Low,Finance Company,2.8,Offline,Bihar,Jharkhand District,Rural,5,Done,Approved,,27095.58,0.32,Medium,1.19
846,50,Male,Graduate,Self-employed,16,1541735,15817,0.16,594,89.5,No,303559,Business,Business,10,11.53,High,Government Bank,0.45,Online,Punjab,Bharatpur,Urban,17,Processing,Approved,,4273.11,0.03,Low,0.2
847,62,Male,Graduate,Salaried,15,831016,1835,0.1,675,27.62,No,514804,Agriculture,Agriculture,14,8.19,Medium,Private Bank,0.78,Online,Bihar,Lucknow,Urban,7,Processing,Pending,,5159.04,0.07,Low,0.62
848,49,Female,Non-Graduate,Self-employed,28,1383613,14679,0.19,622,35.08,No,161396,Vehicle,Vehicle,2,10.17,High,Finance Company,1.96,Offline,Telangana,Sikkim District,Rural,5,Done,Approved,,7460.28,0.06,Low,0.12
849,44,Male,Graduate,Self-employed,30,1031649,10965,0.25,707,75.65,No,935449,Education,Education,11,8.5,Medium,Finance Company,2.02,Online,Delhi,Raebareli,Urban,4,Processing,Approved,,10932.02,0.13,Low,0.91
850,55,Female,Graduate,Self-employed,29,1492015,7956,0.07,545,24.13,No,65086,Vehicle,Vehicle,17,16.51,High,Finance Company,1.98,Online,Bihar,Ambala,Urban,3,Processing,Approved,,954.23,0.01,Low,0.04
851,41,Male,Graduate,Pensioner,16,304928,5498,0.75,687,24.28,No,561100,Agriculture,Agriculture,4,7.89,Medium,Finance Company,2.57,Offline,Telangana,Tamil Nadu District,Rural,2,Done,Approved,,13669.14,0.54,High,1.84
852,29,Male,Graduate,Self-employed,14,1606360,7279,0.14,687,61.41,No,733570,Home,Home,8,9.34,Medium,Government Bank,0.42,Online,Maharashtra,Bareilly,Urban,10,Processing,Approved,,10876.78,0.08,Low,0.46
853,43,Male,Graduate,Self-employed,23,1116305,18712,0.61,653,69.16,No,844529,Education,Education,2,8.2,Medium,Government Bank,0.45,Online,Gujarat,Pudukkottai,Urban,14,Done,Approved,,38272.84,0.41,Medium,0.76
854,27,Male,Non-Graduate,Salaried,15,871117,6695,0.14,790,39,No,224925,Appliances,Appliances,16,17.51,Low,Private Bank,1.4,Offline,Bihar,Mizoram District,Rural,6,Processing,Approved,,3498.8,0.05,Low,0.26
855,62,Male,Non-Graduate,Self-employed,14,904133,5660,0.09,748,36.1,No,124960,Education,Education,10,6.25,Medium,Government Bank,0.68,Offline,Haryana,West Bengal District,Rural,20,Done,Approved,,1403.05,0.02,Low,0.14
856,30,Female,Non-Graduate,Salaried,9,617993,5130,0.42,671,17.49,No,613696,Vehicle,Vehicle,4,13.43,Medium,Government Bank,0.41,Offline,Karnataka,Punjab District,Rural,11,Processing,Approved,,16595.2,0.32,Medium,0.99
857,38,Male,Graduate,Salaried,16,726227,18349,0.42,471,65.7,No,318322,Vehicle,Vehicle,6,15.78,High,Government Bank,0.61,Online,Rajasthan,Mathura,Urban,19,Processing,Approved,,6866.49,0.11,Low,0.44
858,36,Male,Graduate,Pensioner,14,206078,19793,1.32,706,45.09,No,187831,Business,Business,10,13.43,Medium,Finance Company,1.71,Online,Maharashtra,Bhimavaram,Urban,4,Done,Approved,,2852.36,0.17,Low,0.91
859,60,Male,Graduate,Self-employed,19,1347436,4977,0.06,604,12.13,No,203794,Home,Home,16,11.28,High,Private Bank,1.2,Online,Kerala,Nadiad,Urban,5,Done,Approved,,2296.68,0.02,Low,0.15
860,29,Female,Graduate,Self-employed,17,1091241,16411,0.25,694,10.52,No,840160,Education,Education,18,6.27,Medium,Government Bank,0.59,Online,Rajasthan,Bilaspur,Urban,20,Processing,Approved,,6498.05,0.07,Low,0.77
861,55,Male,Graduate,Salaried,29,470983,11849,0.51,742,51.93,No,675478,Personal,Personal,12,10.14,Medium,Government Bank,0.48,Online,Haryana,Bhilwara,Urban,12,Done,Approved,,8127.22,0.21,Low,1.43
862,30,Male,Graduate,Salaried,19,789225,13431,0.26,542,89.91,No,296850,Personal,Personal,12,9.94,High,Finance Company,2.64,Online,Maharashtra,Karaikudi,Urban,2,Processing,Pending,,3537.31,0.05,Low,0.38
863,33,Female,Non-Graduate,Salaried,24,369370,18030,1.3,800,21.56,Yes,1415064,Home,Home,8,10.63,Low,Government Bank,0.26,Offline,Haryana,Mizoram District,Rural,12,Processing,Rejected,Low Income,21947.02,0.71,High,3.83
864,49,Male,Graduate,Salaried,16,498608,8920,0.34,787,46.02,No,417378,Home,Home,14,12.43,Low,Government Bank,0.62,Offline,West Bengal,Arunachal Pradesh District,Rural,20,Processing,Approved,,5253.55,0.13,Low,0.84
865,32,Male,Graduate,Pensioner,13,381571,10197,0.4,525,57.29,No,345897,Agriculture,Agriculture,20,6.41,High,Finance Company,1.63,Online,Karnataka,Munger,Urban,2,Processing,Approved,,2560.62,0.08,Low,0.91
866,46,Male,Graduate,Salaried,7,531656,15825,0.49,806,23.93,No,628335,Agriculture,Agriculture,15,7.8,Low,Government Bank,0.57,Online,Gujarat,Dehri,Urban,18,Processing,Approved,,5932.37,0.13,Low,1.18
867,27,Male,Graduate,Salaried,5,703754,206,0.09,593,45.63,No,214028,Appliances,Appliances,5,15.22,High,Private Bank,1.4,Online,West Bengal,Shimoga,Urban,4,Processing,Approved,,5116.46,0.09,Low,0.3
868,37,Male,Graduate,Salaried,17,366264,7857,0.29,463,89.95,No,103788,Personal,Personal,19,8.54,High,Private Bank,1.34,Online,Telangana,Ludhiana,Urban,8,Done,Approved,,921.58,0.03,Low,0.28
869,45,Female,Graduate,Salaried,27,320619,12250,1.81,823,61.3,No,1031595,Vehicle,Vehicle,3,15.88,Low,Private Bank,1.02,Offline,Uttar Pradesh,West Bengal District,Rural,8,Done,Approved,,36206.73,1.36,High,3.22
870,56,Male,Non-Graduate,Salaried,25,898913,17099,0.28,637,78.02,No,213076,Business,Business,6,12.68,High,Finance Company,1.93,Offline,Gujarat,Tripura District,Rural,1,Done,Approved,,4241.41,0.06,Low,0.24
871,32,Female,Graduate,Salaried,9,462901,2912,0.18,454,78.69,No,354496,Vehicle,Vehicle,17,11.75,High,Private Bank,1.3,Online,Maharashtra,Bhubaneswar,Urban,4,Processing,Approved,,4022.13,0.1,Low,0.77
872,43,Female,Graduate,Salaried,25,786762,11606,0.23,671,69.71,No,431185,Education,Education,18,5.57,Medium,Private Bank,1.12,Online,Karnataka,Tirunelveli,Urban,4,Processing,Pending,,3165.68,0.05,Low,0.55
873,62,Male,Graduate,Salaried,20,767141,2795,0.29,716,65.48,No,925788,Appliances,Appliances,8,13.88,Medium,Private Bank,1.24,Online,Telangana,Sambhal,Urban,3,Processing,Pending,,16019.17,0.25,Low,1.21
874,31,Male,Graduate,Salaried,23,337789,16275,1.36,771,32.13,No,1800095,Personal,Personal,12,10.43,Low,Private Bank,1.49,Online,Delhi,Motihari,Urban,3,Done,Approved,,21962.07,0.78,High,5.33
875,45,Male,Graduate,Salaried,7,314111,15129,0.61,527,42.17,No,84950,Home,Home,14,9.14,High,Government Bank,0.3,Online,Uttar Pradesh,Nagercoil,Urban,14,Done,Approved,,898.04,0.03,Low,0.27
876,39,Male,Graduate,Salaried,26,656082,878,0.12,753,73.74,No,629430,Personal,Personal,19,9.06,Low,Government Bank,0.44,Online,Tamil Nadu,Ambarnath,Urban,10,Processing,Approved,,5795.19,0.11,Low,0.96
877,48,Male,Graduate,Salaried,30,360752,8992,0.35,648,67.27,No,124769,Personal,Personal,15,12.22,High,Government Bank,0.41,Online,Punjab,Vasai-Virar,Urban,17,Done,Approved,,1515.14,0.05,Low,0.35
878,28,Male,Graduate,Salaried,10,823092,14563,0.26,485,25.04,No,102584,Home,Home,3,11.18,High,Finance Company,2.8,Online,Punjab,Thane,Urban,4,Done,Approved,,3367.22,0.05,Low,0.12
879,52,Female,Graduate,Salaried,5,889480,18494,0.3,513,38.39,No,342178,Personal,Personal,16,9.27,High,Government Bank,0.48,Online,Karnataka,Vellore,Urban,13,Processing,Pending,,3424.92,0.05,Low,0.38
880,43,Male,Graduate,Self-employed,8,755172,7713,0.2,544,10.6,No,294208,Vehicle,Vehicle,8,11.43,High,Private Bank,0.87,Online,Telangana,Nandyal,Urban,6,Done,Approved,,4690.05,0.07,Low,0.39
881,56,Male,Graduate,Salaried,24,634038,11454,0.26,622,23.38,No,212270,Business,Business,17,11.05,High,Finance Company,2.49,Offline,Karnataka,Arunachal Pradesh District,Rural,3,Done,Approved,,2310.84,0.04,Low,0.33
882,41,Male,Graduate,Salaried,26,468446,10030,1.26,836,69.19,No,1993526,Personal,Personal,6,12.15,Low,Private Bank,0.71,Online,Uttar Pradesh,Pallavaram,Urban,4,Done,Approved,,39129.49,1,High,4.26
883,37,Male,Graduate,Salaried,16,841333,15436,0.5,802,78.63,No,1355723,Vehicle,Vehicle,15,15.99,Low,Government Bank,0.32,Online,Madhya Pradesh,Proddatur,Urban,14,Processing,Approved,,19902.06,0.28,Low,1.61
884,30,Male,Non-Graduate,Salaried,29,312801,10737,0.46,481,27.07,No,54554,Personal,Personal,4,10,High,Private Bank,1.17,Offline,Uttar Pradesh,Uttarakhand District,Rural,4,Done,Approved,,1383.63,0.05,Low,0.17
885,28,Male,Graduate,Salaried,24,757768,4683,0.15,805,76.29,No,551202,Education,Education,14,5.83,Low,Private Bank,1.03,Online,Haryana,Berhampur,Urban,7,Done,Approved,,4807.62,0.08,Low,0.73
886,35,Male,Graduate,Salaried,8,606736,16375,0.38,666,35.67,No,202637,Appliances,Appliances,9,11.56,Medium,Private Bank,1.04,Online,Telangana,Siliguri,Urban,8,Done,Approved,,3026.83,0.06,Low,0.33
887,31,Male,Graduate,Salaried,22,406681,6169,0.31,550,49.81,Yes,220575,Agriculture,Agriculture,5,6.84,High,Government Bank,0.61,Offline,Rajasthan,Tripura District,Rural,18,Processing,Rejected,Insufficient Employment Length,4351.02,0.13,Low,0.54
888,55,Male,Graduate,Salaried,28,619908,3286,0.17,621,83.88,No,123888,Home,Home,2,8.64,High,Private Bank,1.25,Online,Karnataka,Nizamabad,Urban,6,Processing,Approved,,5639.35,0.11,Low,0.2
889,53,Female,Non-Graduate,Salaried,16,388386,1913,0.11,471,10.11,No,66728,Business,Business,5,17.64,High,Private Bank,1.08,Offline,West Bengal,Andhra Pradesh District,Rural,6,Done,Pending,,1681.41,0.05,Low,0.17
890,41,Male,Graduate,Self-employed,18,1435328,5116,0.05,483,33.92,No,57713,Appliances,Appliances,10,11.35,High,Finance Company,2.22,Online,Delhi,Dehradun,Urban,2,Processing,Approved,,806.47,0.01,Low,0.04
891,53,Male,Graduate,Salaried,24,484662,13406,0.42,508,12.83,No,176491,Personal,Personal,6,11.9,High,Finance Company,2.88,Online,Karnataka,Raichur,Urban,1,Processing,Approved,,3441.26,0.09,Low,0.36
892,31,Female,Graduate,Salaried,23,305916,12249,0.52,559,28.5,No,127322,Agriculture,Agriculture,17,6.55,High,Government Bank,0.5,Online,Telangana,Mangalore,Urban,18,Done,Approved,,1036.34,0.04,Low,0.42
893,30,Male,Graduate,Salaried,18,733283,5234,0.33,691,42.23,No,452694,Appliances,Appliances,3,12.69,Medium,Private Bank,1.16,Online,Delhi,Anand,Urban,4,Processing,Approved,,15185.54,0.25,Low,0.62
894,29,Male,Graduate,Self-employed,27,1699012,9466,0.18,704,71.8,No,917320,Business,Business,8,14.27,Medium,Government Bank,0.52,Online,Haryana,Morbi,Urban,13,Done,Approved,,16076.5,0.11,Low,0.54
895,45,Male,Graduate,Salaried,7,870337,18150,0.32,576,34.97,No,347878,Appliances,Appliances,14,15.39,High,Finance Company,2.02,Online,West Bengal,Rampur,Urban,1,Processing,Rejected,Low Income,5055.84,0.07,Low,0.4
896,34,Female,Graduate,Salaried,8,745707,2388,0.08,517,55.34,No,209525,Vehicle,Vehicle,19,14.51,High,Finance Company,1.97,Online,Kerala,Sambhal,Urban,2,Processing,Approved,,2708.32,0.04,Low,0.28
897,31,Male,Graduate,Salaried,12,640452,1421,0.37,760,17.53,No,1279243,Vehicle,Vehicle,20,16.39,Low,Finance Company,2.71,Online,Kerala,Sri Ganganagar,Urban,3,Done,Approved,,18172.88,0.34,Medium,2
898,41,Male,Graduate,Salaried,23,450264,4136,0.2,567,40.14,No,247982,Appliances,Appliances,10,10.18,High,Government Bank,0.49,Online,Madhya Pradesh,Katni,Urban,10,Done,Approved,,3301.87,0.09,Low,0.55
899,61,Female,Graduate,Salaried,16,408671,16790,1.45,767,21.66,No,1689015,Vehicle,Vehicle,8,17.13,Low,Government Bank,0.54,Offline,Bihar,Nagaland District,Rural,13,Done,Approved,,32427.69,0.95,High,4.13
900,34,Male,Non-Graduate,Salaried,6,709558,9087,0.2,559,75.63,No,228328,Personal,Personal,19,12.41,High,Finance Company,2.47,Offline,Haryana,Chhattisgarh District,Rural,3,Done,Approved,,2611.39,0.04,Low,0.32
901,30,Female,Graduate,Self-employed,23,1374129,10771,0.21,818,41.63,No,787721,Vehicle,Vehicle,7,11.03,Low,Government Bank,0.68,Online,Gujarat,Udupi,Urban,17,Processing,Pending,,13500.13,0.12,Low,0.57
902,51,Male,Non-Graduate,Salaried,29,824401,7149,0.12,537,63.36,No,111002,Vehicle,Vehicle,17,11.52,High,Finance Company,1.52,Offline,Punjab,Kerala District,Rural,4,Done,Approved,,1242.57,0.02,Low,0.13
903,43,Male,Graduate,Salaried,8,547498,12634,0.56,753,56.25,Yes,940467,Personal,Personal,9,9.51,Low,Private Bank,1.35,Offline,Haryana,Chhattisgarh District,Rural,7,Processing,Approved,,12992.29,0.28,Low,1.72
904,33,Male,Graduate,Salaried,24,771823,16236,0.32,454,75.16,Yes,309114,Appliances,Appliances,17,14.42,High,Government Bank,0.51,Online,Bihar,Tirupati,Urban,11,Processing,Approved,,4070.44,0.06,Low,0.4
905,33,Male,Graduate,Salaried,26,384137,7377,0.52,682,47.52,No,318131,Vehicle,Vehicle,4,17.52,Medium,Private Bank,1.15,Online,Telangana,Ranchi,Urban,3,Processing,Approved,,9265.49,0.29,Low,0.83
906,41,Male,Graduate,Salaried,15,719155,9090,0.17,569,31.17,No,115547,Home,Home,20,12.55,High,Finance Company,2.75,Online,Haryana,Rajpur Sonarpur,Urban,1,Done,Approved,,1316.85,0.02,Low,0.16
907,43,Male,Graduate,Self-employed,16,1783485,11568,0.14,661,23.92,No,849946,Agriculture,Agriculture,12,6.86,Medium,Government Bank,0.6,Online,Madhya Pradesh,Gangtok,Urban,12,Done,Approved,,8677.38,0.06,Low,0.48
908,37,Male,Graduate,Salaried,5,710426,476,0.09,530,41.53,No,341898,Appliances,Appliances,14,15.96,High,Private Bank,1.07,Online,Uttar Pradesh,Hubli–Dharwad,Urban,6,Processing,Approved,,5101.49,0.09,Low,0.48
909,39,Male,Graduate,Salaried,10,646110,2832,0.11,585,29.2,No,277499,Education,Education,14,8.79,High,Government Bank,0.55,Offline,Karnataka,West Bengal District,Rural,20,Done,Approved,,2876.83,0.05,Low,0.43
910,52,Male,Graduate,Salaried,11,737256,11829,0.27,582,63.24,No,213866,Vehicle,Vehicle,5,12.58,High,Government Bank,0.27,Online,West Bengal,Burhanpur,Urban,11,Processing,Approved,,4820.25,0.08,Low,0.29
911,51,Male,Graduate,Self-employed,15,1240104,3648,0.08,740,63.19,Yes,192112,Home,Home,4,11.51,Medium,Government Bank,0.4,Online,Maharashtra,Bulandshahr,Urban,16,Done,Approved,,5012.95,0.05,Low,0.15
912,41,Male,Graduate,Salaried,8,469147,10863,0.37,488,25.37,No,348004,Home,Home,18,10.38,High,Finance Company,2.92,Online,Delhi,Kamarhati,Urban,4,Processing,Approved,,3565.01,0.09,Low,0.74
913,46,Female,Non-Graduate,Salaried,30,377002,1333,0.2,526,43.94,No,338841,Home,Home,9,10.39,High,Government Bank,0.3,Offline,Delhi,Himachal Pradesh District,Rural,13,Processing,Rejected,High Loan Amount Request,4842.29,0.15,Low,0.9
914,35,Male,Non-Graduate,Salaried,13,429538,3238,0.15,604,64.05,No,159820,Personal,Personal,11,10.59,High,Finance Company,2.1,Offline,Delhi,Kerala District,Rural,4,Done,Approved,,2054.65,0.06,Low,0.37
915,55,Male,Graduate,Salaried,29,441028,15197,0.51,739,37.46,No,451980,Agriculture,Agriculture,15,5.35,Medium,Private Bank,1.04,Online,Uttar Pradesh,Purnia,Urban,7,Processing,Approved,,3657.18,0.1,Low,1.02
916,61,Male,Graduate,Salaried,5,437329,18055,0.52,459,85.92,No,75937,Education,Education,11,6.14,High,Finance Company,1.56,Offline,Rajasthan,Sikkim District,Rural,5,Processing,Approved,,792.67,0.02,Low,0.17
917,39,Male,Graduate,Self-employed,15,1707295,3767,0.05,829,67.72,No,212620,Appliances,Appliances,7,14.23,Low,Finance Company,2.76,Online,Punjab,Aurangabad,Urban,2,Done,Approved,,4011.56,0.03,Low,0.12
918,42,Male,Graduate,Salaried,20,831193,12682,0.33,776,34.7,Yes,716072,Appliances,Appliances,9,10.93,Low,Private Bank,1.26,Online,Kerala,South Dumdum,Urban,7,Done,Approved,,10445.48,0.15,Low,0.86
919,38,Male,Graduate,Self-employed,15,1482979,9290,0.17,802,24.91,No,1287606,Agriculture,Agriculture,13,6.29,Low,Finance Company,1.72,Offline,Karnataka,Himachal Pradesh District,Rural,5,Processing,Rejected,High Loan Amount Request,12103.79,0.1,Low,0.87
920,53,Male,Graduate,Self-employed,24,852093,17337,0.28,597,43.16,No,302406,Home,Home,19,9.56,High,Finance Company,2.04,Online,Gujarat,Korba,Urban,4,Done,Approved,,2881.04,0.04,Low,0.35
921,27,Male,Non-Graduate,Salaried,8,745079,10675,0.19,600,22.24,No,94586,Agriculture,Agriculture,9,8.49,High,Finance Company,2.04,Offline,Maharashtra,Kerala District,Rural,2,Processing,Approved,,1255.55,0.02,Low,0.13
922,36,Male,Graduate,Salaried,15,804789,12287,0.31,834,68.16,No,767772,Personal,Personal,19,12.44,Low,Government Bank,0.32,Online,Gujarat,Jaunpur,Urban,11,Processing,Approved,,8797,0.13,Low,0.95
923,61,Female,Non-Graduate,Salaried,19,616567,13337,0.45,713,70.32,Yes,691201,Agriculture,Agriculture,8,8.68,Medium,Government Bank,0.62,Offline,Gujarat,Maharashtra District,Rural,17,Processing,Approved,,10011.86,0.19,Low,1.12
924,53,Male,Graduate,Pensioner,17,265100,15951,1.16,642,47.33,No,360860,Home,Home,4,12.59,High,Private Bank,1.35,Online,Kerala,Nashik,Urban,4,Done,Rejected,Insufficient Employment Length,9607.7,0.43,Medium,1.36
925,58,Male,Graduate,Self-employed,29,1414962,58,0.14,826,87.11,No,791412,Personal,Personal,5,9.71,Low,Finance Company,2.6,Online,Delhi,Giridih,Urban,3,Processing,Approved,,16702.46,0.14,Low,0.56
926,46,Male,Graduate,Salaried,30,855314,14774,0.44,790,22.21,No,1449625,Business,Business,15,10.85,Low,Private Bank,0.77,Offline,Maharashtra,Nagaland District,Rural,8,Done,Approved,,16340.11,0.23,Low,1.69
927,25,Male,Graduate,Salaried,23,471236,9185,0.57,557,12.69,No,289848,Education,Education,2,8.45,High,Government Bank,0.41,Online,Maharashtra,Agartala,Urban,12,Done,Rejected,Low Income,13168.61,0.34,Medium,0.62
928,51,Male,Graduate,Salaried,9,618004,11072,0.26,594,14.05,No,119637,Business,Business,10,17.67,High,Government Bank,0.62,Online,Haryana,Ajmer,Urban,16,Processing,Approved,,2130.33,0.04,Low,0.19
929,28,Female,Graduate,Self-employed,10,1371999,10390,0.43,794,81.71,No,1657106,Business,Business,5,13.6,Low,Finance Company,2.09,Online,Madhya Pradesh,Nagercoil,Urban,4,Processing,Approved,,38215.18,0.33,Medium,1.21
930,34,Male,Graduate,Self-employed,10,1699003,5537,0.17,764,83.02,Yes,1972045,Agriculture,Agriculture,16,8.8,Low,Government Bank,0.38,Online,Uttar Pradesh,Bhimavaram,Urban,12,Done,Approved,,19177.18,0.14,Low,1.16
931,26,Female,Non-Graduate,Self-employed,27,1411088,18374,0.22,796,59.41,Yes,543581,Vehicle,Vehicle,11,12.22,Low,Government Bank,0.62,Offline,Tamil Nadu,Uttar Pradesh District,Rural,20,Processing,Approved,,7505.99,0.06,Low,0.39
932,36,Male,Graduate,Salaried,19,301127,14099,0.71,496,16.47,No,392855,Education,Education,16,8.18,High,Government Bank,0.56,Online,West Bengal,Akola,Urban,10,Processing,Approved,,3675.22,0.15,Low,1.3
933,28,Male,Graduate,Salaried,20,312809,12505,1.17,786,89.52,No,1676192,Business,Business,20,11.59,Low,Finance Company,2.72,Online,Gujarat,Thane,Urban,4,Done,Pending,,17979.47,0.69,High,5.36
934,49,Male,Graduate,Salaried,26,773098,9747,0.2,511,32.16,Yes,281175,Home,Home,17,12.14,High,Finance Company,2.58,Online,Gujarat,Jammu,Urban,2,Processing,Approved,,3263.2,0.05,Low,0.36
935,48,Male,Graduate,Self-employed,9,636073,12603,0.36,790,25.87,No,407154,Appliances,Appliances,13,16.51,Low,Private Bank,0.79,Online,Gujarat,Tezpur,Urban,5,Processing,Approved,,6355.81,0.12,Low,0.64
936,50,Male,Non-Graduate,Salaried,5,810945,3247,0.06,494,66.28,No,50831,Vehicle,Vehicle,9,14.75,High,Government Bank,0.35,Offline,Haryana,West Bengal District,Rural,10,Done,Approved,,852.73,0.01,Low,0.06
937,35,Female,Non-Graduate,Self-employed,25,674879,14397,0.31,721,35.35,No,210572,Vehicle,Vehicle,18,16.83,Medium,Government Bank,0.41,Offline,Madhya Pradesh,West Bengal District,Rural,10,Processing,Approved,,3106.66,0.06,Low,0.31
938,32,Male,Non-Graduate,Salaried,28,312816,10783,0.59,561,40.12,No,378872,Personal,Personal,11,9.7,High,Private Bank,0.91,Offline,Haryana,Karnataka District,Rural,3,Done,Approved,,4679.35,0.18,Low,1.21
939,56,Male,Non-Graduate,Self-employed,13,1008027,19425,0.47,737,20.64,No,966219,Personal,Personal,5,9.32,Medium,Private Bank,1.34,Offline,Madhya Pradesh,Rajasthan District,Rural,7,Done,Approved,,20207.51,0.24,Low,0.96
940,33,Male,Graduate,Self-employed,14,872592,1771,0.06,520,25.49,No,234819,Agriculture,Agriculture,10,8.52,High,Finance Company,2.69,Online,Delhi,Rourkela,Urban,3,Processing,Approved,,2913.93,0.04,Low,0.27
941,29,Male,Graduate,Self-employed,17,641425,14862,0.4,502,43.93,No,289816,Appliances,Appliances,5,11.64,High,Government Bank,0.36,Online,Kerala,Vijayawada,Urban,13,Processing,Approved,,6394.2,0.12,Low,0.45
942,52,Female,Graduate,Self-employed,11,1264783,15614,0.16,463,50.15,No,74650,Personal,Personal,10,10.25,High,Private Bank,1.34,Online,West Bengal,Nellore,Urban,4,Done,Rejected,High Existing EMI,996.87,0.01,Low,0.06
943,50,Male,Graduate,Salaried,7,715356,17761,0.31,509,89.57,No,61649,Home,Home,12,9.24,High,Finance Company,2.63,Online,Bihar,Tirunelveli,Urban,1,Processing,Approved,,709.94,0.01,Low,0.09
944,27,Female,Non-Graduate,Salaried,29,619814,2835,0.07,604,77.07,No,52988,Personal,Personal,15,10.84,High,Government Bank,0.41,Offline,Bihar,Andhra Pradesh District,Rural,10,Processing,Approved,,596.95,0.01,Low,0.09
945,30,Male,Graduate,Salaried,24,686696,5049,0.18,789,80.29,No,400246,Appliances,Appliances,15,12.75,Low,Government Bank,0.66,Online,Karnataka,Phusro,Urban,11,Processing,Approved,,4998.42,0.09,Low,0.58
946,39,Female,Non-Graduate,Salaried,14,713683,10465,0.21,537,82.55,No,171013,Business,Business,17,13.63,High,Private Bank,1.03,Offline,Tamil Nadu,Karnataka District,Rural,6,Processing,Approved,,2157.9,0.04,Low,0.24
947,38,Male,Graduate,Self-employed,26,1511854,18135,0.24,654,84.36,No,903878,Business,Business,14,12.92,Medium,Private Bank,1.37,Online,Tamil Nadu,Nagercoil,Urban,5,Done,Approved,,11660.97,0.09,Low,0.6
948,55,Male,Graduate,Self-employed,27,1153518,7658,0.17,738,49.57,No,943997,Home,Home,18,9.5,Medium,Finance Company,2.38,Online,Gujarat,Amroha,Urban,2,Done,Pending,,9137.06,0.1,Low,0.82
949,54,Male,Graduate,Self-employed,28,1781446,19545,0.16,741,34.46,No,144019,Personal,Personal,4,8.95,Medium,Government Bank,0.48,Offline,Uttar Pradesh,Meghalaya District,Rural,10,Processing,Approved,,3580.5,0.02,Low,0.08
950,39,Female,Graduate,Salaried,28,312564,14693,0.82,758,72.29,No,506486,Vehicle,Vehicle,13,12.63,Low,Finance Company,2.14,Online,Kerala,Faridabad,Urban,1,Processing,Approved,,6624.37,0.25,Low,1.62
951,28,Male,Graduate,Salaried,11,377710,9810,0.47,650,48.36,No,382661,Vehicle,Vehicle,13,12.77,High,Private Bank,0.78,Online,Delhi,Tezpur,Urban,5,Processing,Approved,,5038.51,0.16,Low,1.01
952,54,Male,Graduate,Salaried,23,301996,4756,0.35,528,81.63,No,298930,Personal,Personal,10,10.6,High,Government Bank,0.43,Online,Telangana,Raipur,Urban,19,Done,Approved,,4050.37,0.16,Low,0.99
953,26,Male,Graduate,Salaried,30,632687,18224,0.38,577,18.55,No,60564,Home,Home,4,10.61,High,Private Bank,0.73,Online,Kerala,Hindupur,Urban,3,Done,Approved,,1553.86,0.03,Low,0.1
954,40,Male,Graduate,Salaried,27,801613,4035,0.3,589,73.44,No,341434,Personal,Personal,2,11.35,High,Government Bank,0.37,Online,Bihar,Dehri,Urban,16,Done,Rejected,Low Income,15969.04,0.24,Low,0.43
955,30,Male,Graduate,Salaried,5,707854,18499,0.36,639,75.88,No,179132,Appliances,Appliances,10,14.21,High,Private Bank,1.31,Offline,Maharashtra,Kerala District,Rural,8,Done,Approved,,2803.98,0.05,Low,0.25
956,46,Male,Non-Graduate,Salaried,23,474842,3528,0.42,846,22.94,No,794021,Appliances,Appliances,9,14.02,Low,Private Bank,1.32,Offline,Maharashtra,Sikkim District,Rural,5,Processing,Approved,,12978.6,0.33,Medium,1.67
957,25,Male,Graduate,Salaried,6,769819,16559,0.33,546,61.14,No,237793,Personal,Personal,6,12.38,High,Government Bank,0.28,Online,Rajasthan,Begusarai,Urban,15,Processing,Approved,,4696.02,0.07,Low,0.31
958,26,Male,Graduate,Pensioner,10,213480,15750,1.15,608,44.6,Yes,336776,Appliances,Appliances,10,11.29,High,Private Bank,1.2,Online,Delhi,Srinagar,Urban,7,Done,Approved,,4694.55,0.26,Low,1.58
959,44,Male,Graduate,Salaried,18,369481,3862,0.18,673,59.43,No,108166,Business,Business,12,15.28,Medium,Finance Company,2.48,Online,Tamil Nadu,Ujjain,Urban,1,Processing,Pending,,1642.98,0.05,Low,0.29
960,60,Female,Graduate,Salaried,15,339184,2883,0.42,577,19.16,No,331533,Business,Business,4,13.22,High,Private Bank,0.95,Online,Maharashtra,Guwahati,Urban,3,Done,Approved,,8930.44,0.32,Medium,0.98
961,37,Female,Graduate,Salaried,9,626660,14853,0.52,813,44.56,No,795770,Appliances,Appliances,19,17.71,Low,Private Bank,0.99,Online,West Bengal,Silchar,Urban,5,Done,Rejected,Insufficient Employment Length,12175.57,0.23,Low,1.27
962,38,Male,Graduate,Salaried,21,574408,8264,0.44,723,15.97,No,907602,Business,Business,11,12.56,Medium,Private Bank,1.4,Online,Haryana,Nashik,Urban,8,Done,Rejected,High Loan Amount Request,12716.73,0.27,Low,1.58
963,52,Male,Non-Graduate,Pensioner,22,260315,3475,0.46,808,51.77,Yes,471892,Business,Business,20,15.8,Low,Government Bank,0.31,Offline,West Bengal,Mizoram District,Rural,12,Processing,Approved,,6494.52,0.3,Low,1.81
964,40,Male,Graduate,Salaried,30,812565,10520,0.32,553,86.47,Yes,234420,Business,Business,2,15.26,High,Private Bank,1.07,Online,Gujarat,Ballia,Urban,3,Done,Approved,,11395.22,0.17,Low,0.29
965,57,Male,Graduate,Self-employed,15,1069206,5585,0.15,454,37.43,No,310437,Personal,Personal,4,10.46,High,Finance Company,3,Online,Madhya Pradesh,Pudukkottai,Urban,5,Processing,Approved,,7942.24,0.09,Low,0.29
966,45,Male,Non-Graduate,Self-employed,29,1148586,1391,0.08,663,43.01,No,351460,Appliances,Appliances,11,17.19,Medium,Government Bank,0.29,Offline,Telangana,Himachal Pradesh District,Rural,10,Processing,Approved,,5943.93,0.06,Low,0.31
967,59,Female,Non-Graduate,Salaried,10,390153,12256,0.67,677,87.59,No,201405,Home,Home,2,11.06,Medium,Private Bank,0.79,Offline,Maharashtra,Punjab District,Rural,7,Done,Approved,,9392.66,0.29,Low,0.52
968,36,Male,Graduate,Salaried,30,871611,4000,0.1,455,19.69,Yes,245106,Home,Home,11,9.85,High,Government Bank,0.44,Offline,Punjab,Manipur District,Rural,10,Processing,Approved,,3047.93,0.04,Low,0.28
969,59,Male,Graduate,Salaried,30,802885,1341,0.1,519,89.11,No,152448,Vehicle,Vehicle,3,12.18,High,Government Bank,0.44,Online,Punjab,Kakinada,Urban,15,Processing,Rejected,Previous Loan Default,5076.57,0.08,Low,0.19
970,55,Male,Graduate,Salaried,20,863877,10816,0.2,613,62.69,No,192151,Education,Education,6,6.87,High,Private Bank,1.46,Online,Bihar,Guwahati,Urban,6,Processing,Approved,,3264,0.05,Low,0.22
971,61,Female,Graduate,Salaried,18,892111,8817,0.21,450,75.88,No,385150,Vehicle,Vehicle,11,16.91,High,Finance Company,2.08,Offline,Rajasthan,Nagaland District,Rural,4,Done,Approved,,6443.49,0.09,Low,0.43
972,54,Male,Non-Graduate,Self-employed,23,996832,17403,0.41,803,61.83,No,1777857,Personal,Personal,17,8.76,Low,Government Bank,0.49,Offline,Delhi,Mizoram District,Rural,19,Done,Approved,,16784.74,0.2,Low,1.78
973,53,Male,Graduate,Self-employed,26,1367295,14815,0.48,849,77.9,Yes,1998739,Appliances,Appliances,7,16.42,Low,Finance Company,2.75,Online,Punjab,Satna,Urban,3,Processing,Approved,,40178.68,0.35,Medium,1.46
974,51,Female,Graduate,Salaried,19,754939,9674,0.25,484,86.81,No,354531,Appliances,Appliances,11,17.89,High,Private Bank,0.75,Offline,Gujarat,Assam District,Rural,3,Processing,Pending,,6158.74,0.1,Low,0.47
975,56,Male,Non-Graduate,Self-employed,7,1032197,7217,0.18,657,41.08,No,617480,Personal,Personal,9,9.91,Medium,Government Bank,0.61,Offline,Karnataka,Telangana District,Rural,15,Processing,Approved,,8663.24,0.1,Low,0.6
976,35,Female,Graduate,Salaried,9,398058,4599,0.22,582,85.99,No,112331,Education,Education,4,7.27,High,Private Bank,1.27,Online,Bihar,Korba,Urban,3,Processing,Approved,,2704,0.08,Low,0.28
977,50,Female,Graduate,Self-employed,13,1545819,18045,0.22,752,60.84,No,651169,Personal,Personal,8,11.69,Low,Private Bank,1.25,Offline,Telangana,Uttarakhand District,Rural,8,Processing,Rejected,Previous Loan Default,10472.75,0.08,Low,0.42
978,50,Male,Graduate,Salaried,26,863491,17210,0.27,663,18,No,109803,Appliances,Appliances,11,17.87,Medium,Government Bank,0.32,Offline,Tamil Nadu,Kerala District,Rural,15,Done,Approved,,1906,0.03,Low,0.13
979,30,Male,Graduate,Salaried,10,599467,16919,0.62,809,32.26,No,959571,Appliances,Appliances,10,12.53,Low,Private Bank,1.38,Online,Madhya Pradesh,Hospet,Urban,7,Done,Pending,,14062.65,0.28,Low,1.6
980,49,Male,Graduate,Salaried,16,895731,4958,0.17,645,40.62,No,307042,Vehicle,Vehicle,4,11.15,High,Finance Company,2.98,Offline,Karnataka,Odisha District,Rural,2,Done,Rejected,High Loan Amount Request,7958.05,0.11,Low,0.34
981,30,Male,Graduate,Pensioner,7,236002,15989,0.94,541,14.14,No,329041,Education,Education,18,5.97,High,Government Bank,0.34,Online,Tamil Nadu,Akola,Urban,18,Processing,Approved,,2489.12,0.13,Low,1.39
982,35,Male,Non-Graduate,Salaried,14,593225,15254,0.39,817,54.19,No,331743,Home,Home,12,11.43,Low,Finance Company,2.66,Offline,Tamil Nadu,Kerala District,Rural,3,Processing,Pending,,4243.42,0.09,Low,0.56
983,36,Male,Graduate,Salaried,21,756798,6841,0.15,674,20.57,No,262894,Personal,Personal,17,10.76,Medium,Finance Company,2.71,Online,Haryana,Srikakulam,Urban,4,Processing,Approved,,2812.5,0.04,Low,0.35
984,36,Male,Graduate,Self-employed,10,1102106,13593,0.17,499,71.3,No,147407,Home,Home,18,12.1,High,Government Bank,0.55,Online,Maharashtra,Patna,Urban,14,Done,Rejected,Insufficient Employment Length,1678.57,0.02,Low,0.13
985,35,Female,Graduate,Salaried,5,750870,8141,0.16,606,61.23,No,157134,Business,Business,20,12.46,High,Government Bank,0.47,Online,Haryana,Kochi,Urban,19,Processing,Approved,,1780.83,0.03,Low,0.21
986,38,Female,Non-Graduate,Salaried,8,645997,8229,0.32,680,53.03,No,192650,Business,Business,2,13.7,Medium,Finance Company,2.31,Offline,Maharashtra,Madhya Pradesh District,Rural,1,Done,Approved,,9222.4,0.17,Low,0.3
987,55,Female,Graduate,Salaried,30,381667,7667,0.43,572,72,No,392618,Appliances,Appliances,12,15.15,High,Finance Company,2.19,Offline,Tamil Nadu,Tamil Nadu District,Rural,2,Processing,Approved,,5930.67,0.19,Low,1.03
988,42,Female,Graduate,Self-employed,26,1638011,1473,0.02,540,10.49,No,126777,Agriculture,Agriculture,8,7.52,High,Finance Company,2.96,Online,Uttar Pradesh,Khammam,Urban,1,Processing,Approved,,1761.43,0.01,Low,0.08
989,47,Female,Graduate,Self-employed,7,1343546,16917,0.35,837,89.73,No,1714611,Vehicle,Vehicle,13,12.82,Low,Private Bank,0.99,Online,Punjab,Hospet,Urban,4,Processing,Approved,,22630.31,0.2,Low,1.28
990,42,Male,Non-Graduate,Salaried,28,619386,11215,0.89,763,53.29,No,1957533,Personal,Personal,6,8.49,Low,Government Bank,0.52,Offline,Karnataka,Karnataka District,Rural,13,Processing,Approved,,34792.14,0.67,High,3.16
991,35,Male,Graduate,Salaried,7,769597,18845,0.36,588,77.45,No,343625,Vehicle,Vehicle,20,12.92,High,Private Bank,1.18,Online,Rajasthan,Bally,Urban,7,Processing,Approved,,4006.26,0.06,Low,0.45
992,55,Male,Graduate,Salaried,15,445801,14685,0.47,591,16.58,No,282464,Agriculture,Agriculture,14,8.37,High,Government Bank,0.59,Online,Rajasthan,Surat,Urban,13,Processing,Pending,,2859.78,0.08,Low,0.63
993,40,Female,Graduate,Self-employed,12,877415,4673,0.11,508,32.58,No,233751,Business,Business,11,13.85,High,Finance Company,2.54,Online,Madhya Pradesh,Jorhat,Urban,5,Done,Pending,,3458.18,0.05,Low,0.27
994,40,Male,Graduate,Salaried,23,634715,16018,0.61,768,45.91,No,1459567,Personal,Personal,12,8.33,Low,Finance Company,2.95,Online,Rajasthan,Mangalore,Urban,4,Processing,Approved,,16064.41,0.3,Medium,2.3
995,30,Male,Graduate,Self-employed,20,1731122,14683,0.18,807,57.73,No,1146044,Appliances,Appliances,19,10.26,Low,Finance Company,2.63,Online,Tamil Nadu,Bareilly,Urban,4,Done,Approved,,11440.96,0.08,Low,0.66
996,38,Male,Graduate,Salaried,22,406807,151,0.24,657,20.47,No,805409,Agriculture,Agriculture,15,8.54,Medium,Government Bank,0.28,Online,Delhi,Motihari,Urban,12,Processing,Approved,,7950.08,0.23,Low,1.98
997,34,Male,Graduate,Salaried,5,605008,2028,0.34,706,38.23,No,835919,Appliances,Appliances,7,13.09,Medium,Government Bank,0.5,Online,Madhya Pradesh,Latur,Urban,10,Processing,Approved,,15247.94,0.3,Medium,1.38
998,59,Male,Graduate,Salaried,29,648489,516,0.41,838,75,No,963863,Home,Home,5,12.37,Low,Government Bank,0.51,Online,Madhya Pradesh,Alwar,Urban,13,Done,Approved,,21621.25,0.4,Medium,1.49
999,39,Male,Graduate,Salaried,11,402913,930,0.15,647,83.81,No,341861,Vehicle,Vehicle,15,11.81,High,Private Bank,1.09,Offline,Madhya Pradesh,Tamil Nadu District,Rural,7,Done,Rejected,Insufficient Employment Length,4061.21,0.12,Low,0.85
1000,46,Male,Graduate,Salaried,17,516001,15757,0.41,578,31.15,No,228884,Agriculture,Agriculture,14,5.54,High,Private Bank,1.49,Online,Bihar,Salem,Urban,4,Processing,Rejected,Low CIBIL Score,1961.36,0.05,Low,0.44
1001,28,Male,Non-Graduate,Salaried,27,955505,21633,0.35,553,87.02,No,369073,Appliances,Appliances,8,13.12,High,Government Bank,0.76,Offline,Delhi,Gujarat District,Rural,17,Done,Approved,,6227.9,0.08,Low,0.39
1002,42,Male,Graduate,Self-employed,21,1971104,11619,0.11,669,18.92,No,667100,Education,Education,14,8.22,Medium,Finance Company,2.22,Online,Kerala,Baranagar,Urban,1,Done,Approved,,6696.69,0.04,Low,0.34
1003,59,Male,Graduate,Self-employed,12,1337201,19451,0.22,566,17.35,No,392971,Education,Education,11,8.47,High,Private Bank,0.95,Online,Maharashtra,Mau,Urban,8,Done,Rejected,Insufficient Employment Length,4585.99,0.04,Low,0.29
1004,29,Female,Graduate,Salaried,17,566288,5502,0.2,476,75.12,No,237681,Appliances,Appliances,9,15.62,High,Finance Company,1.83,Online,Maharashtra,Katni,Urban,3,Processing,Rejected,Previous Loan Default,4110.86,0.09,Low,0.42
1005,38,Male,Graduate,Salaried,9,472114,7333,0.37,540,78.17,Yes,488844,Vehicle,Vehicle,16,16.34,High,Private Bank,0.94,Online,West Bengal,Visakhapatnam,Urban,9,Done,Approved,,7192.36,0.18,Low,1.04
1006,43,Male,Graduate,Salaried,21,969443,24677,0.41,532,37.71,No,181605,Business,Business,2,14.13,High,Government Bank,0.5,Online,Telangana,Ulhasnagar,Urban,19,Processing,Approved,,8730.54,0.11,Low,0.19
1007,25,Female,Graduate,Salaried,21,655581,18988,0.41,819,38.89,No,294134,Home,Home,18,11.66,Low,Finance Company,1.82,Online,Bihar,Thanjavur,Urban,6,Done,Pending,,3262.01,0.06,Low,0.45
1008,57,Male,Graduate,Salaried,15,977199,14937,0.25,456,47.13,No,228076,Appliances,Appliances,5,11.53,High,Finance Company,2.63,Offline,Punjab,West Bengal District,Rural,3,Done,Approved,,5019.42,0.06,Low,0.23
1009,45,Female,Graduate,Self-employed,24,1061526,14154,0.26,715,86.75,No,313878,Appliances,Appliances,4,13.98,Medium,Finance Company,2.91,Online,Jharkhand,Bhavnagar,Urban,3,Processing,Rejected,High Existing EMI,8574.03,0.1,Low,0.3
1010,31,Male,Non-Graduate,Salaried,30,590115,2188,0.47,480,36.35,No,469964,Education,Education,2,5.65,High,Private Bank,1.58,Offline,Odisha,Andhra Pradesh District,Rural,6,Processing,Approved,,20755.05,0.42,Medium,0.8
1011,59,Male,Graduate,Salaried,22,877089,10154,0.16,574,86.94,No,131188,Business,Business,14,12.83,High,Private Bank,1.25,Offline,Rajasthan,Chhattisgarh District,Rural,9,Done,Approved,,1684.86,0.02,Low,0.15
1012,61,Male,Graduate,Self-employed,24,775744,23002,0.41,451,35.95,No,439070,Education,Education,18,5.77,High,Finance Company,1.86,Online,Kerala,Parbhani,Urban,3,Done,Pending,,3272.32,0.05,Low,0.57
1013,35,Male,Graduate,Self-employed,21,1109819,932,0.05,589,27.61,No,83933,Appliances,Appliances,2,10.97,High,Finance Company,1.6,Online,Uttar Pradesh,Bhind,Urban,4,Done,Pending,,3910.77,0.04,Low,0.08
1014,37,Male,Graduate,Pensioner,5,366349,107,1,704,22.7,No,1179193,Home,Home,4,10.7,Medium,Private Bank,0.92,Online,Uttar Pradesh,Mahbubnagar,Urban,3,Done,Approved,,30305.35,0.99,High,3.22
1015,32,Male,Graduate,Self-employed,19,595639,2039,0.16,528,44.36,No,179566,Personal,Personal,3,9.98,High,Government Bank,0.69,Online,Karnataka,Jalna,Urban,18,Processing,Approved,,5792.4,0.12,Low,0.3
1016,55,Female,Non-Graduate,Salaried,16,476559,4234,0.27,609,53.53,No,351946,Home,Home,6,10.01,High,Private Bank,1.35,Offline,Gujarat,Uttar Pradesh District,Rural,6,Done,Approved,,6521.87,0.16,Low,0.74
1017,40,Female,Non-Graduate,Salaried,21,335557,16176,0.92,624,59.14,No,283640,Business,Business,3,12.51,High,Government Bank,0.37,Offline,Telangana,Maharashtra District,Rural,12,Processing,Rejected,Low CIBIL Score,9490.15,0.34,Medium,0.85
1018,25,Male,Graduate,Salaried,18,390089,8511,0.32,681,59.41,No,145683,Personal,Personal,10,10.6,Medium,Government Bank,0.5,Online,Delhi,Shimoga,Urban,10,Done,Approved,,1973.94,0.06,Low,0.37
1019,26,Female,Graduate,Salaried,13,336925,10546,0.61,683,83.97,No,630561,Personal,Personal,14,8.84,Medium,Finance Company,1.86,Online,Haryana,Gandhidham,Urban,5,Processing,Approved,,6555.35,0.23,Low,1.87
1020,47,Female,Graduate,Salaried,24,792397,24400,0.42,538,83.04,No,389523,Education,Education,17,8.43,High,Finance Company,2.84,Online,Gujarat,Ozhukarai,Urban,4,Processing,Approved,,3599.42,0.05,Low,0.49
1021,36,Male,Graduate,Salaried,13,628625,17478,0.45,540,16.2,No,410131,Vehicle,Vehicle,16,16.46,High,Private Bank,1.02,Online,Odisha,Nanded,Urban,3,Done,Approved,,6069.4,0.12,Low,0.65
1022,41,Female,Non-Graduate,Salaried,15,831169,11560,0.96,661,70.1,No,1193190,Personal,Personal,2,9.22,Medium,Government Bank,0.6,Offline,Rajasthan,Gujarat District,Rural,11,Processing,Approved,,54631.1,0.79,High,1.44
1023,44,Male,Non-Graduate,Salaried,29,348235,13904,1.11,817,18.08,No,1948970,Agriculture,Agriculture,13,6.4,Low,Government Bank,0.64,Offline,Karnataka,Uttar Pradesh District,Rural,10,Processing,Approved,,18434.59,0.64,High,5.6
1024,42,Male,Graduate,Salaried,27,607714,14241,0.3,498,67.22,No,64096,Personal,Personal,11,12.74,High,Private Bank,1.08,Online,Delhi,Burhanpur,Urban,6,Done,Pending,,904.99,0.02,Low,0.11
1025,29,Male,Graduate,Salaried,5,968496,4681,0.13,791,65.29,No,415219,Business,Business,10,12.31,Low,Private Bank,0.98,Online,Assam,Agartala,Urban,6,Done,Approved,,6031.83,0.07,Low,0.43
1026,38,Female,Graduate,Salaried,5,905650,21515,0.34,451,79.04,No,393963,Appliances,Appliances,17,10.38,High,Private Bank,1.27,Online,Uttar Pradesh,Kottayam,Urban,3,Processing,Approved,,4118.46,0.05,Low,0.44
1027,50,Female,Graduate,Self-employed,28,1006036,10832,0.18,550,80.81,No,450749,Personal,Personal,20,8.28,High,Finance Company,2.04,Online,Delhi,Jamalpur,Urban,5,Processing,Approved,,3849.17,0.05,Low,0.45
1028,27,Male,Graduate,Salaried,17,638150,24926,0.59,661,65.06,Yes,539859,Agriculture,Agriculture,11,8.4,Medium,Government Bank,0.64,Online,Haryana,Giridih,Urban,10,Processing,Rejected,High Existing EMI,6279.6,0.12,Low,0.85
1029,35,Female,Non-Graduate,Salaried,19,363724,202,0.16,528,71.57,No,349649,Personal,Personal,11,11.54,High,Private Bank,0.71,Offline,Bihar,Tamil Nadu District,Rural,7,Done,Pending,,4687.72,0.15,Low,0.96
1030,59,Male,Graduate,Self-employed,16,1371083,19366,0.18,625,79.8,No,70008,Education,Education,11,7.21,High,Government Bank,0.8,Online,Punjab,Jodhpur,Urban,17,Processing,Approved,,769.7,0.01,Low,0.05
1031,51,Female,Non-Graduate,Salaried,14,906869,19061,0.39,647,14.69,No,343296,Business,Business,4,17.76,Medium,Finance Company,2.8,Offline,Telangana,Meghalaya District,Rural,1,Processing,Rejected,Previous Loan Default,10041.32,0.13,Low,0.38
1032,28,Female,Graduate,Salaried,27,899042,22337,0.44,758,34.52,No,836407,Vehicle,Vehicle,19,14.14,Medium,Government Bank,0.58,Offline,West Bengal,Maharashtra District,Rural,11,Done,Approved,,10588.27,0.14,Low,0.93
1033,32,Male,Graduate,Salaried,21,947185,18892,0.27,535,45,No,109134,Business,Business,6,17.19,High,Government Bank,0.52,Online,Odisha,Tinsukia,Urban,21,Done,Approved,,2439.39,0.03,Low,0.12
1034,25,Female,Non-Graduate,Salaried,27,502835,13231,0.41,847,87.38,No,207716,Personal,Personal,6,12.39,Low,Private Bank,1.37,Offline,Uttar Pradesh,Maharashtra District,Rural,6,Done,Approved,,4103.14,0.1,Low,0.41
1035,45,Male,Graduate,Pensioner,29,388791,16714,1.08,680,47.69,No,1082700,Education,Education,6,6.61,Medium,Private Bank,1.19,Offline,Assam,Uttarakhand District,Rural,4,Done,Approved,,18256.87,0.56,High,2.78
1036,52,Female,Graduate,Self-employed,7,1957033,18365,0.15,843,66.03,No,357171,Vehicle,Vehicle,14,17.28,Low,Government Bank,0.41,Online,Bihar,Kolhapur,Urban,20,Processing,Approved,,5655.3,0.03,Low,0.18
1037,43,Female,Graduate,Self-employed,13,1042579,2943,0.13,781,79.37,No,560399,Vehicle,Vehicle,13,14.3,Low,Private Bank,1.44,Offline,Bihar,Uttarakhand District,Rural,8,Done,Rejected,Low Income,7926.99,0.09,Low,0.54
1038,52,Female,Non-Graduate,Pensioner,10,265868,15715,1.42,791,63.8,No,1181996,Home,Home,9,8.53,Low,Finance Company,2.93,Offline,Karnataka,Sikkim District,Rural,3,Done,Approved,,15714.74,0.71,High,4.45
1039,33,Male,Graduate,Pensioner,18,239421,3845,0.53,798,79.76,No,426707,Agriculture,Agriculture,7,8.04,Low,Finance Company,1.6,Online,Kerala,Secunderabad,Urban,3,Processing,Approved,,6659.25,0.33,Medium,1.78
1040,34,Female,Graduate,Salaried,22,529835,24801,0.83,675,34.78,Yes,1064202,Personal,Personal,18,11.57,Medium,Private Bank,1.16,Online,Telangana,Shimla,Urban,3,Processing,Approved,,11737.96,0.27,Low,2.01
1041,28,Male,Graduate,Salaried,5,579320,6330,0.34,544,60.62,No,351180,Appliances,Appliances,4,17.24,High,Government Bank,0.71,Online,Gujarat,Begusarai,Urban,20,Processing,Approved,,10176.97,0.21,Low,0.61
1042,52,Female,Graduate,Salaried,5,952403,7093,0.15,486,37.57,No,225237,Home,Home,5,12.36,High,Government Bank,0.48,Online,Odisha,Howrah,Urban,13,Done,Rejected,High Existing EMI,5051.34,0.06,Low,0.24
1043,42,Female,Graduate,Salaried,8,634841,16162,0.32,570,11.17,Yes,92227,Agriculture,Agriculture,18,7.32,High,Government Bank,0.67,Offline,Jharkhand,Tripura District,Rural,20,Processing,Approved,,769.45,0.01,Low,0.15
1044,30,Female,Graduate,Salaried,14,437816,23523,1.38,744,23.66,No,1015028,Personal,Personal,4,12.22,Medium,Private Bank,0.96,Offline,Maharashtra,Andhra Pradesh District,Rural,8,Done,Approved,,26839.35,0.74,High,2.32
1045,57,Male,Graduate,Salaried,26,995134,19818,0.28,588,45.85,No,230225,Home,Home,10,9.74,High,Government Bank,0.33,Online,Madhya Pradesh,Amroha,Urban,10,Processing,Approved,,3009.39,0.04,Low,0.23
1046,41,Male,Graduate,Salaried,11,945063,2085,0.04,546,64.35,No,103291,Appliances,Appliances,14,13.31,High,Finance Company,2.33,Online,Gujarat,Ballia,Urban,3,Done,Pending,,1358.63,0.02,Low,0.11
1047,40,Male,Graduate,Self-employed,13,1846474,10418,0.09,609,21.24,No,287626,Vehicle,Vehicle,16,11.2,High,Government Bank,0.45,Online,Madhya Pradesh,Gandhidham,Urban,17,Processing,Pending,,3226.64,0.02,Low,0.16
1048,57,Male,Non-Graduate,Self-employed,8,1410211,3740,0.2,707,68.12,No,988957,Education,Education,5,7.93,Medium,Finance Company,2.08,Offline,Madhya Pradesh,Uttar Pradesh District,Rural,2,Processing,Approved,,20019.37,0.17,Low,0.7
1049,55,Male,Non-Graduate,Salaried,29,634095,14138,0.39,732,32.25,No,438028,Vehicle,Vehicle,13,14.58,Medium,Private Bank,1.49,Offline,Delhi,Manipur District,Rural,9,Done,Pending,,6275.87,0.12,Low,0.69
1050,37,Female,Graduate,Salaried,27,758813,24899,0.71,775,66.5,No,1347764,Appliances,Appliances,16,16.79,Low,Private Bank,0.79,Online,Rajasthan,Guntur,Urban,6,Processing,Pending,,20263.9,0.32,Medium,1.78
1051,39,Male,Graduate,Self-employed,26,1131298,8036,0.13,562,48.73,No,468963,Education,Education,18,8.87,High,Finance Company,1.77,Offline,Bihar,Mizoram District,Rural,1,Processing,Pending,,4353.58,0.05,Low,0.41
1052,44,Male,Graduate,Self-employed,14,672221,12724,0.29,737,83.9,No,278629,Personal,Personal,11,8.8,Medium,Finance Company,1.94,Offline,Jharkhand,Meghalaya District,Rural,4,Processing,Rejected,Low Income,3301.93,0.06,Low,0.41
1053,47,Male,Graduate,Salaried,18,564035,22825,0.59,671,13.18,No,534184,Home,Home,16,8.23,Medium,Finance Company,2.74,Offline,Odisha,Uttarakhand District,Rural,3,Done,Pending,,5013.14,0.11,Low,0.95
1054,46,Female,Graduate,Salaried,25,509258,19984,0.56,752,69.29,No,480458,Education,Education,17,5.86,Medium,Private Bank,0.86,Online,Karnataka,Panihati,Urban,4,Processing,Approved,,3725.23,0.09,Low,0.94
1055,62,Male,Non-Graduate,Salaried,8,422853,17613,0.69,573,19.59,No,202071,Vehicle,Vehicle,3,12.78,High,Government Bank,0.42,Offline,Delhi,Goa District,Rural,12,Done,Rejected,Insufficient Employment Length,6787.18,0.19,Low,0.48
1056,56,Male,Graduate,Self-employed,5,1309503,15077,0.26,758,81.15,No,947039,Vehicle,Vehicle,17,15.72,Medium,Government Bank,0.77,Offline,Chhattisgarh,Nagaland District,Rural,22,Processing,Approved,,13344.25,0.12,Low,0.72
1057,54,Male,Graduate,Salaried,13,351251,18998,0.78,726,78.19,No,365083,Personal,Personal,19,10.97,Medium,Government Bank,0.5,Online,Chhattisgarh,Bhubaneswar,Urban,22,Done,Approved,,3816.77,0.13,Low,1.04
1058,37,Male,Graduate,Salaried,6,895199,4050,0.08,565,13.2,Yes,165475,Agriculture,Agriculture,10,8.58,High,Finance Company,1.75,Online,Jharkhand,Junagadh,Urban,4,Done,Approved,,2058.74,0.03,Low,0.18
1059,58,Male,Graduate,Salaried,9,664668,3110,0.16,500,19.72,No,298906,Education,Education,5,6.53,High,Finance Company,1.93,Online,Kerala,Bhiwani,Urban,5,Done,Approved,,5852.64,0.11,Low,0.45
1060,46,Male,Graduate,Salaried,7,824357,4667,0.2,722,86.63,No,691462,Home,Home,11,10.48,Medium,Finance Company,2.41,Online,Madhya Pradesh,Gopalpur,Urban,4,Done,Approved,,8845.88,0.13,Low,0.84
1061,43,Male,Graduate,Salaried,20,667085,21880,0.47,601,59.54,No,413462,Education,Education,12,5.93,High,Government Bank,0.65,Online,Maharashtra,Ranchi,Urban,16,Done,Approved,,4019.81,0.07,Low,0.62
1062,42,Male,Non-Graduate,Salaried,23,541610,1367,1.17,790,67.77,Yes,1991722,Vehicle,Vehicle,4,11.13,Low,Government Bank,0.26,Offline,Rajasthan,Himachal Pradesh District,Rural,20,Processing,Approved,,51602.93,1.14,High,3.68
1063,61,Female,Graduate,Self-employed,29,1199156,16122,0.22,453,88.77,No,294015,Agriculture,Agriculture,5,5.76,High,Government Bank,0.45,Online,Uttar Pradesh,Tiruchirappalli,Urban,18,Done,Approved,,5651.38,0.06,Low,0.25
1064,51,Male,Graduate,Self-employed,5,1118885,16182,0.18,608,74.77,No,68438,Appliances,Appliances,14,13.34,High,Finance Company,1.56,Online,Karnataka,Adoni,Urban,4,Done,Approved,,901.53,0.01,Low,0.06
1065,43,Female,Graduate,Salaried,24,524538,20793,0.54,748,14.53,No,309648,Education,Education,15,6.96,Medium,Government Bank,0.4,Online,West Bengal,Karawal Nagar,Urban,17,Done,Pending,,2776.28,0.06,Low,0.59
1066,38,Male,Non-Graduate,Salaried,21,534970,7975,0.5,646,33.4,Yes,712671,Appliances,Appliances,7,16.36,Medium,Government Bank,0.58,Offline,Karnataka,Odisha District,Rural,10,Done,Rejected,High Existing EMI,14301.63,0.32,Medium,1.33
1067,56,Male,Graduate,Self-employed,30,830653,3594,0.13,793,44.2,No,425898,Business,Business,12,10.31,Low,Finance Company,2.7,Online,Jharkhand,Bhind,Urban,1,Processing,Approved,,5166.38,0.07,Low,0.51
1068,43,Female,Graduate,Self-employed,18,912547,18028,0.46,773,64.02,Yes,1461377,Education,Education,11,8.08,Low,Finance Company,1.69,Online,Delhi,Hazaribagh,Urban,4,Done,Approved,,16745.28,0.22,Low,1.6
1069,50,Male,Graduate,Salaried,12,588009,17578,0.63,678,27.1,No,597776,Vehicle,Vehicle,6,16.36,Medium,Government Bank,0.53,Online,West Bengal,Bhubaneswar,Urban,10,Processing,Approved,,13085.63,0.27,Low,1.02
1070,29,Male,Graduate,Salaried,9,607722,10833,1.06,762,29.07,No,1654382,Appliances,Appliances,4,11.3,Low,Private Bank,1.44,Online,West Bengal,Malda,Urban,5,Processing,Approved,,42999.79,0.85,High,2.72
1071,61,Male,Graduate,Self-employed,21,1921690,9754,0.08,718,77.31,No,254493,Vehicle,Vehicle,17,16.71,Medium,Government Bank,0.69,Offline,Tamil Nadu,Punjab District,Rural,15,Done,Pending,,3768.17,0.02,Low,0.13
1072,35,Male,Graduate,Pensioner,20,325370,12363,1.48,819,48.75,No,1874851,Vehicle,Vehicle,16,16.44,Low,Finance Company,1.72,Offline,Madhya Pradesh,Andhra Pradesh District,Rural,6,Done,Approved,,27718.55,1.02,High,5.76
1073,25,Male,Graduate,Salaried,23,824179,15846,0.28,575,62.92,No,268919,Business,Business,11,12.25,High,Finance Company,2.49,Online,Rajasthan,Miryalaguda,Urban,5,Done,Pending,,3718.14,0.05,Low,0.33
1074,61,Male,Graduate,Salaried,27,718851,18140,0.47,819,71.59,No,953887,Home,Home,20,11.62,Low,Private Bank,1.21,Online,Delhi,Orai,Urban,7,Processing,Approved,,10251.52,0.17,Low,1.33
1075,62,Male,Graduate,Salaried,8,845729,16825,0.26,471,43.97,No,59229,Appliances,Appliances,5,12.35,High,Finance Company,2.03,Online,Assam,Bhopal,Urban,1,Done,Pending,,1328.02,0.02,Low,0.07
1076,42,Female,Graduate,Salaried,23,417714,4539,0.31,701,55.46,Yes,830012,Agriculture,Agriculture,18,5.71,Medium,Government Bank,0.7,Offline,Delhi,Gujarat District,Rural,17,Processing,Approved,,6158.22,0.18,Low,1.99
1077,57,Male,Graduate,Salaried,23,958412,20783,0.3,795,65.06,No,202754,Education,Education,8,7.17,Low,Government Bank,0.57,Online,Assam,Bokaro,Urban,20,Done,Approved,,2781.47,0.03,Low,0.21
1078,62,Female,Graduate,Self-employed,11,1306843,2262,0.11,789,69.86,No,1232147,Education,Education,17,6.8,Low,Private Bank,1.36,Online,Maharashtra,Pali,Urban,9,Processing,Pending,,10204.43,0.09,Low,0.94
1079,29,Male,Graduate,Salaried,17,925043,12322,0.64,805,89.66,No,813349,Agriculture,Agriculture,2,7.75,Low,Finance Company,2.71,Online,Jharkhand,Sirsa,Urban,3,Done,Approved,,36692.9,0.48,High,0.88
1080,34,Female,Graduate,Salaried,16,719847,9164,0.66,750,56.29,No,629639,Vehicle,Vehicle,2,15.24,Medium,Government Bank,0.48,Offline,Telangana,Nagaland District,Rural,11,Processing,Approved,,30600.93,0.51,High,0.87
1081,41,Female,Graduate,Self-employed,16,1724965,6912,0.08,508,18.32,No,432473,Home,Home,19,12.18,High,Finance Company,1.74,Online,Karnataka,Buxar,Urban,5,Processing,Approved,,4877.36,0.03,Low,0.25
1082,28,Male,Graduate,Salaried,6,947207,6083,0.17,713,50.42,Yes,676214,Home,Home,14,9.45,Medium,Private Bank,1.48,Online,Haryana,Tirunelveli,Urban,4,Done,Approved,,7272.05,0.09,Low,0.71
1083,30,Female,Graduate,Self-employed,22,804539,5594,0.32,649,13.4,No,1111540,Appliances,Appliances,11,13.35,Medium,Finance Company,2.41,Online,Kerala,Mau,Urban,3,Processing,Approved,,16104.46,0.24,Low,1.38
1084,62,Female,Graduate,Salaried,12,347238,19658,1.53,804,39.74,No,2052132,Vehicle,Vehicle,15,12.04,Low,Government Bank,0.62,Online,Telangana,Pimpri-Chinchwad,Urban,21,Done,Approved,,24681.87,0.85,High,5.91
1085,25,Female,Graduate,Salaried,17,356976,19699,1.26,844,12.33,Yes,1362039,Vehicle,Vehicle,20,14.74,Low,Private Bank,0.94,Online,Rajasthan,Hazaribagh,Urban,4,Done,Approved,,17674.08,0.59,High,3.82
1086,41,Male,Graduate,Salaried,7,727503,10150,0.23,593,19.45,No,80026,Home,Home,2,9.85,High,Government Bank,0.35,Online,Jharkhand,Mango,Urban,15,Done,Approved,,3687.26,0.06,Low,0.11
1087,52,Male,Graduate,Salaried,14,304044,8909,0.65,827,39.53,No,463731,Vehicle,Vehicle,13,17.2,Low,Government Bank,0.5,Online,Madhya Pradesh,Rewa,Urban,12,Done,Approved,,7456.56,0.29,Low,1.53
1088,58,Female,Graduate,Salaried,30,730879,1435,0.81,841,73.87,No,985468,Business,Business,2,15.81,Low,Finance Company,1.59,Online,Assam,Kadapa,Urban,6,Processing,Approved,,48162.16,0.79,High,1.35
1089,59,Male,Graduate,Salaried,25,964389,2085,0.06,639,41.41,No,271163,Personal,Personal,19,8.18,High,Private Bank,1.04,Offline,Odisha,Andhra Pradesh District,Rural,6,Done,Approved,,2347.14,0.03,Low,0.28
1090,41,Male,Graduate,Salaried,22,326554,23629,1.05,745,31.54,No,487250,Home,Home,18,10.34,Medium,Private Bank,0.71,Online,Telangana,Ambala,Urban,5,Done,Approved,,4978.8,0.18,Low,1.49
1091,30,Male,Graduate,Salaried,10,719593,20947,0.56,609,23.08,No,364637,Business,Business,3,14.14,High,Finance Company,1.51,Offline,Karnataka,Jharkhand District,Rural,2,Done,Rejected,Insufficient Employment Length,12487.24,0.21,Low,0.51
1092,59,Female,Graduate,Self-employed,9,1355715,14366,0.18,754,70.18,No,555327,Home,Home,16,8.98,Medium,Finance Company,2.75,Online,Bihar,Gurgaon,Urban,6,Processing,Approved,,5460.56,0.05,Low,0.41
1093,43,Male,Graduate,Salaried,11,369432,4833,0.26,472,61.1,No,137536,Agriculture,Agriculture,4,6.77,High,Government Bank,0.67,Online,Tamil Nadu,Tenali,Urban,15,Done,Pending,,3278.81,0.11,Low,0.37
1094,55,Female,Graduate,Salaried,28,768734,7682,0.15,624,67.64,No,198010,Education,Education,16,8.38,High,Private Bank,1.12,Offline,West Bengal,Maharashtra District,Rural,8,Done,Approved,,1875.85,0.03,Low,0.26
1095,46,Female,Non-Graduate,Salaried,19,738129,15212,0.27,625,23.06,No,91496,Vehicle,Vehicle,15,17.03,High,Finance Company,1.93,Offline,Maharashtra,Manipur District,Rural,3,Done,Rejected,Previous Loan Default,1410.07,0.02,Low,0.12
1096,59,Male,Graduate,Salaried,29,727630,624,0.11,718,46.95,No,248836,Home,Home,4,8.4,Medium,Finance Company,2.96,Offline,Jharkhand,Haryana District,Rural,4,Done,Approved,,6121.64,0.1,Low,0.34
1097,38,Male,Graduate,Salaried,11,309615,13661,0.77,503,13.6,Yes,434632,Education,Education,8,8.3,High,Finance Company,2.34,Offline,Telangana,Bihar District,Rural,2,Processing,Approved,,6210.73,0.24,Low,1.4
1098,57,Male,Graduate,Salaried,8,467444,11508,0.41,534,86.01,No,452623,Home,Home,15,8.8,High,Government Bank,0.45,Online,Jharkhand,Guntur,Urban,14,Done,Pending,,4537.11,0.12,Low,0.97
1099,60,Male,Graduate,Salaried,10,838347,23729,0.72,809,41.9,No,1623472,Business,Business,8,12.3,Low,Government Bank,0.79,Offline,West Bengal,Uttar Pradesh District,Rural,17,Processing,Approved,,26654.36,0.38,Medium,1.94
1100,52,Male,Graduate,Salaried,22,591291,16749,0.46,494,30.02,No,361071,Vehicle,Vehicle,16,17.8,High,Finance Company,2.4,Online,Chhattisgarh,Etawah,Urban,3,Done,Approved,,5692.82,0.12,Low,0.61
1101,28,Male,Graduate,Salaried,6,885927,23228,0.47,720,39.55,Yes,852833,Appliances,Appliances,12,12.56,Medium,Finance Company,2.66,Online,Kerala,Sangli-Miraj & Kupwad,Urban,6,Processing,Approved,,11492.2,0.16,Low,0.96
1102,48,Female,Graduate,Salaried,19,301783,18861,0.94,735,60.78,No,348041,Personal,Personal,11,11.99,Medium,Finance Company,2.99,Online,Haryana,Kalyan-Dombivli,Urban,6,Done,Approved,,4758.4,0.19,Low,1.15
1103,57,Male,Non-Graduate,Salaried,18,808979,12618,0.31,694,58.51,No,783675,Personal,Personal,17,10.84,Medium,Private Bank,0.74,Offline,Telangana,Madhya Pradesh District,Rural,4,Done,Approved,,8424.5,0.12,Low,0.97
1104,32,Male,Non-Graduate,Self-employed,15,1204845,19047,0.22,579,47.12,Yes,252973,Education,Education,9,6.46,High,Finance Company,2.92,Offline,Assam,Kerala District,Rural,4,Done,Approved,,3095,0.03,Low,0.21
1105,40,Female,Graduate,Salaried,17,787015,21398,0.53,524,20.87,Yes,285260,Personal,Personal,2,11.02,High,Private Bank,1.07,Online,Kerala,Surendranagar Dudhrej,Urban,9,Done,Approved,,13298,0.2,Low,0.36
1106,62,Female,Graduate,Salaried,30,472685,384,0.02,502,29.02,No,87116,Agriculture,Agriculture,20,5.18,High,Private Bank,1.44,Online,Delhi,Rewa,Urban,3,Done,Approved,,583.62,0.01,Low,0.18
1107,59,Male,Non-Graduate,Self-employed,26,953124,19944,0.28,639,67.78,No,129224,Appliances,Appliances,8,16.27,High,Government Bank,0.31,Offline,Kerala,Karnataka District,Rural,18,Processing,Approved,,2414.93,0.03,Low,0.14
1108,29,Male,Graduate,Pensioner,12,275916,7379,0.5,632,84.52,No,483618,Home,Home,19,8.05,High,Finance Company,2.07,Online,Telangana,Ongole,Urban,5,Processing,Approved,,4147.38,0.18,Low,1.75
1109,52,Female,Graduate,Salaried,28,773567,9076,0.3,685,61.39,No,923125,Personal,Personal,19,12.01,Medium,Private Bank,0.97,Offline,Assam,Mizoram District,Rural,8,Processing,Pending,,10302.75,0.16,Low,1.19
1110,33,Male,Graduate,Self-employed,26,1588338,15659,0.14,614,77.63,No,435724,Education,Education,20,7.35,High,Finance Company,2.09,Online,Madhya Pradesh,Aizawl,Urban,2,Processing,Pending,,3470.31,0.03,Low,0.27
1111,53,Female,Graduate,Salaried,16,767728,14285,0.25,564,77.37,No,159870,Appliances,Appliances,16,10.94,High,Private Bank,1.04,Offline,Tamil Nadu,Punjab District,Rural,4,Processing,Approved,,1766.83,0.03,Low,0.21
1112,59,Male,Graduate,Salaried,26,594239,9286,0.3,558,18.71,No,427143,Home,Home,13,12.18,High,Government Bank,0.69,Offline,Uttar Pradesh,Karnataka District,Rural,12,Done,Approved,,5466.67,0.11,Low,0.72
1113,62,Male,Graduate,Salaried,18,679378,14156,0.27,546,84.29,No,106558,Home,Home,20,9.85,High,Finance Company,2.53,Online,Karnataka,Mau,Urban,6,Processing,Approved,,1017.74,0.02,Low,0.16
1114,56,Male,Graduate,Salaried,18,551448,21065,0.6,643,15.15,No,458024,Vehicle,Vehicle,17,16.04,Medium,Private Bank,1.33,Online,Kerala,Panipat,Urban,6,Done,Approved,,6559.24,0.14,Low,0.83
1115,62,Male,Graduate,Salaried,14,904386,6184,0.25,755,53.55,No,764230,Vehicle,Vehicle,11,16.23,Medium,Private Bank,1.37,Online,Karnataka,Bhatpara,Urban,4,Processing,Pending,,12449.75,0.17,Low,0.85
1116,49,Male,Graduate,Salaried,25,396662,11223,0.74,532,81.56,Yes,479804,Vehicle,Vehicle,4,14.76,High,Government Bank,0.61,Online,Assam,Khora ,Urban,12,Done,Rejected,Insufficient Employment Length,13295.01,0.4,Medium,1.21
1117,62,Male,Graduate,Salaried,5,483682,19225,0.51,475,60.41,No,94271,Vehicle,Vehicle,15,14.06,High,Finance Company,2.36,Online,Chhattisgarh,Kadapa,Urban,6,Processing,Rejected,Low Income,1259.25,0.03,Low,0.19
1118,40,Female,Graduate,Salaried,29,373095,12572,2.48,838,86.76,No,2002974,Home,Home,3,9.9,Low,Private Bank,0.92,Offline,Bihar,Uttarakhand District,Rural,8,Done,Approved,,64536.34,2.08,High,5.37
1119,46,Male,Graduate,Salaried,12,632941,1937,0.05,592,73.87,No,69654,Appliances,Appliances,12,10.64,High,Private Bank,1.35,Offline,Bihar,Mizoram District,Rural,8,Processing,Approved,,858.38,0.02,Low,0.11
1120,46,Male,Graduate,Salaried,13,344118,8293,0.52,651,64.58,No,474842,Personal,Personal,11,12.63,Medium,Finance Company,2.66,Online,Rajasthan,Dehradun,Urban,2,Processing,Approved,,6673.1,0.23,Low,1.38
1121,55,Male,Graduate,Salaried,18,685213,2433,0.15,657,56.74,No,454708,Vehicle,Vehicle,12,11.59,Medium,Finance Company,2.15,Online,Odisha,Siwan,Urban,2,Processing,Pending,,5859.87,0.1,Low,0.66
1122,44,Male,Non-Graduate,Self-employed,8,1449860,14181,0.19,817,80.44,No,399160,Home,Home,5,11.15,Low,Government Bank,0.42,Offline,Jharkhand,Assam District,Rural,13,Done,Approved,,8708.6,0.07,Low,0.28
1123,47,Female,Graduate,Pensioner,5,403308,7901,0.31,720,18.74,No,215988,Personal,Personal,14,10.42,Medium,Private Bank,0.78,Offline,Rajasthan,Andhra Pradesh District,Rural,9,Processing,Approved,,2448.38,0.07,Low,0.54
1124,34,Male,Graduate,Self-employed,23,701603,10183,0.42,673,70.04,No,844338,Appliances,Appliances,10,16.27,Medium,Private Bank,0.82,Offline,Uttar Pradesh,Uttar Pradesh District,Rural,8,Done,Approved,,14286.17,0.24,Low,1.2
1125,28,Male,Graduate,Salaried,29,485366,10133,0.38,465,81.13,No,304981,Business,Business,8,14.23,High,Private Bank,0.8,Online,Madhya Pradesh,Katihar,Urban,5,Done,Approved,,5337.98,0.13,Low,0.63
1126,58,Male,Graduate,Self-employed,11,1824537,23156,0.21,491,66.55,No,489690,Personal,Personal,6,9.23,High,Finance Company,2.29,Online,Madhya Pradesh,Bareilly,Urban,1,Done,Rejected,Insufficient Employment Length,8882.93,0.06,Low,0.27
1127,40,Male,Graduate,Salaried,7,734848,23133,0.62,670,78.73,No,899025,Vehicle,Vehicle,13,17.35,Medium,Finance Company,1.78,Online,Delhi,Noida,Urban,1,Processing,Approved,,14548.19,0.24,Low,1.22
1128,39,Male,Graduate,Salaried,20,450363,21874,0.81,755,34.91,No,706484,Business,Business,12,10.03,Medium,Finance Company,1.79,Online,Uttar Pradesh,Rourkela,Urban,4,Processing,Pending,,8455.29,0.23,Low,1.57
1129,46,Male,Graduate,Salaried,19,882488,2178,0.27,820,83.05,No,2052273,Home,Home,19,8.25,Low,Government Bank,0.68,Online,Odisha,Ratlam,Urban,16,Done,Pending,,17852.91,0.24,Low,2.33
1130,48,Male,Graduate,Self-employed,6,1314162,18619,0.3,665,21.32,No,952252,Appliances,Appliances,17,17.6,Medium,Finance Company,1.61,Online,Bihar,Belgaum,Urban,2,Done,Rejected,High Existing EMI,14721.42,0.13,Low,0.72
1131,59,Male,Graduate,Salaried,8,886551,10773,0.22,636,33.11,No,449267,Business,Business,13,11.63,High,Government Bank,0.73,Online,Telangana,Gandhinagar,Urban,21,Done,Approved,,5597.32,0.08,Low,0.51
1132,26,Male,Graduate,Salaried,8,878580,8868,0.17,500,44.95,No,253389,Home,Home,9,10.59,High,Private Bank,0.77,Offline,Jharkhand,Haryana District,Rural,4,Done,Approved,,3648.84,0.05,Low,0.29
1133,53,Male,Graduate,Self-employed,9,1127867,12165,0.14,604,27.43,No,100233,Home,Home,12,11.84,High,Private Bank,0.7,Online,West Bengal,Mumbai,Urban,8,Processing,Approved,,1306.79,0.01,Low,0.09
1134,30,Male,Graduate,Salaried,30,779283,11858,0.37,739,46.77,No,484764,Home,Home,4,9.83,Medium,Government Bank,0.3,Online,Haryana,Alappuzha,Urban,12,Done,Approved,,12255.33,0.19,Low,0.62
1135,31,Female,Graduate,Salaried,21,334509,6195,0.34,720,82.23,No,252843,Personal,Personal,10,9.29,Medium,Finance Company,1.67,Online,Gujarat,Kozhikode,Urban,5,Done,Approved,,3242.73,0.12,Low,0.76
1136,62,Male,Graduate,Salaried,17,333366,6788,1.51,834,16.27,No,1796522,Education,Education,5,6.51,Low,Government Bank,0.35,Offline,Rajasthan,Tripura District,Rural,20,Processing,Approved,,35159.43,1.27,High,5.39
1137,33,Male,Non-Graduate,Salaried,30,309199,24879,3.88,794,86.78,No,1607855,Personal,Personal,2,11.35,Low,Private Bank,0.78,Offline,Tamil Nadu,Assam District,Rural,6,Done,Approved,,75200.18,2.92,High,5.2
1138,54,Male,Graduate,Salaried,8,416911,11872,0.58,668,35.44,No,626838,Personal,Personal,12,11.91,Medium,Private Bank,0.81,Offline,Karnataka,Maharashtra District,Rural,7,Done,Approved,,8198.89,0.24,Low,1.5
1139,41,Male,Graduate,Self-employed,22,1386033,9988,0.12,553,54.1,No,292132,Appliances,Appliances,17,15.31,High,Government Bank,0.6,Offline,Karnataka,Goa District,Rural,13,Processing,Approved,,4030.64,0.03,Low,0.21
1140,35,Female,Graduate,Pensioner,28,432651,9549,0.69,738,12.49,No,1138660,Vehicle,Vehicle,20,15.57,Medium,Finance Company,2.07,Online,Delhi,South Dumdum,Urban,2,Done,Rejected,Low CIBIL Score,15475.49,0.43,Medium,2.63
1141,46,Female,Graduate,Salaried,27,848036,11576,0.22,721,38.01,No,379942,Home,Home,19,10.62,Medium,Private Bank,1.36,Online,Karnataka,Pudukkottai,Urban,9,Processing,Pending,,3883.38,0.05,Low,0.45
1142,34,Male,Graduate,Salaried,11,906453,16499,0.48,825,34.96,No,1946688,Appliances,Appliances,20,10.94,Low,Finance Company,1.83,Online,Madhya Pradesh,Faridabad,Urban,3,Done,Approved,,20014.06,0.26,Low,2.15
1143,47,Male,Graduate,Self-employed,9,1957686,5640,0.09,452,36.56,Yes,410023,Business,Business,5,10.74,High,Government Bank,0.62,Offline,Tamil Nadu,Jharkhand District,Rural,12,Done,Approved,,8861.82,0.05,Low,0.21
1144,25,Male,Graduate,Salaried,15,426507,2005,0.13,538,15.24,Yes,212960,Appliances,Appliances,15,12.6,High,Government Bank,0.54,Online,Maharashtra,Alwar,Urban,17,Done,Pending,,2638.65,0.07,Low,0.5
1145,26,Female,Graduate,Salaried,6,874102,68,0.04,646,37.62,No,269070,Personal,Personal,17,9.17,Medium,Government Bank,0.32,Online,Maharashtra,Kolhapur,Urban,16,Done,Approved,,2608.05,0.04,Low,0.31
1146,50,Male,Graduate,Salaried,15,572412,12426,0.38,653,69.4,No,460410,Appliances,Appliances,18,12.86,Medium,Finance Company,1.78,Offline,Karnataka,Sikkim District,Rural,2,Done,Approved,,5482.35,0.11,Low,0.8
1147,43,Female,Graduate,Self-employed,23,1155758,16651,0.21,628,53.92,Yes,317614,Business,Business,16,12.03,High,Government Bank,0.47,Online,Gujarat,Saharanpur,Urban,12,Processing,Approved,,3734.16,0.04,Low,0.27
1148,32,Male,Graduate,Self-employed,15,871543,2561,0.12,599,25.15,No,344976,Personal,Personal,7,10.77,High,Private Bank,0.82,Online,Tamil Nadu,Amravati,Urban,9,Done,Approved,,5865.19,0.08,Low,0.4
1149,27,Female,Graduate,Pensioner,17,267870,2972,1.31,785,72.59,No,2146661,Personal,Personal,14,11.92,Low,Government Bank,0.64,Offline,Haryana,Madhya Pradesh District,Rural,10,Processing,Pending,,26326.33,1.18,High,8.01
1150,50,Male,Graduate,Salaried,25,344507,3233,0.38,728,52.49,No,759555,Appliances,Appliances,19,10.54,Medium,Government Bank,0.69,Online,Odisha,Siliguri,Urban,10,Processing,Rejected,Low CIBIL Score,7723.07,0.27,Low,2.2
1151,30,Male,Non-Graduate,Salaried,7,437764,13772,0.47,635,35.26,No,288691,Appliances,Appliances,15,11.33,High,Private Bank,0.82,Offline,Tamil Nadu,Manipur District,Rural,9,Processing,Approved,,3341.32,0.09,Low,0.66
1152,35,Female,Graduate,Salaried,23,308838,6526,0.37,582,51.31,No,88044,Business,Business,3,13.96,High,Finance Company,2.27,Online,Uttar Pradesh,Saharanpur,Urban,6,Done,Rejected,Previous Loan Default,3007.43,0.12,Low,0.29
1153,25,Female,Graduate,Self-employed,24,1596673,20217,0.27,748,26.43,No,998353,Education,Education,6,5.47,Medium,Government Bank,0.26,Offline,Rajasthan,Nagaland District,Rural,19,Done,Approved,,16296.97,0.12,Low,0.63
1154,33,Male,Graduate,Salaried,9,670038,4230,0.11,647,27.91,No,168919,Personal,Personal,20,11,Medium,Government Bank,0.8,Online,Karnataka,Berhampur,Urban,12,Done,Approved,,1743.56,0.03,Low,0.25
1155,57,Female,Graduate,Self-employed,25,672760,7463,0.22,528,59.96,No,487140,Home,Home,19,10.47,High,Government Bank,0.42,Offline,Madhya Pradesh,Karnataka District,Rural,13,Processing,Approved,,4930.6,0.09,Low,0.72
1156,53,Female,Graduate,Salaried,12,357332,20495,1.02,725,54.05,No,538540,Vehicle,Vehicle,7,13.43,Medium,Finance Company,2.41,Online,Madhya Pradesh,Patna,Urban,5,Done,Approved,,9923.43,0.33,Medium,1.51
1157,58,Male,Graduate,Salaried,12,308516,18773,1.06,756,78.77,No,560264,Home,Home,8,10.27,Medium,Finance Company,1.74,Offline,Telangana,Manipur District,Rural,4,Done,Rejected,Insufficient Employment Length,8581.79,0.33,Medium,1.82
1158,43,Male,Graduate,Salaried,23,401924,1016,0.71,761,19.92,No,1423859,Vehicle,Vehicle,9,13.25,Low,Government Bank,0.6,Online,Assam,Alappuzha,Urban,17,Processing,Approved,,22635.96,0.68,High,3.54
1159,58,Female,Graduate,Self-employed,10,1700601,13274,0.13,499,42.24,No,429355,Education,Education,9,8.84,High,Government Bank,0.44,Online,Maharashtra,Etawah,Urban,14,Done,Rejected,Previous Loan Default,5778.37,0.04,Low,0.25
1160,41,Female,Non-Graduate,Salaried,24,451785,10105,0.34,571,18,Yes,389837,Education,Education,18,5.55,High,Government Bank,0.57,Offline,Odisha,Kerala District,Rural,14,Done,Pending,,2857.8,0.08,Low,0.86
1161,31,Male,Graduate,Salaried,6,955178,20601,0.34,504,61.79,No,327664,Vehicle,Vehicle,7,16.94,High,Private Bank,1.17,Online,Chhattisgarh,Jamnagar,Urban,6,Done,Approved,,6684.72,0.08,Low,0.34
1162,54,Male,Graduate,Salaried,21,376183,6850,0.31,565,68.69,No,168461,Home,Home,8,12.96,High,Private Bank,1.53,Online,Madhya Pradesh,Nagpur,Urban,6,Processing,Pending,,2827.6,0.09,Low,0.45
1163,42,Male,Graduate,Salaried,13,552837,6549,0.21,657,33.5,No,189181,Personal,Personal,8,11.64,Medium,Finance Company,1.98,Online,Rajasthan,Udupi,Urban,5,Done,Approved,,3037.43,0.07,Low,0.34
1164,51,Male,Non-Graduate,Salaried,7,657323,9982,0.98,792,70.47,No,1573317,Vehicle,Vehicle,4,14.75,Low,Government Bank,0.79,Offline,Bihar,Uttar Pradesh District,Rural,15,Processing,Rejected,Low Income,43587.47,0.8,High,2.39
1165,61,Female,Graduate,Salaried,27,495019,21723,0.8,757,45.31,No,934622,Vehicle,Vehicle,14,11.39,Medium,Private Bank,1.28,Offline,Gujarat,Telangana District,Rural,6,Processing,Approved,,11151.94,0.27,Low,1.89
1166,40,Male,Graduate,Salaried,9,802012,13759,0.36,742,42.76,No,1179374,Agriculture,Agriculture,15,6.23,Medium,Government Bank,0.79,Online,Chhattisgarh,Warangal,Urban,13,Processing,Approved,,10099.37,0.15,Low,1.47
1167,28,Male,Graduate,Salaried,29,610421,1323,0.17,631,77.83,No,475220,Business,Business,15,16.5,High,Finance Company,1.69,Online,Assam,Muzaffarnagar,Urban,4,Done,Approved,,7145.92,0.14,Low,0.78
1168,27,Male,Graduate,Salaried,29,405079,19044,0.62,669,84.96,No,183386,Education,Education,11,5.65,Medium,Finance Company,1.86,Offline,Assam,Tamil Nadu District,Rural,5,Processing,Approved,,1868.61,0.06,Low,0.45
1169,52,Female,Graduate,Salaried,11,711698,24325,1.57,837,24.89,No,2373835,Vehicle,Vehicle,4,17.3,Low,Finance Company,2.34,Online,Delhi,Tirunelveli,Urban,2,Processing,Approved,,68866.11,1.16,High,3.34
1170,57,Female,Non-Graduate,Salaried,28,995995,3793,0.76,816,86.84,Yes,1802495,Personal,Personal,3,11.14,Low,Finance Company,3,Offline,Madhya Pradesh,Bihar District,Rural,5,Processing,Approved,,59130.95,0.71,High,1.81
1171,35,Female,Graduate,Salaried,23,610981,15420,0.93,770,44.52,No,2097380,Appliances,Appliances,12,15.41,Low,Government Bank,0.49,Online,Haryana,Moradabad,Urban,13,Processing,Pending,,32034.62,0.63,High,3.43
1172,56,Female,Graduate,Salaried,22,778623,136,0.11,596,31.53,No,390968,Appliances,Appliances,10,17.28,High,Finance Company,2.31,Offline,Maharashtra,Maharashtra District,Rural,1,Processing,Approved,,6864.46,0.11,Low,0.5
1173,48,Male,Non-Graduate,Salaried,10,573600,14862,0.56,758,41.99,No,861025,Vehicle,Vehicle,15,14.72,Medium,Finance Company,2.49,Offline,West Bengal,Tripura District,Rural,5,Done,Approved,,11886.1,0.25,Low,1.5
1174,34,Male,Graduate,Salaried,9,419601,24940,0.8,544,53.12,Yes,345014,Agriculture,Agriculture,16,7.64,High,Private Bank,0.78,Online,Delhi,Panipat,Urban,4,Done,Approved,,3118.68,0.09,Low,0.82
1175,38,Female,Non-Graduate,Salaried,29,431784,12186,0.47,578,63.47,No,439475,Education,Education,11,6.97,High,Government Bank,0.28,Offline,Telangana,Himachal Pradesh District,Rural,11,Done,Approved,,4776.38,0.13,Low,1.02
1176,50,Male,Graduate,Self-employed,28,1646828,18982,0.15,520,50.59,No,114468,Agriculture,Agriculture,10,6.4,High,Finance Company,2.92,Offline,Chhattisgarh,Manipur District,Rural,2,Processing,Approved,,1293.94,0.01,Low,0.07
1177,60,Female,Graduate,Self-employed,12,759887,2927,0.44,787,84.79,No,1998592,Appliances,Appliances,19,14.06,Low,Finance Company,1.7,Online,Jharkhand,Hindupur,Urban,1,Done,Approved,,25185.83,0.4,Medium,2.63
1178,58,Female,Non-Graduate,Salaried,25,771479,24602,1.08,683,85.99,No,936421,Business,Business,2,13.95,Medium,Government Bank,0.79,Offline,Uttar Pradesh,Madhya Pradesh District,Rural,12,Done,Rejected,Insufficient Employment Length,44938.16,0.7,High,1.21
1179,49,Male,Graduate,Salaried,14,777238,8392,0.36,791,76.08,No,1829632,Agriculture,Agriculture,18,6.76,Low,Finance Company,2.17,Online,Madhya Pradesh,Panchkula,Urban,5,Done,Pending,,14665.3,0.23,Low,2.35
1180,43,Male,Non-Graduate,Salaried,28,549464,11641,0.36,607,87.15,Yes,154942,Personal,Personal,3,9.74,High,Government Bank,0.31,Offline,Punjab,Karnataka District,Rural,22,Done,Approved,,4980.65,0.11,Low,0.28
1181,36,Female,Graduate,Salaried,15,956763,16031,0.34,733,53.13,No,318501,Vehicle,Vehicle,3,15.67,Medium,Finance Company,2.55,Online,Delhi,Vadodara,Urban,2,Done,Approved,,11145.73,0.14,Low,0.33
1182,59,Male,Graduate,Salaried,16,804709,1193,0.09,558,77.62,No,301142,Agriculture,Agriculture,6,5.44,High,Finance Company,2.49,Online,Haryana,Baranagar,Urban,5,Done,Approved,,4911.57,0.07,Low,0.37
1183,26,Male,Graduate,Salaried,7,363708,5338,0.8,780,54.34,No,1623873,Vehicle,Vehicle,16,11.83,Low,Private Bank,1.19,Online,Jharkhand,Darbhanga,Urban,4,Done,Approved,,18879.33,0.62,High,4.46
1184,60,Male,Graduate,Self-employed,5,1420602,9764,0.19,752,87.36,No,832268,Home,Home,8,9.16,Medium,Finance Company,1.89,Online,Maharashtra,Pune,Urban,6,Processing,Pending,,12262.09,0.1,Low,0.59
1185,39,Female,Graduate,Salaried,25,742729,20481,0.39,583,23.59,No,353014,Education,Education,12,8.4,High,Government Bank,0.72,Online,Bihar,Tinsukia,Urban,11,Processing,Approved,,3899.06,0.06,Low,0.48
1186,41,Female,Graduate,Salaried,26,836249,2585,0.21,836,53.23,No,1129622,Education,Education,11,6.93,Low,Private Bank,0.89,Offline,Bihar,Arunachal Pradesh District,Rural,9,Done,Approved,,12253.51,0.18,Low,1.35
1187,25,Male,Graduate,Salaried,16,789591,19692,0.52,751,63.43,No,1040182,Personal,Personal,10,10.92,Medium,Government Bank,0.46,Online,Maharashtra,Gandhinagar,Urban,13,Processing,Approved,,14281.44,0.22,Low,1.32
1188,60,Male,Graduate,Salaried,8,452960,20706,0.68,669,30.94,No,311491,Vehicle,Vehicle,10,13.7,Medium,Private Bank,1.36,Online,Maharashtra,Sambalpur,Urban,4,Done,Approved,,4780.38,0.13,Low,0.69
1189,34,Female,Graduate,Salaried,5,402703,2541,0.52,670,58.99,No,568983,Home,Home,4,12.23,Medium,Finance Company,1.55,Offline,Jharkhand,Bihar District,Rural,5,Done,Approved,,15047.84,0.45,Medium,1.41
1190,50,Male,Graduate,Salaried,17,563709,9494,0.23,671,89.8,No,130927,Education,Education,13,5.04,Medium,Private Bank,1.44,Online,Uttar Pradesh,Meerut,Urban,6,Processing,Approved,,1145.73,0.02,Low,0.23
1191,44,Male,Graduate,Salaried,20,803360,22318,0.88,825,76.18,No,2437701,Business,Business,16,16.63,Low,Finance Company,2.81,Online,Uttar Pradesh,Sagar,Urban,6,Done,Approved,,36371.42,0.54,High,3.03
1192,40,Female,Graduate,Salaried,21,880308,1905,0.3,775,87.37,No,1417981,Personal,Personal,9,10.06,Low,Finance Company,1.88,Online,Bihar,Pallavaram,Urban,4,Done,Approved,,20009.41,0.27,Low,1.61
1193,54,Female,Non-Graduate,Salaried,25,824926,4946,0.1,515,82.88,No,104378,Personal,Personal,7,9.44,High,Government Bank,0.71,Offline,Gujarat,Uttarakhand District,Rural,16,Processing,Pending,,1702.75,0.02,Low,0.13
1194,46,Female,Non-Graduate,Salaried,12,441939,13932,0.96,682,33.91,Yes,1187162,Appliances,Appliances,9,16.66,Medium,Government Bank,0.58,Offline,West Bengal,Assam District,Rural,14,Processing,Approved,,21282.68,0.58,High,2.69
1195,30,Male,Graduate,Self-employed,14,759926,1719,0.21,592,35.78,Yes,351417,Business,Business,3,13.3,High,Finance Company,2.96,Online,West Bengal,Pimpri-Chinchwad,Urban,4,Processing,Rejected,Previous Loan Default,11891.47,0.19,Low,0.46
1196,26,Male,Graduate,Salaried,13,755443,23835,0.53,754,69.1,No,996950,Agriculture,Agriculture,18,8.86,Medium,Private Bank,0.85,Online,Delhi,Ujjain,Urban,8,Processing,Approved,,9248.9,0.15,Low,1.32
1197,39,Male,Graduate,Salaried,12,367210,23476,1.63,823,18.44,No,2455924,Personal,Personal,18,11.17,Low,Private Bank,1.2,Online,Uttar Pradesh,Panvel,Urban,6,Processing,Approved,,26433.27,0.86,High,6.69
1198,51,Male,Non-Graduate,Self-employed,29,1289658,8834,0.23,795,29.07,No,1461866,Education,Education,12,8.48,Low,Finance Company,1.62,Offline,Chhattisgarh,Karnataka District,Rural,1,Done,Rejected,High Loan Amount Request,16211.28,0.15,Low,1.13
1199,58,Male,Graduate,Salaried,22,479146,17489,0.79,596,84.39,No,319762,Education,Education,2,5.14,High,Private Bank,1.56,Online,Jharkhand,Guntakal,Urban,4,Done,Rejected,Low CIBIL Score,14048.46,0.35,Medium,0.67
1200,62,Female,Graduate,Salaried,18,845648,6113,0.26,778,62.71,No,913042,Appliances,Appliances,10,10.11,Low,Finance Company,2.32,Online,Madhya Pradesh,Pondicherry,Urban,2,Done,Rejected,Low CIBIL Score,12121.6,0.17,Low,1.08
1201,27,Female,Graduate,Salaried,16,728645,4972,0.4,718,71.93,Yes,808336,Appliances,Appliances,5,15.78,Medium,Government Bank,0.39,Online,Telangana,Karnal,Urban,11,Done,Pending,,19562.8,0.32,Medium,1.11
1202,41,Male,Graduate,Salaried,10,831762,15878,0.3,462,33.88,No,309109,Vehicle,Vehicle,14,16.77,High,Private Bank,1.09,Online,Tamil Nadu,Shimla,Urban,3,Processing,Pending,,4784.6,0.07,Low,0.37
1203,44,Male,Graduate,Self-employed,28,1520582,23186,0.2,473,16.92,Yes,88059,Appliances,Appliances,8,15.6,High,Finance Company,1.5,Offline,Assam,Arunachal Pradesh District,Rural,3,Done,Approved,,1610.98,0.01,Low,0.06
1204,41,Male,Graduate,Salaried,22,495423,17970,1.13,763,85.75,No,2196343,Business,Business,20,14.78,Low,Private Bank,1.32,Offline,Haryana,Mizoram District,Rural,8,Processing,Pending,,28564.83,0.69,High,4.43
1205,52,Male,Graduate,Salaried,30,308118,10312,0.56,597,81.13,Yes,358765,Personal,Personal,14,10.42,High,Government Bank,0.36,Online,Haryana,Kozhikode,Urban,21,Processing,Approved,,4066.85,0.16,Low,1.16
1206,43,Female,Non-Graduate,Salaried,28,788615,7908,0.28,727,11.45,No,648258,Business,Business,12,16.65,Medium,Finance Company,1.62,Offline,Tamil Nadu,Manipur District,Rural,4,Done,Approved,,10428.27,0.16,Low,0.82
1207,42,Male,Graduate,Salaried,11,730944,3537,0.17,597,19.77,No,344459,Appliances,Appliances,6,12.22,High,Private Bank,1.57,Offline,Tamil Nadu,Uttar Pradesh District,Rural,5,Done,Approved,,6773.71,0.11,Low,0.47
1208,43,Male,Graduate,Salaried,22,823185,21153,0.4,549,47.18,No,235775,Business,Business,4,14.05,High,Government Bank,0.57,Online,Tamil Nadu,Jehanabad,Urban,14,Processing,Approved,,6448.82,0.09,Low,0.29
1209,32,Male,Non-Graduate,Self-employed,14,1944100,22484,0.29,648,88.14,No,1083360,Business,Business,5,13.2,Medium,Finance Company,2.03,Offline,Kerala,Uttar Pradesh District,Rural,1,Processing,Approved,,24760.83,0.15,Low,0.56
1210,31,Male,Non-Graduate,Self-employed,5,969228,9292,0.23,850,34.01,No,1092567,Agriculture,Agriculture,14,5.09,Low,Government Bank,0.58,Offline,Uttar Pradesh,Maharashtra District,Rural,17,Processing,Approved,,9106.64,0.11,Low,1.13
1211,58,Male,Graduate,Salaried,30,808109,10698,0.23,604,44.96,Yes,475706,Personal,Personal,16,10.2,High,Finance Company,2.2,Online,Gujarat,Dehri,Urban,2,Processing,Approved,,5034.81,0.07,Low,0.59
1212,30,Male,Non-Graduate,Salaried,21,840354,5143,0.15,792,67.69,No,355156,Agriculture,Agriculture,7,7.31,Low,Government Bank,0.68,Offline,Karnataka,Assam District,Rural,10,Done,Approved,,5414.24,0.08,Low,0.42
1213,28,Male,Graduate,Salaried,24,961212,24270,0.38,764,31.74,No,494349,Vehicle,Vehicle,18,13.55,Low,Government Bank,0.57,Online,Assam,Bhind,Urban,10,Processing,Approved,,6123.65,0.08,Low,0.51
1214,30,Female,Graduate,Salaried,7,430711,14220,0.42,617,50.95,No,71289,Vehicle,Vehicle,20,16.3,High,Finance Company,1.7,Offline,Assam,Arunachal Pradesh District,Rural,4,Processing,Approved,,1007.89,0.03,Low,0.17
1215,54,Female,Graduate,Salaried,23,875336,15931,0.29,540,85.8,No,488575,Home,Home,14,9.76,High,Government Bank,0.52,Online,Karnataka,Mumbai,Urban,22,Processing,Pending,,5344.19,0.07,Low,0.56
1216,36,Male,Graduate,Salaried,8,319182,23183,1.29,715,80.55,No,1017136,Home,Home,20,11.95,Medium,Government Bank,0.4,Offline,Bihar,West Bengal District,Rural,11,Done,Approved,,11164.11,0.42,Medium,3.19
1217,35,Female,Graduate,Self-employed,15,988363,14193,0.48,704,60.51,No,946839,Vehicle,Vehicle,4,12.9,Medium,Private Bank,0.97,Offline,Kerala,Haryana District,Rural,6,Done,Rejected,Low CIBIL Score,25354.35,0.31,Medium,0.96
1218,35,Male,Non-Graduate,Self-employed,12,1126173,15812,0.33,581,62.36,No,316816,Vehicle,Vehicle,2,14.71,High,Government Bank,0.73,Offline,Kerala,Odisha District,Rural,18,Processing,Approved,,15317.73,0.16,Low,0.28
1219,40,Female,Graduate,Self-employed,25,1381018,19368,0.2,542,22.31,No,361055,Home,Home,17,11.92,High,Private Bank,0.94,Offline,Haryana,Nagaland District,Rural,8,Done,Approved,,4137.29,0.04,Low,0.26
1220,32,Female,Non-Graduate,Self-employed,11,1928637,10154,0.08,473,51.19,No,132494,Personal,Personal,10,12.37,High,Finance Company,1.55,Offline,Haryana,Rajasthan District,Rural,4,Done,Approved,,1929.35,0.01,Low,0.07
1221,55,Male,Graduate,Salaried,22,411365,16325,1.12,715,68.22,No,935657,Vehicle,Vehicle,5,14.96,Medium,Government Bank,0.69,Online,West Bengal,Agra,Urban,15,Processing,Approved,,22239.57,0.65,High,2.27
1222,44,Male,Non-Graduate,Salaried,12,500519,18923,0.76,690,73.34,No,655693,Agriculture,Agriculture,5,6.84,Medium,Private Bank,0.82,Offline,Punjab,Andhra Pradesh District,Rural,7,Done,Approved,,12934.07,0.31,Medium,1.31
1223,62,Female,Graduate,Salaried,16,942316,19218,0.28,576,64.81,No,255233,Personal,Personal,18,11.15,High,Private Bank,1.55,Online,Gujarat,Ambala,Urban,4,Done,Rejected,High Loan Amount Request,2743.7,0.03,Low,0.27
1224,43,Male,Graduate,Salaried,26,910670,24719,0.38,783,80.23,No,264707,Appliances,Appliances,10,15.99,Low,Private Bank,1.17,Offline,Telangana,Mizoram District,Rural,8,Processing,Rejected,Low Income,4432.54,0.06,Low,0.29
1225,54,Female,Graduate,Salaried,26,567183,24570,0.71,755,66.11,No,672770,Vehicle,Vehicle,14,14.09,Medium,Finance Company,1.59,Online,Telangana,Kochi,Urban,3,Processing,Approved,,9192.9,0.19,Low,1.19
1226,46,Male,Non-Graduate,Salaried,5,547653,21989,0.9,820,60.04,No,1289444,Appliances,Appliances,14,16.02,Low,Finance Company,2.18,Offline,Madhya Pradesh,Bihar District,Rural,6,Processing,Approved,,19292.84,0.42,Medium,2.35
1227,59,Male,Graduate,Salaried,29,669528,11234,0.24,541,82.47,No,216084,Personal,Personal,16,9,High,Private Bank,1.02,Online,Gujarat,Ulhasnagar,Urban,3,Processing,Pending,,2127.38,0.04,Low,0.32
1228,28,Male,Graduate,Salaried,29,425718,5449,0.37,819,13.11,No,650837,Appliances,Appliances,14,11.42,Low,Private Bank,1.46,Online,West Bengal,Noida,Urban,8,Processing,Approved,,7777.96,0.22,Low,1.53
1229,58,Male,Graduate,Salaried,15,446024,14048,0.42,541,69.18,Yes,171828,Home,Home,17,8.21,High,Government Bank,0.68,Offline,Maharashtra,Uttarakhand District,Rural,11,Processing,Approved,,1565.03,0.04,Low,0.39
1230,51,Female,Graduate,Self-employed,15,1121629,15158,0.31,835,64.77,No,994776,Personal,Personal,11,12.08,Low,Private Bank,1.17,Online,Telangana,Kakinada,Urban,9,Processing,Approved,,13653.57,0.15,Low,0.89
1231,37,Male,Graduate,Salaried,13,674423,9813,0.4,746,26.46,No,1198791,Home,Home,17,10.21,Medium,Government Bank,0.77,Offline,Odisha,Madhya Pradesh District,Rural,19,Processing,Approved,,12402.01,0.22,Low,1.78
1232,55,Male,Graduate,Self-employed,21,1598915,2581,0.15,737,88.11,No,735425,Appliances,Appliances,5,14.91,Medium,Private Bank,1.4,Online,Madhya Pradesh,Junagadh,Urban,3,Done,Approved,,17460.99,0.13,Low,0.46
1233,30,Female,Graduate,Salaried,10,959461,6667,0.26,713,15.25,No,718095,Business,Business,6,13.17,Medium,Private Bank,1.41,Offline,Punjab,Uttar Pradesh District,Rural,8,Processing,Approved,,14479.62,0.18,Low,0.75
1234,62,Male,Graduate,Salaried,24,660585,10090,0.26,526,34.08,No,293223,Education,Education,8,6.85,High,Private Bank,1.19,Online,Assam,Ambarnath,Urban,5,Processing,Approved,,3975.87,0.07,Low,0.44
1235,43,Female,Graduate,Salaried,15,678943,24211,0.52,590,51.66,No,438949,Home,Home,16,11.33,High,Finance Company,2.66,Online,Gujarat,Machilipatnam,Urban,3,Processing,Pending,,4960.93,0.09,Low,0.65
1236,57,Male,Non-Graduate,Self-employed,5,1322478,24407,0.47,773,65.01,No,2355816,Home,Home,16,11.74,Low,Finance Company,2.23,Offline,Rajasthan,Nagaland District,Rural,5,Processing,Approved,,27250.79,0.25,Low,1.78
1237,50,Male,Graduate,Self-employed,10,608042,6629,0.19,622,27.47,No,240448,Agriculture,Agriculture,9,5.7,High,Government Bank,0.4,Online,Bihar,Srinagar,Urban,16,Done,Approved,,2851.22,0.06,Low,0.4
1238,58,Female,Graduate,Salaried,24,432086,8500,0.28,500,14.55,No,166713,Personal,Personal,13,8.23,High,Private Bank,0.84,Offline,Odisha,Arunachal Pradesh District,Rural,8,Processing,Approved,,1743.74,0.05,Low,0.39
1239,52,Male,Graduate,Salaried,11,731153,18931,0.62,848,55.19,No,2173748,Education,Education,14,5.48,Low,Private Bank,1.47,Online,Chhattisgarh,Panchkula,Urban,6,Done,Approved,,18559,0.3,Medium,2.97
1240,57,Male,Graduate,Salaried,27,570007,18074,0.43,679,48.69,No,181123,Vehicle,Vehicle,19,14.75,Medium,Finance Company,2.14,Online,Karnataka,Jalandhar,Urban,4,Done,Pending,,2372.71,0.05,Low,0.32
1241,58,Male,Graduate,Self-employed,15,998215,10012,0.15,506,11.74,No,248856,Personal,Personal,16,10.42,High,Government Bank,0.31,Online,Kerala,Chittoor,Urban,20,Done,Rejected,Insufficient Employment Length,2668.23,0.03,Low,0.25
1242,29,Female,Graduate,Salaried,17,539822,10849,0.29,726,33.8,No,210585,Education,Education,11,6.43,Medium,Government Bank,0.48,Online,Bihar,Mumbai,Urban,13,Done,Approved,,2229.59,0.05,Low,0.39
1243,38,Female,Graduate,Self-employed,9,1945846,12992,0.18,822,80.51,No,1934700,Education,Education,19,8.05,Low,Finance Company,1.71,Offline,Haryana,Maharashtra District,Rural,3,Processing,Approved,,16591.46,0.1,Low,0.99
1244,57,Female,Non-Graduate,Salaried,27,693151,14234,0.38,811,73.48,No,688203,Agriculture,Agriculture,12,8.34,Low,Private Bank,1.21,Offline,Bihar,Telangana District,Rural,7,Processing,Approved,,7578.37,0.13,Low,0.99
1245,57,Male,Graduate,Salaried,21,668283,20814,1.21,821,65.23,No,1046053,Education,Education,2,6.91,Low,Private Bank,1.34,Online,West Bengal,Nandyal,Urban,5,Processing,Approved,,46791.82,0.84,High,1.57
1246,25,Male,Graduate,Salaried,9,313109,22734,0.9,582,64.7,No,51088,Home,Home,8,12.68,High,Government Bank,0.41,Online,Madhya Pradesh,Sasaram,Urban,22,Processing,Approved,,849.53,0.03,Low,0.16
1247,45,Female,Graduate,Salaried,19,807548,5694,0.15,482,44.01,Yes,225402,Vehicle,Vehicle,7,17.25,High,Private Bank,1.42,Offline,Assam,Chhattisgarh District,Rural,9,Processing,Approved,,4638.9,0.07,Low,0.28
1248,47,Female,Graduate,Salaried,29,907269,21212,0.29,474,80.77,No,80232,Education,Education,10,7.92,High,Government Bank,0.31,Offline,Tamil Nadu,Karnataka District,Rural,16,Processing,Approved,,970.05,0.01,Low,0.09
1249,46,Male,Graduate,Salaried,25,494694,11819,0.34,543,16.88,No,200698,Personal,Personal,16,11.1,High,Private Bank,1.4,Online,Assam,Gangtok,Urban,5,Processing,Approved,,2238.59,0.05,Low,0.41
1250,41,Male,Non-Graduate,Self-employed,11,757842,7450,0.23,538,26.45,No,390627,Appliances,Appliances,9,15.73,High,Finance Company,2.61,Offline,Tamil Nadu,Telangana District,Rural,1,Done,Approved,,6782.07,0.11,Low,0.52
1251,57,Male,Graduate,Salaried,5,416284,272,0.34,671,19.86,Yes,759253,Vehicle,Vehicle,20,17.58,Medium,Finance Company,2.02,Online,Kerala,Durg,Urban,5,Processing,Approved,,11472.81,0.33,Medium,1.82
1252,42,Male,Graduate,Salaried,27,667146,16085,0.34,474,20.42,No,65270,Agriculture,Agriculture,2,5.35,High,Finance Company,1.61,Offline,Rajasthan,Chhattisgarh District,Rural,3,Done,Pending,,2873.73,0.05,Low,0.1
1253,49,Male,Graduate,Self-employed,15,1184421,1219,0.03,639,74.5,No,184224,Education,Education,10,5.79,High,Government Bank,0.32,Online,Gujarat,Ambattur,Urban,16,Done,Approved,,2025.89,0.02,Low,0.16
1254,25,Male,Non-Graduate,Salaried,28,341257,5472,0.43,764,62.55,No,912229,Agriculture,Agriculture,19,6.28,Low,Finance Company,2.08,Offline,Uttar Pradesh,Chhattisgarh District,Rural,4,Done,Pending,,6861.11,0.24,Low,2.67
1255,48,Male,Non-Graduate,Salaried,23,605731,4078,0.38,798,19.8,No,999382,Business,Business,15,16.32,Low,Finance Company,2.47,Offline,Kerala,West Bengal District,Rural,6,Done,Approved,,14901.51,0.3,Low,1.65
1256,28,Male,Non-Graduate,Self-employed,26,1558914,24119,0.23,610,44.62,No,380873,Vehicle,Vehicle,15,17.49,High,Government Bank,0.76,Offline,Jharkhand,Jharkhand District,Rural,20,Done,Approved,,5994.42,0.05,Low,0.24
1257,37,Male,Non-Graduate,Salaried,9,303060,22390,1.04,544,60.79,No,378894,Education,Education,12,6.33,High,Finance Company,1.66,Offline,Assam,Uttar Pradesh District,Rural,1,Done,Rejected,High Existing EMI,3762.47,0.15,Low,1.25
1258,32,Male,Graduate,Salaried,12,593817,12731,0.53,700,68.58,No,903832,Personal,Personal,9,11.25,Medium,Private Bank,0.92,Online,West Bengal,Asansol,Urban,6,Done,Approved,,13344.55,0.27,Low,1.52
1259,25,Female,Graduate,Salaried,6,943029,8082,0.34,450,89.33,No,391454,Appliances,Appliances,2,11.87,High,Private Bank,1.59,Online,Assam,Pondicherry,Urban,3,Processing,Approved,,18403.34,0.23,Low,0.42
1260,41,Female,Graduate,Salaried,18,560737,9814,0.29,521,54.11,No,273704,Business,Business,12,13.57,High,Finance Company,1.64,Online,West Bengal,Thanjavur,Urban,3,Done,Approved,,3859.49,0.08,Low,0.49
1261,39,Male,Non-Graduate,Salaried,9,822972,16076,0.48,696,56.75,No,535914,Agriculture,Agriculture,3,6.81,Medium,Finance Company,2.26,Offline,Punjab,Telangana District,Rural,1,Done,Approved,,16500.95,0.24,Low,0.65
1262,56,Female,Graduate,Salaried,5,556653,12690,0.37,494,82.76,No,448618,Personal,Personal,20,10.8,High,Private Bank,1.01,Online,West Bengal,Gandhidham,Urban,6,Done,Rejected,Low CIBIL Score,4569.68,0.1,Low,0.81
1263,44,Male,Graduate,Salaried,9,441718,13295,0.93,491,84.48,No,461238,Agriculture,Agriculture,2,8.87,High,Government Bank,0.58,Offline,West Bengal,Arunachal Pradesh District,Rural,18,Done,Approved,,21044.04,0.57,High,1.04
1264,43,Male,Graduate,Salaried,15,637692,14209,0.34,616,16.45,No,277053,Vehicle,Vehicle,10,11.55,High,Private Bank,1,Online,Assam,Bhubaneswar,Urban,5,Done,Approved,,3903.17,0.07,Low,0.43
1265,37,Male,Non-Graduate,Salaried,24,447584,20743,0.8,669,29.98,No,980240,Education,Education,17,8.61,Medium,Finance Company,1.76,Offline,Rajasthan,Maharashtra District,Rural,4,Done,Approved,,9164.89,0.25,Low,2.19
1266,34,Male,Graduate,Salaried,15,472572,5265,0.59,804,52.45,No,1736396,Agriculture,Agriculture,14,8.85,Low,Finance Company,2.96,Online,West Bengal,Mangalore,Urban,4,Done,Pending,,18061.79,0.46,High,3.67
1267,56,Male,Non-Graduate,Salaried,13,864130,18708,0.47,564,18.5,No,339776,Education,Education,2,6.76,High,Private Bank,1.48,Offline,Tamil Nadu,Kerala District,Rural,9,Processing,Approved,,15175.71,0.21,Low,0.39
1268,34,Male,Non-Graduate,Salaried,15,384085,22327,1.26,650,80.14,No,705875,Home,Home,4,9.92,Medium,Private Bank,1.54,Offline,Uttar Pradesh,Kerala District,Rural,7,Done,Pending,,17875.71,0.56,High,1.84
1269,42,Male,Graduate,Salaried,19,416554,6303,0.22,508,80.62,No,135957,Agriculture,Agriculture,20,8.97,High,Government Bank,0.77,Offline,Odisha,Chhattisgarh District,Rural,13,Processing,Approved,,1220.62,0.04,Low,0.33
1270,59,Female,Graduate,Pensioner,16,255695,19880,2.29,782,36.12,No,1875598,Education,Education,7,7.73,Low,Government Bank,0.69,Online,Assam,Bathinda,Urban,20,Processing,Approved,,28981.81,1.36,High,7.34
1271,52,Female,Graduate,Salaried,19,630440,16645,0.33,451,47.92,No,55289,Vehicle,Vehicle,17,14.65,High,Private Bank,1.55,Online,West Bengal,Dehri,Urban,8,Done,Approved,,736.99,0.01,Low,0.09
1272,38,Female,Graduate,Salaried,28,650948,17364,0.75,687,36.24,No,1144030,Personal,Personal,5,8.55,Medium,Finance Company,2.76,Online,Jharkhand,Khora ,Urban,2,Processing,Approved,,23499.11,0.43,Medium,1.76
1273,35,Male,Graduate,Salaried,27,684210,20032,0.38,502,66.62,No,96487,Education,Education,6,5.82,High,Private Bank,1.02,Online,Punjab,Guntakal,Urban,6,Processing,Approved,,1590.88,0.03,Low,0.14
1274,57,Male,Graduate,Self-employed,9,1575052,4003,0.1,647,35.89,No,796138,Home,Home,12,9.72,Medium,Private Bank,1.19,Online,Maharashtra,Madanapalle,Urban,4,Processing,Approved,,9386.14,0.07,Low,0.51
1275,50,Male,Non-Graduate,Salaried,17,620899,13059,0.32,781,68.66,No,297800,Personal,Personal,19,12.53,Low,Private Bank,0.89,Offline,Haryana,Telangana District,Rural,6,Done,Approved,,3430.77,0.07,Low,0.48
1276,58,Male,Graduate,Salaried,21,368337,972,0.19,783,31.6,No,612084,Agriculture,Agriculture,18,6.47,Low,Finance Company,2.29,Online,Tamil Nadu,Silchar,Urban,4,Processing,Approved,,4803.89,0.16,Low,1.66
1277,58,Female,Graduate,Salaried,22,320541,1478,0.26,567,21.26,Yes,349446,Appliances,Appliances,18,17.86,High,Government Bank,0.34,Online,Maharashtra,Lucknow,Urban,14,Done,Approved,,5423.99,0.2,Low,1.09
1278,40,Female,Non-Graduate,Pensioner,22,378767,19308,0.94,469,45.58,No,438168,Agriculture,Agriculture,4,6.69,High,Government Bank,0.62,Offline,Punjab,Andhra Pradesh District,Rural,18,Processing,Pending,,10429.57,0.33,Medium,1.16
1279,59,Female,Graduate,Self-employed,26,1518839,22557,0.25,716,26.32,No,968709,Education,Education,18,8.85,Medium,Finance Company,2.03,Online,Maharashtra,Pudukkottai,Urban,6,Done,Approved,,8980.88,0.07,Low,0.64
1280,37,Female,Non-Graduate,Salaried,19,852429,2542,0.08,705,79.55,No,148516,Appliances,Appliances,8,16.87,Medium,Finance Company,1.67,Offline,Karnataka,Uttar Pradesh District,Rural,4,Processing,Rejected,High Existing EMI,2828.32,0.04,Low,0.17
1281,35,Male,Graduate,Self-employed,28,980775,10663,0.26,714,39.24,No,865903,Agriculture,Agriculture,10,8.11,Medium,Finance Company,2.92,Online,Karnataka,Phusro,Urban,1,Processing,Approved,,10556.19,0.13,Low,0.88
1282,39,Male,Graduate,Salaried,7,994752,72,0.06,738,69.08,No,398241,Business,Business,15,11,Medium,Finance Company,2.03,Online,Madhya Pradesh,Kumbakonam,Urban,5,Processing,Approved,,4526.39,0.05,Low,0.4
1283,59,Male,Graduate,Self-employed,21,720252,10038,0.27,769,45.88,No,575010,Personal,Personal,14,9.07,Low,Private Bank,1.36,Online,Odisha,Mirzapur,Urban,6,Done,Approved,,6055.05,0.1,Low,0.8
1284,35,Female,Graduate,Self-employed,18,580439,793,0.24,674,86.76,No,704472,Appliances,Appliances,15,17.01,Medium,Private Bank,1,Online,Maharashtra,Gopalpur,Urban,4,Done,Approved,,10846.85,0.22,Low,1.21
1285,45,Male,Graduate,Salaried,16,537973,21657,0.68,737,71.26,No,776594,Education,Education,12,8.67,Medium,Finance Company,2.06,Online,Kerala,Patna,Urban,1,Processing,Approved,,8694.17,0.19,Low,1.44
1286,32,Male,Graduate,Salaried,6,310452,20991,0.9,737,25.97,No,214848,Business,Business,16,10.4,Medium,Finance Company,2.38,Online,West Bengal,Thoothukudi,Urban,2,Processing,Approved,,2300.89,0.09,Low,0.69
1287,50,Female,Graduate,Salaried,10,846700,17200,0.27,745,88.61,No,251724,Agriculture,Agriculture,18,6.37,Medium,Finance Company,2.47,Offline,Chhattisgarh,Mizoram District,Rural,2,Processing,Approved,,1961.24,0.03,Low,0.3
1288,42,Female,Graduate,Salaried,18,478792,22725,1.26,756,59.6,No,866526,Education,Education,3,8.9,Medium,Finance Company,1.8,Online,Maharashtra,Satna,Urban,3,Done,Approved,,27514.98,0.69,High,1.81
1289,47,Male,Non-Graduate,Self-employed,24,1845544,23458,0.18,494,14.95,No,409131,Home,Home,16,10.97,High,Government Bank,0.44,Offline,West Bengal,Tamil Nadu District,Rural,15,Done,Approved,,4529.42,0.03,Low,0.22
1290,38,Male,Graduate,Self-employed,26,1243404,20629,0.21,593,40.14,No,145741,Home,Home,17,9.01,High,Government Bank,0.7,Online,Tamil Nadu,Dindigul,Urban,14,Done,Approved,,1398.27,0.01,Low,0.12
1291,26,Male,Graduate,Salaried,17,882224,11446,0.25,571,15.27,No,431004,Business,Business,16,17.17,High,Private Bank,1.46,Offline,Assam,Kerala District,Rural,9,Processing,Pending,,6598.26,0.09,Low,0.49
1292,59,Male,Graduate,Self-employed,20,1973609,5362,0.05,722,34.61,No,226310,Vehicle,Vehicle,8,11.44,Medium,Government Bank,0.65,Offline,Uttar Pradesh,Sikkim District,Rural,21,Processing,Pending,,3608.9,0.02,Low,0.11
1293,55,Female,Graduate,Salaried,19,842601,9236,0.3,771,23.97,No,1104835,Business,Business,17,10.42,Low,Government Bank,0.33,Online,Assam,Gangtok,Urban,19,Done,Rejected,Low CIBIL Score,11578.15,0.16,Low,1.31
1294,33,Male,Graduate,Self-employed,21,1959931,4746,0.05,559,38.66,No,254528,Business,Business,17,12.3,High,Finance Company,2.01,Online,Jharkhand,Amroha,Urban,3,Processing,Approved,,2981.22,0.02,Low,0.13
1295,26,Male,Non-Graduate,Salaried,30,673707,3910,0.15,582,38.23,No,275775,Personal,Personal,7,9.08,High,Government Bank,0.55,Offline,Tamil Nadu,Bihar District,Rural,19,Done,Approved,,4448.17,0.08,Low,0.41
1296,61,Male,Graduate,Salaried,5,357898,14896,0.52,624,71.81,No,53185,Vehicle,Vehicle,9,10.05,High,Finance Company,1.92,Online,Uttar Pradesh,Hubli–Dharwad,Urban,1,Done,Approved,,750.22,0.03,Low,0.15
1297,51,Male,Graduate,Salaried,23,859348,6731,0.12,624,61.26,No,121598,Education,Education,8,5.28,High,Finance Company,2.26,Online,Madhya Pradesh,Navi Mumbai,Urban,5,Done,Approved,,1555.68,0.02,Low,0.14
1298,47,Female,Graduate,Salaried,7,617605,17675,0.5,634,59.9,No,472187,Agriculture,Agriculture,6,6.75,High,Government Bank,0.41,Offline,West Bengal,Rajasthan District,Rural,21,Processing,Approved,,7993.75,0.16,Low,0.76
1299,50,Male,Non-Graduate,Salaried,25,981596,1297,0.15,736,11.95,No,892742,Personal,Personal,13,12.06,Medium,Private Bank,0.72,Offline,Telangana,Maharashtra District,Rural,7,Done,Approved,,11359.07,0.14,Low,0.91
1300,42,Female,Graduate,Salaried,28,861450,17730,0.28,581,44.94,No,206149,Business,Business,16,13.54,High,Government Bank,0.34,Online,Karnataka,Jamshedpur,Urban,14,Processing,Approved,,2631.24,0.04,Low,0.24
1301,34,Male,Graduate,Salaried,24,628223,9976,0.43,846,22.13,No,1006711,Home,Home,14,11.98,Low,Finance Company,2.6,Offline,Delhi,Odisha District,Rural,5,Processing,Approved,,12384.23,0.24,Low,1.6
1302,50,Male,Non-Graduate,Self-employed,26,946369,9240,0.21,688,45.02,Yes,572415,Vehicle,Vehicle,15,14.21,Medium,Private Bank,1.38,Offline,Delhi,Telangana District,Rural,6,Done,Approved,,7704.02,0.1,Low,0.6
1303,60,Male,Graduate,Self-employed,5,931096,22176,0.33,527,42.44,No,265584,Appliances,Appliances,14,13.18,High,Private Bank,0.73,Offline,Chhattisgarh,Tripura District,Rural,9,Processing,Approved,,3470.93,0.04,Low,0.29
1304,45,Male,Graduate,Self-employed,13,1027896,13816,0.29,681,58.55,No,1085955,Agriculture,Agriculture,11,5.62,Medium,Government Bank,0.47,Online,Maharashtra,Nagercoil,Urban,10,Done,Approved,,11048.88,0.13,Low,1.06
1305,48,Male,Non-Graduate,Salaried,12,318616,17935,0.94,548,29.81,No,399836,Home,Home,7,11.26,High,Finance Company,2.28,Offline,Kerala,Telangana District,Rural,1,Done,Approved,,6900.95,0.26,Low,1.25
1306,39,Female,Non-Graduate,Salaried,22,988199,483,0.08,525,49.44,No,129667,Personal,Personal,2,10.56,High,Government Bank,0.54,Offline,Gujarat,Goa District,Rural,18,Done,Approved,,6017.04,0.07,Low,0.13
1307,53,Female,Graduate,Salaried,23,408874,16373,0.91,797,54.39,No,671475,Business,Business,5,11.56,Low,Private Bank,0.87,Online,Kerala,Bhopal,Urban,7,Processing,Rejected,Low Income,14787.72,0.43,Medium,1.64
1308,48,Male,Graduate,Salaried,11,570675,12979,0.69,676,88.79,No,557129,Appliances,Appliances,3,17.33,Medium,Finance Company,2.97,Offline,Karnataka,Rajasthan District,Rural,1,Processing,Approved,,19954.79,0.42,Medium,0.98
1309,44,Male,Graduate,Pensioner,21,410551,184,0.19,701,52.28,No,529550,Agriculture,Agriculture,9,5.72,Medium,Finance Company,2.06,Offline,West Bengal,Maharashtra District,Rural,4,Processing,Pending,,6284.57,0.18,Low,1.29
1310,52,Male,Graduate,Salaried,24,398720,11838,1.27,692,81.79,No,860262,Vehicle,Vehicle,3,16.15,Medium,Private Bank,1.4,Online,Kerala,Udaipur,Urban,7,Processing,Approved,,30308.01,0.91,High,2.16
1311,30,Female,Graduate,Salaried,9,687580,4148,0.15,813,49.28,No,414123,Home,Home,18,10.38,Low,Finance Company,2.19,Online,Kerala,Dhanbad,Urban,4,Done,Rejected,High Loan Amount Request,4242.34,0.07,Low,0.6
1312,26,Male,Graduate,Salaried,22,338960,3194,0.76,829,76.29,No,1379549,Home,Home,11,11.24,Low,Government Bank,0.56,Online,Tamil Nadu,Tadipatri,Urban,20,Done,Approved,,18253.78,0.65,High,4.07
1313,45,Female,Graduate,Salaried,24,841485,10836,0.21,634,81.54,No,321473,Agriculture,Agriculture,9,6.61,High,Private Bank,1,Online,Karnataka,Bhind,Urban,3,Processing,Approved,,3957.22,0.06,Low,0.38
1314,51,Male,Graduate,Salaried,6,951926,20424,0.34,792,25.41,No,603158,Personal,Personal,17,11.54,Low,Private Bank,0.84,Online,Telangana,Allahabad,Urban,5,Processing,Approved,,6759.78,0.09,Low,0.63
1315,51,Male,Non-Graduate,Self-employed,17,1431011,13371,0.21,530,42.05,No,243407,Personal,Personal,2,10.65,High,Finance Company,1.77,Offline,Madhya Pradesh,Bihar District,Rural,6,Done,Rejected,High Loan Amount Request,11305.16,0.09,Low,0.17
1316,44,Male,Graduate,Salaried,10,706200,19741,0.5,479,55.52,No,202104,Vehicle,Vehicle,2,16.45,High,Finance Company,2.88,Offline,Maharashtra,Gujarat District,Rural,2,Done,Approved,,9939.15,0.17,Low,0.29
1317,60,Male,Graduate,Self-employed,30,596960,1556,0.41,834,35.23,No,1929019,Home,Home,16,9.03,Low,Government Bank,0.29,Online,Rajasthan,Gwalior,Urban,20,Processing,Rejected,Low CIBIL Score,19026.53,0.38,Medium,3.23
1318,49,Female,Graduate,Salaried,21,739266,24964,1.76,782,30.47,No,1894523,Agriculture,Agriculture,2,5.17,Low,Finance Company,1.92,Online,Bihar,Thoothukudi,Urban,4,Done,Approved,,83259.67,1.35,High,2.56
1319,54,Female,Graduate,Salaried,29,519178,6798,0.39,662,37.41,No,703583,Education,Education,8,8.88,Medium,Private Bank,1.21,Offline,Chhattisgarh,West Bengal District,Rural,3,Done,Rejected,Low Income,10263.89,0.24,Low,1.36
1320,28,Male,Graduate,Salaried,15,916864,2574,0.12,752,18.41,No,745615,Personal,Personal,17,8.08,Medium,Private Bank,1.17,Offline,Telangana,Madhya Pradesh District,Rural,6,Processing,Approved,,6733.13,0.09,Low,0.81
1321,61,Male,Graduate,Self-employed,11,1894060,4176,0.06,824,81.87,No,279606,Education,Education,6,6.21,Low,Finance Company,1.72,Online,Kerala,Kakinada,Urban,6,Processing,Approved,,4661.65,0.03,Low,0.15
1322,48,Male,Graduate,Salaried,15,655226,9131,0.38,486,80.8,No,371641,Agriculture,Agriculture,3,7.55,High,Finance Company,2.75,Offline,Tamil Nadu,Rajasthan District,Rural,1,Processing,Approved,,11568.88,0.21,Low,0.57
1323,55,Male,Graduate,Salaried,18,507772,21944,0.88,677,44.58,No,496860,Education,Education,3,7.15,Medium,Private Bank,1.42,Offline,Punjab,Himachal Pradesh District,Rural,8,Done,Approved,,15375.69,0.36,Medium,0.98
1324,29,Female,Non-Graduate,Salaried,19,404539,13646,0.59,573,48.64,No,401091,Personal,Personal,9,12.04,High,Finance Company,1.6,Offline,Telangana,Meghalaya District,Rural,1,Processing,Approved,,6099.31,0.18,Low,0.99
1325,52,Male,Graduate,Salaried,22,985550,4401,0.15,613,67.7,No,438028,Appliances,Appliances,7,11.6,High,Government Bank,0.65,Online,Kerala,Kakinada,Urban,21,Processing,Rejected,Insufficient Employment Length,7639.01,0.09,Low,0.44
1326,36,Male,Graduate,Salaried,16,832040,2632,0.18,797,76.49,No,1179242,Education,Education,14,5.36,Low,Finance Company,2.88,Online,Assam,Saharanpur,Urban,1,Processing,Approved,,9994.22,0.14,Low,1.42
1327,29,Male,Graduate,Salaried,13,851675,23419,0.39,633,86.7,No,299538,Appliances,Appliances,20,15.38,High,Government Bank,0.28,Online,Delhi,Alwar,Urban,13,Done,Rejected,High Loan Amount Request,4028.64,0.06,Low,0.35
1328,31,Male,Non-Graduate,Salaried,30,660248,10327,0.29,588,75.85,No,497083,Education,Education,11,8.11,High,Private Bank,0.97,Offline,Chhattisgarh,Tripura District,Rural,8,Processing,Approved,,5703.91,0.1,Low,0.75
1329,53,Female,Graduate,Salaried,15,803985,4852,0.09,552,14.38,No,65610,Business,Business,5,10.93,High,Private Bank,0.99,Online,Tamil Nadu,Tiruppur,Urban,6,Done,Approved,,1424.23,0.02,Low,0.08
1330,62,Female,Graduate,Salaried,21,797184,10600,0.27,562,49.4,No,401934,Personal,Personal,6,9.13,High,Government Bank,0.57,Online,Delhi,Cuttack,Urban,16,Done,Rejected,Insufficient Employment Length,7271.04,0.11,Low,0.5
1331,29,Male,Graduate,Pensioner,28,369224,1374,0.2,661,33.54,No,140269,Personal,Personal,3,11.91,Medium,Finance Company,1.88,Online,Haryana,Tiruchirappalli,Urban,5,Done,Pending,,4652.91,0.15,Low,0.38
1332,59,Male,Graduate,Self-employed,20,1264379,8448,0.13,608,67.28,No,440477,Appliances,Appliances,18,11.5,High,Finance Company,2.93,Online,Maharashtra,Hazaribagh,Urban,2,Processing,Approved,,4837.74,0.05,Low,0.35
1333,43,Male,Graduate,Pensioner,30,318742,11364,0.53,540,17.93,No,102957,Vehicle,Vehicle,4,11.5,High,Government Bank,0.3,Online,Punjab,Begusarai,Urban,14,Done,Approved,,2686.05,0.1,Low,0.32
1334,42,Female,Graduate,Salaried,5,639382,595,0.14,613,84.82,No,484554,Business,Business,10,12.44,High,Private Bank,1.55,Offline,Delhi,Nagaland District,Rural,5,Processing,Approved,,7075.75,0.13,Low,0.76
1335,46,Female,Graduate,Self-employed,16,1148059,3279,0.08,486,35.3,No,259230,Personal,Personal,8,12.51,High,Finance Company,2.76,Offline,Uttar Pradesh,Arunachal Pradesh District,Rural,2,Processing,Rejected,Low CIBIL Score,4286.2,0.04,Low,0.23
1336,58,Male,Graduate,Salaried,26,599283,17682,0.43,680,20.83,No,398074,Personal,Personal,20,9.88,Medium,Private Bank,1.21,Online,Rajasthan,Nashik,Urban,4,Done,Approved,,3809.91,0.08,Low,0.66
1337,62,Female,Graduate,Salaried,12,780011,1009,0.2,733,57.98,No,543900,Appliances,Appliances,5,11.83,Medium,Private Bank,1.5,Online,Kerala,Belgaum,Urban,3,Done,Rejected,High Existing EMI,12052.08,0.19,Low,0.7
1338,36,Male,Graduate,Pensioner,9,410666,6729,0.86,845,73.79,No,1570286,Business,Business,20,16.67,Low,Private Bank,1.51,Online,Jharkhand,Imphal,Urban,4,Processing,Approved,,22639.73,0.66,High,3.82
1339,61,Female,Non-Graduate,Salaried,24,599665,16982,0.64,776,14.35,No,1469384,Personal,Personal,19,10.81,Low,Government Bank,0.44,Offline,Bihar,Mizoram District,Rural,15,Done,Rejected,High Loan Amount Request,15204.44,0.3,Medium,2.45
1340,46,Male,Non-Graduate,Pensioner,10,416544,18010,0.7,526,74.28,Yes,386318,Education,Education,6,5.22,High,Private Bank,1.2,Offline,Punjab,Haryana District,Rural,4,Done,Pending,,6261.13,0.18,Low,0.93
1341,26,Female,Graduate,Salaried,30,598612,6081,0.25,510,83.57,No,416572,Agriculture,Agriculture,7,6.92,High,Finance Company,2.58,Online,Madhya Pradesh,Danapur,Urban,1,Processing,Rejected,Low CIBIL Score,6270.91,0.13,Low,0.7
1342,53,Male,Graduate,Self-employed,17,551203,12843,0.35,575,18.12,No,114944,Business,Business,4,13.01,High,Finance Company,1.67,Online,Odisha,Salem,Urban,5,Done,Approved,,3084.23,0.07,Low,0.21
1343,45,Female,Graduate,Salaried,20,376630,4350,0.19,501,30.07,No,105143,Business,Business,7,10.43,High,Government Bank,0.31,Online,Haryana,Warangal,Urban,15,Processing,Approved,,1768.95,0.06,Low,0.28
1344,59,Male,Graduate,Salaried,15,340703,8482,0.34,612,86.64,No,99225,Business,Business,15,12.73,High,Government Bank,0.53,Online,Rajasthan,Surendranagar Dudhrej,Urban,14,Processing,Approved,,1237.86,0.04,Low,0.29
1345,38,Male,Graduate,Salaried,26,862739,21615,0.42,703,77.01,No,851004,Business,Business,18,10.7,Medium,Government Bank,0.29,Offline,Delhi,West Bengal District,Rural,10,Processing,Rejected,High Existing EMI,8895.59,0.12,Low,0.99
1346,37,Female,Graduate,Salaried,6,358457,8615,0.93,827,15.72,No,725347,Personal,Personal,4,11.96,Low,Finance Company,2.14,Offline,Haryana,Tamil Nadu District,Rural,6,Done,Approved,,19086.93,0.64,High,2.02
1347,25,Male,Graduate,Pensioner,13,266820,14331,1.04,699,67.95,No,702550,Agriculture,Agriculture,9,7.17,Medium,Government Bank,0.76,Online,Maharashtra,Sri Ganganagar,Urban,19,Done,Approved,,8846.9,0.4,Medium,2.63
1348,35,Female,Graduate,Self-employed,20,737704,16825,0.36,610,23.25,No,375018,Vehicle,Vehicle,9,10.69,High,Finance Company,2.92,Offline,Assam,Sikkim District,Rural,4,Done,Approved,,5420.9,0.09,Low,0.51
1349,29,Female,Non-Graduate,Salaried,20,777527,11407,0.26,495,31.61,No,417895,Business,Business,16,14.7,High,Private Bank,1.38,Offline,Bihar,Uttar Pradesh District,Rural,6,Done,Approved,,5666.28,0.09,Low,0.54
1350,37,Male,Graduate,Salaried,24,522850,237,0.06,662,15.57,No,239990,Education,Education,12,6.51,Medium,Private Bank,1.4,Online,Haryana,Saharsa,Urban,5,Done,Pending,,2405.77,0.06,Low,0.46
1351,52,Male,Graduate,Salaried,26,958291,6081,0.09,472,59.66,No,55040,Business,Business,11,13.7,High,Private Bank,1.18,Online,Jharkhand,Serampore,Urban,7,Done,Rejected,High Existing EMI,809.21,0.01,Low,0.06
1352,28,Male,Graduate,Salaried,17,927605,13462,0.49,775,26.12,No,1776157,Agriculture,Agriculture,8,7.35,Low,Private Bank,1.23,Online,Assam,Bongaigaon,Urban,6,Done,Pending,,24526.14,0.32,Medium,1.91
1353,44,Male,Graduate,Salaried,27,794433,18887,1.04,832,83.74,No,2313845,Appliances,Appliances,6,15.64,Low,Private Bank,1.14,Online,West Bengal,South Dumdum,Urban,8,Done,Pending,,49734.06,0.75,High,2.91
1354,34,Female,Graduate,Self-employed,10,1203696,5892,0.12,650,51.42,No,512752,Appliances,Appliances,19,13.84,Medium,Finance Company,2.66,Online,Karnataka,Kamarhati,Urban,1,Done,Approved,,6380.82,0.06,Low,0.43
1355,26,Male,Non-Graduate,Self-employed,22,714563,13677,0.29,570,26.98,No,464247,Agriculture,Agriculture,20,7.19,High,Finance Company,2.61,Offline,Chhattisgarh,Odisha District,Rural,2,Processing,Approved,,3652.44,0.06,Low,0.65
1356,37,Male,Graduate,Salaried,10,551274,13656,0.62,776,29.52,No,960695,Vehicle,Vehicle,11,14.65,Low,Finance Company,1.78,Online,Assam,South Dumdum,Urban,2,Done,Approved,,14688.97,0.32,Medium,1.74
1357,38,Male,Graduate,Salaried,17,679089,23033,0.44,536,24.14,No,200739,Agriculture,Agriculture,14,6.15,High,Government Bank,0.53,Online,Kerala,Ahmedabad,Urban,16,Done,Rejected,Insufficient Employment Length,1785.07,0.03,Low,0.3
1358,53,Male,Non-Graduate,Pensioner,10,254818,15124,1.09,782,76.09,No,506552,Appliances,Appliances,13,16.72,Low,Finance Company,1.69,Offline,Uttar Pradesh,Uttar Pradesh District,Rural,3,Processing,Rejected,High Loan Amount Request,7979.49,0.38,Medium,1.99
1359,42,Male,Graduate,Salaried,6,752410,12375,0.28,507,13.76,No,415829,Education,Education,9,7.06,High,Private Bank,0.86,Online,Tamil Nadu,Pimpri-Chinchwad,Urban,8,Done,Approved,,5213.12,0.08,Low,0.55
1360,48,Female,Graduate,Salaried,25,555021,22286,1.04,684,25.23,No,590962,Agriculture,Agriculture,2,5.02,Medium,Finance Company,2.49,Online,Tamil Nadu,Kollam,Urban,5,Processing,Approved,,25931.62,0.56,High,1.06
1361,56,Female,Graduate,Salaried,20,839829,328,0.15,721,79.72,No,729380,Appliances,Appliances,18,15.86,Medium,Finance Company,1.52,Online,Gujarat,Gwalior,Urban,3,Done,Approved,,10240.63,0.15,Low,0.87
1362,41,Female,Graduate,Salaried,7,933803,13555,0.35,714,58.74,No,1147050,Appliances,Appliances,20,13.17,Medium,Government Bank,0.36,Online,Gujarat,Hospet,Urban,13,Processing,Approved,,13577.72,0.17,Low,1.23
1363,26,Female,Graduate,Salaried,14,805577,24506,0.58,594,55.36,No,330748,Education,Education,2,6.25,High,Government Bank,0.34,Online,Uttar Pradesh,Rewa,Urban,20,Done,Approved,,14696.24,0.22,Low,0.41
1364,47,Male,Non-Graduate,Salaried,29,902438,9519,0.18,575,49.63,No,476491,Education,Education,15,7.4,High,Finance Company,2.92,Offline,Tamil Nadu,Goa District,Rural,5,Processing,Approved,,4390.1,0.06,Low,0.53
1365,46,Female,Graduate,Salaried,19,869193,7282,0.15,535,61.42,No,249387,Home,Home,11,12.89,High,Finance Company,1.97,Online,Madhya Pradesh,Kharagpur,Urban,3,Done,Approved,,3543.71,0.05,Low,0.29
1366,39,Male,Graduate,Salaried,20,397443,17222,0.95,644,74.03,No,1156999,Home,Home,15,12.44,Medium,Private Bank,0.93,Online,Maharashtra,Narasaraopet,Urban,6,Done,Rejected,Previous Loan Default,14215.12,0.43,Medium,2.91
1367,57,Male,Graduate,Self-employed,12,1534347,5988,0.13,516,20.88,No,348896,Agriculture,Agriculture,3,7.26,High,Private Bank,1.22,Online,Jharkhand,Kota,Urban,7,Done,Pending,,10814.42,0.08,Low,0.23
1368,49,Male,Graduate,Self-employed,25,1454090,5113,0.08,524,87.83,No,301624,Business,Business,13,13.2,High,Finance Company,1.68,Online,Assam,Navi Mumbai,Urban,2,Processing,Rejected,High Existing EMI,4053.47,0.03,Low,0.21
1369,35,Male,Graduate,Self-employed,27,1209981,15161,0.23,733,55.76,No,514946,Appliances,Appliances,13,16.38,Medium,Government Bank,0.6,Online,Bihar,Bhubaneswar,Urban,14,Done,Approved,,7993.27,0.08,Low,0.43
1370,51,Male,Non-Graduate,Self-employed,5,1423904,9099,0.1,678,37.61,No,124813,Business,Business,7,17.23,Medium,Private Bank,1.29,Offline,Tamil Nadu,Tripura District,Rural,5,Processing,Pending,,2567.27,0.02,Low,0.09
1371,54,Male,Graduate,Salaried,23,701482,1607,0.06,492,81.9,No,102091,Personal,Personal,6,8.85,High,Government Bank,0.7,Online,Uttar Pradesh,Muzaffarnagar,Urban,21,Processing,Approved,,1832.65,0.03,Low,0.15
1372,27,Female,Graduate,Self-employed,6,592451,17888,0.44,500,63.64,No,286067,Education,Education,8,5.39,High,Private Bank,1.05,Offline,Kerala,Madhya Pradesh District,Rural,9,Done,Approved,,3674.94,0.07,Low,0.48
1373,40,Male,Graduate,Salaried,17,367500,23133,1.09,719,21.1,No,683373,Appliances,Appliances,10,12.82,Medium,Private Bank,0.79,Online,Punjab,Kolkata,Urban,3,Done,Approved,,10131.07,0.33,Medium,1.86
1374,58,Male,Non-Graduate,Pensioner,25,288047,6206,0.38,567,62.93,No,148813,Personal,Personal,5,8.03,High,Finance Company,2.5,Offline,Jharkhand,Chhattisgarh District,Rural,5,Processing,Approved,,3019.53,0.13,Low,0.52
1375,46,Female,Non-Graduate,Salaried,24,852441,13520,0.28,710,75.61,No,314705,Appliances,Appliances,8,17.8,Medium,Government Bank,0.74,Offline,Assam,Assam District,Rural,13,Done,Approved,,6168.89,0.09,Low,0.37
1376,33,Male,Graduate,Salaried,19,396726,9178,0.68,699,36.25,No,955886,Appliances,Appliances,20,15.88,Medium,Government Bank,0.44,Offline,Bihar,Himachal Pradesh District,Rural,15,Processing,Approved,,13212.84,0.4,Medium,2.41
1377,41,Female,Graduate,Salaried,27,347066,3699,0.25,781,73,No,330773,Personal,Personal,20,11.19,Low,Private Bank,0.9,Offline,Bihar,Manipur District,Rural,8,Processing,Pending,,3457.07,0.12,Low,0.95
1378,37,Male,Non-Graduate,Salaried,18,704083,4090,0.29,653,53.77,No,366998,Vehicle,Vehicle,3,16.51,Medium,Finance Company,2.6,Offline,Delhi,Assam District,Rural,6,Processing,Approved,,12995.16,0.22,Low,0.52
1379,43,Male,Graduate,Salaried,26,883167,16570,0.29,610,62.09,No,142581,Agriculture,Agriculture,3,8.25,High,Government Bank,0.45,Online,Haryana,Chittoor,Urban,11,Processing,Approved,,4484.43,0.06,Low,0.16
1380,41,Male,Graduate,Pensioner,13,436867,54,0.35,806,70.12,No,1220236,Agriculture,Agriculture,12,7.28,Low,Government Bank,0.69,Online,Assam,Khora ,Urban,17,Processing,Approved,,12731.54,0.35,Medium,2.79
1381,56,Male,Non-Graduate,Self-employed,10,1386261,16522,0.41,785,14.83,No,2290177,Home,Home,11,11.72,Low,Finance Company,2.66,Offline,Tamil Nadu,Goa District,Rural,1,Done,Rejected,High Loan Amount Request,30946.32,0.27,Low,1.65
1382,36,Male,Non-Graduate,Salaried,9,519442,16375,0.45,627,74.58,No,304223,Agriculture,Agriculture,14,8.25,High,Finance Company,1.67,Offline,Gujarat,Uttarakhand District,Rural,5,Done,Approved,,3059.16,0.07,Low,0.59
1383,32,Male,Graduate,Salaried,5,426512,12654,0.52,580,79.06,Yes,399221,Appliances,Appliances,18,16.34,High,Private Bank,0.84,Online,Karnataka,Adoni,Urban,7,Done,Approved,,5745.52,0.16,Low,0.94
1384,25,Female,Graduate,Salaried,6,881291,6172,0.24,610,74.73,No,449604,Personal,Personal,4,10.59,High,Government Bank,0.69,Offline,Jharkhand,Rajasthan District,Rural,14,Done,Approved,,11530.93,0.16,Low,0.51
1385,38,Female,Graduate,Salaried,24,437589,10629,0.96,619,42.07,No,497632,Business,Business,2,16.5,High,Government Bank,0.73,Online,Odisha,Mumbai,Urban,19,Done,Approved,,24484.66,0.67,High,1.14
1386,61,Male,Non-Graduate,Self-employed,7,1336634,1200,0.15,826,18.01,No,1109434,Appliances,Appliances,15,15.23,Low,Finance Company,2.75,Offline,Kerala,Mizoram District,Rural,6,Processing,Pending,,15702.64,0.14,Low,0.83
1387,57,Female,Non-Graduate,Salaried,27,300498,21718,1.05,479,88.45,No,281636,Agriculture,Agriculture,6,5.11,High,Government Bank,0.68,Offline,Jharkhand,Rajasthan District,Rural,15,Done,Approved,,4550.11,0.18,Low,0.94
1388,41,Male,Graduate,Salaried,6,735616,15884,0.4,716,32.39,No,1137252,Agriculture,Agriculture,18,5.79,Medium,Finance Company,2.21,Online,Kerala,Eluru,Urban,2,Processing,Rejected,Insufficient Employment Length,8488.44,0.14,Low,1.55
1389,51,Female,Graduate,Salaried,30,573010,24494,0.78,692,14.43,No,1097283,Business,Business,17,12.42,Medium,Finance Company,2.19,Online,Karnataka,Bokaro,Urban,4,Processing,Approved,,12940.68,0.27,Low,1.91
1390,42,Male,Non-Graduate,Pensioner,17,420310,21253,1.07,704,59.84,No,1111677,Appliances,Appliances,12,14.42,Medium,Finance Company,1.85,Offline,Jharkhand,Mizoram District,Rural,1,Processing,Rejected,Low CIBIL Score,16272.2,0.46,High,2.64
1391,27,Male,Graduate,Salaried,7,793155,12668,0.23,633,60.75,No,187647,Agriculture,Agriculture,10,7.61,High,Private Bank,1.11,Online,Kerala,Khandwa,Urban,9,Processing,Rejected,Low Income,2238.19,0.03,Low,0.24
1392,52,Male,Graduate,Salaried,5,683551,15532,0.79,819,36.58,No,1591023,Business,Business,6,10.13,Low,Finance Company,2.71,Offline,Chhattisgarh,Haryana District,Rural,4,Done,Approved,,29579.44,0.52,High,2.33
1393,43,Male,Non-Graduate,Self-employed,29,1379052,17993,0.18,568,20.45,No,149953,Business,Business,8,16.74,High,Government Bank,0.27,Offline,Chhattisgarh,Odisha District,Rural,14,Done,Approved,,2844.08,0.02,Low,0.11
1394,28,Male,Graduate,Self-employed,12,714108,6598,0.16,470,34.11,Yes,138773,Home,Home,5,8.32,High,Private Bank,0.77,Online,Chhattisgarh,Bhimavaram,Urban,6,Processing,Approved,,2835.12,0.05,Low,0.19
1395,42,Male,Graduate,Self-employed,29,1701729,4148,0.07,572,56.92,No,424615,Business,Business,20,14.71,High,Finance Company,1.8,Online,West Bengal,Bhilwara,Urban,1,Processing,Approved,,5500.52,0.04,Low,0.25
1396,36,Male,Graduate,Salaried,24,368082,174,0.08,640,37.04,Yes,242093,Education,Education,13,6.29,High,Finance Company,2.4,Online,Rajasthan,Patna,Urban,4,Done,Rejected,High Existing EMI,2275.73,0.07,Low,0.66
1397,49,Female,Graduate,Salaried,12,688142,11649,0.41,695,59.41,No,891826,Vehicle,Vehicle,11,11.44,Medium,Private Bank,0.89,Offline,Delhi,Haryana District,Rural,6,Done,Approved,,11904.44,0.21,Low,1.3
1398,41,Male,Graduate,Salaried,21,731949,15626,0.27,470,65.88,No,65971,Vehicle,Vehicle,13,11.86,High,Finance Company,2.16,Online,Delhi,Deoghar,Urban,2,Processing,Approved,,831.25,0.01,Low,0.09
1399,61,Male,Graduate,Self-employed,24,1389529,4786,0.1,463,76.71,No,440623,Appliances,Appliances,11,14.91,High,Private Bank,1.51,Online,Karnataka,Ambarnath,Urban,8,Processing,Pending,,6808.79,0.06,Low,0.32
1400,44,Female,Graduate,Salaried,22,365649,11411,0.72,638,73.07,No,313543,Vehicle,Vehicle,3,13.05,High,Finance Company,2.65,Online,Odisha,Chandigarh,Urban,5,Done,Rejected,Low CIBIL Score,10572.06,0.35,Medium,0.86
1401,38,Female,Non-Graduate,Salaried,28,394195,13188,0.45,568,10.22,No,201499,Agriculture,Agriculture,16,6.97,High,Private Bank,0.75,Offline,Bihar,Kerala District,Rural,7,Processing,Rejected,High Loan Amount Request,1743.99,0.05,Low,0.51
1402,49,Male,Graduate,Salaried,14,555562,21596,0.93,687,37.59,No,1179291,Personal,Personal,7,12.89,Medium,Finance Company,1.83,Online,Haryana,Noida,Urban,1,Processing,Approved,,21383.16,0.46,High,2.12
1403,54,Male,Graduate,Self-employed,8,1437611,4516,0.06,603,46.83,No,294232,Education,Education,17,7.62,High,Finance Company,2.69,Online,Odisha,Kota,Urban,5,Processing,Pending,,2576.75,0.02,Low,0.2
1404,25,Male,Graduate,Salaried,13,482602,24393,0.79,495,86.58,No,436948,Education,Education,6,6.81,High,Private Bank,1.14,Offline,Madhya Pradesh,Chhattisgarh District,Rural,5,Done,Approved,,7409.73,0.18,Low,0.91
1405,59,Female,Graduate,Self-employed,12,1292140,13647,0.21,686,36.89,No,1076329,Agriculture,Agriculture,18,7.75,Medium,Private Bank,0.87,Offline,Uttar Pradesh,Jharkhand District,Rural,7,Done,Approved,,9255.4,0.09,Low,0.83
1406,47,Female,Graduate,Salaried,26,903027,9773,0.44,696,21.54,No,512773,Education,Education,2,8.14,Medium,Private Bank,0.94,Online,Punjab,Hindupur,Urban,5,Done,Pending,,23224.09,0.31,Medium,0.57
1407,28,Female,Graduate,Salaried,8,348193,11890,0.56,505,51.11,No,245753,Personal,Personal,6,8.9,High,Government Bank,0.48,Online,Kerala,Moradabad,Urban,20,Done,Approved,,4417.64,0.15,Low,0.71
1408,35,Male,Graduate,Salaried,27,329552,21627,1.21,482,17.35,No,440913,Appliances,Appliances,4,11.81,High,Private Bank,1.31,Offline,Maharashtra,Mizoram District,Rural,9,Processing,Approved,,11569.84,0.42,Medium,1.34
1409,40,Male,Graduate,Salaried,24,661168,7135,0.21,757,78.03,No,651782,Agriculture,Agriculture,20,5.94,Medium,Private Bank,1.09,Online,Karnataka,Nadiad,Urban,9,Processing,Rejected,Low Income,4647.04,0.08,Low,0.99
1410,54,Female,Graduate,Salaried,11,339951,5488,0.66,721,30.25,No,1088606,Vehicle,Vehicle,19,13.25,Medium,Private Bank,0.88,Offline,Tamil Nadu,Andhra Pradesh District,Rural,3,Done,Approved,,13090.59,0.46,High,3.2
1411,27,Female,Graduate,Self-employed,27,1375787,997,0.05,544,18.56,No,349956,Vehicle,Vehicle,12,11.91,High,Private Bank,0.87,Offline,Maharashtra,Mizoram District,Rural,5,Done,Approved,,4577.34,0.04,Low,0.25
1412,43,Male,Graduate,Salaried,9,307088,20180,0.93,693,69.23,No,402398,Agriculture,Agriculture,15,6.93,Medium,Private Bank,1.18,Online,Punjab,Chittoor,Urban,4,Done,Approved,,3601.14,0.14,Low,1.31
1413,42,Male,Non-Graduate,Self-employed,7,520634,24487,0.68,493,52.61,No,322067,Vehicle,Vehicle,14,16.17,High,Private Bank,0.82,Offline,Gujarat,Arunachal Pradesh District,Rural,3,Done,Approved,,4851.91,0.11,Low,0.62
1414,58,Female,Non-Graduate,Salaried,7,875490,14083,0.23,832,80.09,No,361098,Agriculture,Agriculture,15,5.65,Low,Finance Company,2.42,Offline,Uttar Pradesh,Andhra Pradesh District,Rural,2,Done,Approved,,2979.29,0.04,Low,0.41
1415,56,Male,Graduate,Pensioner,29,360400,20167,1.12,508,69.58,No,296181,Education,Education,2,7.48,High,Finance Company,1.8,Online,Punjab,Saharanpur,Urban,1,Processing,Rejected,Low Income,13325.33,0.44,Medium,0.82
1416,55,Male,Non-Graduate,Salaried,5,318858,24232,2.91,680,10.6,Yes,1116129,Business,Business,2,13.18,Medium,Finance Company,2.59,Offline,Karnataka,Tripura District,Rural,4,Processing,Approved,,53157.22,2,High,3.5
1417,35,Female,Non-Graduate,Salaried,21,952825,19044,0.28,598,81.15,Yes,368387,Education,Education,17,5.54,High,Finance Company,2.02,Offline,Jharkhand,West Bengal District,Rural,6,Processing,Approved,,2791.6,0.04,Low,0.39
1418,38,Male,Graduate,Pensioner,13,420346,21562,0.68,497,29.77,No,202042,Home,Home,13,8.81,High,Finance Company,1.6,Online,Rajasthan,Bally,Urban,3,Done,Pending,,2179.64,0.06,Low,0.48
1419,37,Male,Graduate,Salaried,22,969016,16100,0.55,835,11.62,No,2155075,Personal,Personal,9,8.5,Low,Government Bank,0.39,Offline,Haryana,Haryana District,Rural,14,Done,Approved,,28618,0.35,Medium,2.22
1420,40,Female,Graduate,Salaried,9,716157,4374,0.29,741,44.31,Yes,607335,Vehicle,Vehicle,5,10.24,Medium,Finance Company,2.97,Online,Rajasthan,Akola,Urban,2,Processing,Rejected,Low Income,12975.91,0.22,Low,0.85
1421,33,Male,Non-Graduate,Salaried,27,760024,15929,0.3,573,79.04,No,172943,Home,Home,6,8.79,High,Government Bank,0.29,Offline,Tamil Nadu,Goa District,Rural,17,Done,Approved,,3099.4,0.05,Low,0.23
1422,48,Male,Graduate,Salaried,9,710743,5493,0.12,685,15.74,No,136393,Appliances,Appliances,12,12.12,Medium,Government Bank,0.66,Offline,Delhi,Maharashtra District,Rural,17,Processing,Approved,,1801.33,0.03,Low,0.19
1423,48,Female,Graduate,Salaried,25,767716,8470,0.21,563,72.52,No,256641,Appliances,Appliances,9,17.54,High,Private Bank,0.83,Online,Punjab,Kulti,Urban,6,Done,Approved,,4740.2,0.07,Low,0.33
1424,56,Female,Graduate,Self-employed,10,1844229,22138,0.16,577,42.74,No,192889,Home,Home,10,11.98,High,Private Bank,1.44,Online,Rajasthan,Durg,Urban,8,Processing,Rejected,Low Income,2765.17,0.02,Low,0.1
1425,42,Male,Graduate,Self-employed,7,1260984,10276,0.31,801,85.23,No,1985611,Business,Business,20,12.2,Low,Government Bank,0.76,Online,Punjab,Khandwa,Urban,16,Done,Approved,,22140.78,0.21,Low,1.57
1426,34,Male,Graduate,Salaried,20,997462,2047,0.27,816,52.61,No,1799700,Home,Home,15,11.31,Low,Private Bank,0.99,Offline,Kerala,Tamil Nadu District,Rural,9,Done,Rejected,Insufficient Employment Length,20807.03,0.25,Low,1.8
1427,62,Male,Non-Graduate,Salaried,19,990111,3557,0.18,846,78.69,Yes,1132680,Personal,Personal,17,9.88,Low,Private Bank,1.17,Offline,Karnataka,Bihar District,Rural,8,Processing,Rejected,Insufficient Employment Length,11481.15,0.14,Low,1.14
1428,43,Female,Non-Graduate,Salaried,17,447403,6496,0.34,658,65.14,No,713027,Education,Education,16,6.6,Medium,Government Bank,0.54,Offline,Karnataka,Haryana District,Rural,12,Done,Rejected,Insufficient Employment Length,6022.67,0.16,Low,1.59
1429,61,Male,Graduate,Salaried,6,813337,13939,0.34,722,73.68,No,733243,Appliances,Appliances,19,13.72,Medium,Finance Company,2.18,Online,Kerala,Ambattur,Urban,6,Processing,Rejected,Insufficient Employment Length,9061.87,0.13,Low,0.9
1430,29,Male,Graduate,Self-employed,20,585321,2418,0.38,755,15.41,No,757391,Business,Business,6,15.81,Medium,Finance Company,1.68,Online,Bihar,Mirzapur,Urban,2,Done,Approved,,16350.08,0.34,Medium,1.29
1431,56,Male,Graduate,Salaried,20,324406,22401,1.09,594,48.07,No,466850,Appliances,Appliances,15,16.56,High,Government Bank,0.6,Online,Gujarat,Ichalkaranji,Urban,16,Processing,Approved,,7039.77,0.26,Low,1.44
1432,45,Male,Non-Graduate,Self-employed,14,565534,10588,0.29,737,87.81,No,206694,Appliances,Appliances,9,13.38,Medium,Private Bank,1.52,Offline,Delhi,Odisha District,Rural,8,Done,Approved,,3301.48,0.07,Low,0.37
1433,52,Male,Graduate,Salaried,28,444518,16285,0.62,471,16.64,No,446404,Appliances,Appliances,20,17.17,High,Private Bank,1.5,Online,Kerala,Ahmednagar,Urban,8,Processing,Approved,,6605.63,0.18,Low,1
1434,52,Male,Graduate,Salaried,16,733849,14717,0.46,654,64.36,No,929069,Agriculture,Agriculture,7,6.02,Medium,Government Bank,0.62,Offline,Chhattisgarh,Tamil Nadu District,Rural,22,Done,Approved,,13581.26,0.22,Low,1.27
1435,55,Female,Graduate,Self-employed,20,623959,7938,0.18,630,88.83,No,98200,Business,Business,15,12.67,High,Government Bank,0.76,Online,Punjab,Nandyal,Urban,14,Done,Rejected,Insufficient Employment Length,1221.22,0.02,Low,0.16
1436,29,Female,Graduate,Pensioner,17,246485,23178,1.27,667,72.48,No,358690,Agriculture,Agriculture,16,6.23,Medium,Finance Company,2.02,Online,Chhattisgarh,Srinagar,Urban,1,Processing,Pending,,2955.92,0.14,Low,1.46
1437,43,Male,Graduate,Salaried,11,425190,19989,0.79,832,40.18,No,547569,Personal,Personal,9,10.75,Low,Private Bank,1.39,Online,Kerala,Gandhidham,Urban,5,Processing,Approved,,7933.18,0.22,Low,1.29
1438,25,Male,Non-Graduate,Salaried,27,713748,22956,0.53,799,44.64,No,980441,Agriculture,Agriculture,18,7.84,Low,Private Bank,0.83,Offline,Punjab,Punjab District,Rural,3,Processing,Pending,,8483.86,0.14,Low,1.37
1439,41,Male,Non-Graduate,Self-employed,19,838520,19076,0.37,549,74.32,No,341250,Education,Education,5,7.54,High,Government Bank,0.69,Offline,Punjab,Nagaland District,Rural,21,Done,Rejected,High Loan Amount Request,6844.44,0.1,Low,0.41
1440,56,Male,Graduate,Salaried,20,778422,12713,0.29,707,42.16,No,559425,Business,Business,16,11.14,Medium,Government Bank,0.41,Online,Haryana,Aurangabad,Urban,11,Done,Approved,,6254.18,0.1,Low,0.72
1441,54,Female,Non-Graduate,Salaried,11,618431,20679,0.82,602,74.1,No,456924,Home,Home,2,12.3,High,Private Bank,1.59,Offline,Tamil Nadu,Himachal Pradesh District,Rural,4,Processing,Approved,,21573.07,0.42,Medium,0.74
1442,44,Female,Graduate,Salaried,25,896422,15729,0.24,516,13.4,No,94489,Vehicle,Vehicle,4,13.25,High,Finance Company,2.11,Online,Haryana,Nagpur,Urban,3,Done,Approved,,2546.64,0.03,Low,0.11
1443,32,Male,Graduate,Salaried,8,816629,8038,0.22,667,54.92,No,671817,Home,Home,19,10.88,Medium,Finance Company,1.9,Online,Haryana,Srinagar,Urban,3,Done,Approved,,6983.04,0.1,Low,0.82
1444,57,Male,Graduate,Salaried,5,378807,18651,1.7,763,67.65,Yes,1935086,Vehicle,Vehicle,9,17.01,Low,Private Bank,1.22,Online,Assam,Jalgaon,Urban,6,Done,Approved,,35107,1.11,High,5.11
1445,55,Male,Non-Graduate,Salaried,27,302477,6412,0.68,600,79.81,Yes,234592,Personal,Personal,2,9.61,High,Government Bank,0.44,Offline,Odisha,Punjab District,Rural,16,Processing,Approved,,10783.05,0.43,Medium,0.78
1446,34,Male,Graduate,Pensioner,20,437444,14320,0.53,740,70.15,No,750780,Agriculture,Agriculture,20,5.21,Medium,Government Bank,0.33,Online,Rajasthan,Karnal,Urban,20,Processing,Rejected,Insufficient Employment Length,5042.33,0.14,Low,1.72
1447,38,Male,Graduate,Salaried,26,600538,9975,0.54,582,14.07,No,374936,Personal,Personal,2,9.56,High,Finance Company,2.83,Online,Telangana,Nandyal,Urban,1,Done,Approved,,17225.35,0.34,Medium,0.62
1448,43,Female,Non-Graduate,Self-employed,15,1841247,14145,0.15,450,53.6,No,392142,Agriculture,Agriculture,4,5.44,High,Government Bank,0.77,Offline,Rajasthan,Odisha District,Rural,16,Processing,Pending,,9109.12,0.06,Low,0.21
1449,49,Female,Graduate,Salaried,8,999067,3488,0.07,640,49.94,No,160718,Business,Business,17,13.84,High,Government Bank,0.64,Online,Tamil Nadu,Tiruvottiyur,Urban,17,Done,Rejected,Low CIBIL Score,2051.35,0.02,Low,0.16
1450,52,Female,Graduate,Salaried,11,529552,5212,0.15,658,17.52,No,110543,Vehicle,Vehicle,19,13.24,Medium,Private Bank,1.37,Online,Kerala,Ambala,Urban,7,Processing,Rejected,Low Income,1328.51,0.03,Low,0.21
1451,26,Male,Graduate,Salaried,11,719725,23610,0.67,842,17.2,No,1523398,Education,Education,13,8.75,Low,Government Bank,0.64,Offline,Bihar,Sikkim District,Rural,19,Processing,Approved,,16382.33,0.27,Low,2.12
1452,25,Male,Graduate,Salaried,11,778041,3452,0.55,848,49.57,No,966467,Home,Home,3,12.25,Low,Government Bank,0.8,Offline,Rajasthan,Tamil Nadu District,Rural,20,Processing,Approved,,32216.06,0.5,High,1.24
1453,46,Female,Graduate,Salaried,23,572864,22092,0.55,527,43.94,No,443126,Home,Home,19,8.9,High,Government Bank,0.51,Online,Telangana,Bareilly,Urban,22,Done,Rejected,Low CIBIL Score,4034.96,0.08,Low,0.77
1454,53,Male,Graduate,Salaried,29,611976,14169,0.58,671,14.39,Yes,1165126,Home,Home,10,10.36,Medium,Government Bank,0.6,Offline,Tamil Nadu,Uttarakhand District,Rural,11,Processing,Pending,,15630.43,0.31,Medium,1.9
1455,33,Female,Graduate,Salaried,5,926730,16346,0.31,787,52.48,No,666356,Personal,Personal,13,10.73,Low,Finance Company,2.28,Online,Madhya Pradesh,Bhusawal,Urban,1,Done,Approved,,7938.09,0.1,Low,0.72
1456,26,Male,Non-Graduate,Self-employed,19,1739239,15390,0.16,750,57.81,No,631508,Agriculture,Agriculture,10,6.98,Medium,Finance Company,2.63,Offline,Maharashtra,Goa District,Rural,1,Processing,Approved,,7325.84,0.05,Low,0.36
1457,60,Female,Graduate,Salaried,6,847955,49,0.32,850,34.24,No,2126595,Home,Home,18,11.18,Low,Government Bank,0.39,Online,Punjab,Tezpur,Urban,21,Processing,Approved,,22902.79,0.32,Medium,2.51
1458,43,Male,Graduate,Salaried,25,838709,17566,0.31,634,89.46,No,330497,Business,Business,12,10.2,High,Private Bank,1.56,Online,Haryana,Korba,Urban,5,Done,Approved,,3987.98,0.06,Low,0.39
1459,51,Female,Non-Graduate,Self-employed,16,1773119,2257,0.12,708,48.39,No,952222,Appliances,Appliances,15,17.2,Medium,Private Bank,0.74,Offline,Karnataka,Uttarakhand District,Rural,9,Done,Approved,,14789.92,0.1,Low,0.54
1460,45,Female,Graduate,Salaried,24,748241,20228,0.68,768,10.13,No,1350410,Business,Business,8,12.23,Low,Private Bank,1.21,Online,Gujarat,Agartala,Urban,6,Processing,Approved,,22119.01,0.35,Medium,1.8
1461,48,Female,Graduate,Salaried,11,748645,6917,0.18,458,47.91,No,185186,Business,Business,5,14.87,High,Private Bank,1.34,Online,Kerala,Narasaraopet,Urban,9,Processing,Approved,,4392.94,0.07,Low,0.25
1462,43,Male,Graduate,Salaried,25,927156,4850,0.24,680,64.35,No,833998,Vehicle,Vehicle,10,15.69,Medium,Finance Company,1.59,Online,Gujarat,Noida,Urban,1,Done,Approved,,13809.87,0.18,Low,0.9
1463,57,Male,Non-Graduate,Salaried,22,453570,15828,0.95,806,57.88,No,1696240,Home,Home,17,12.62,Low,Government Bank,0.29,Offline,Chhattisgarh,Kerala District,Rural,14,Done,Approved,,20233.18,0.54,High,3.74
1464,62,Male,Graduate,Salaried,5,930058,20475,0.69,812,12.88,No,1341748,Vehicle,Vehicle,5,16.52,Low,Private Bank,1.28,Online,Tamil Nadu,New Delhi,Urban,7,Processing,Approved,,33000.58,0.43,Medium,1.44
1465,39,Male,Graduate,Salaried,8,363467,13915,0.7,488,10.19,No,416890,Personal,Personal,6,8.41,High,Private Bank,0.89,Online,Madhya Pradesh,Vijayanagaram,Urban,7,Done,Pending,,7393.17,0.24,Low,1.15
1466,54,Female,Non-Graduate,Salaried,18,686035,7405,0.15,541,10.16,Yes,73993,Personal,Personal,11,11.16,High,Private Bank,1.44,Offline,Karnataka,Assam District,Rural,5,Done,Approved,,975.61,0.02,Low,0.11
1467,53,Male,Non-Graduate,Self-employed,11,1431083,6305,0.13,754,86.95,No,796536,Vehicle,Vehicle,17,11.79,Medium,Private Bank,1.28,Offline,Gujarat,Maharashtra District,Rural,6,Done,Approved,,9058.66,0.08,Low,0.56
1468,32,Female,Non-Graduate,Salaried,20,378946,12272,0.68,702,33.08,No,916255,Agriculture,Agriculture,13,7.29,Medium,Finance Company,2.54,Offline,Tamil Nadu,Bihar District,Rural,4,Processing,Approved,,9106.26,0.29,Low,2.42
1469,37,Female,Graduate,Self-employed,18,1196705,13955,0.19,455,68.62,No,355385,Vehicle,Vehicle,17,15.08,High,Finance Company,2.78,Offline,Gujarat,Nagaland District,Rural,5,Processing,Approved,,4845.23,0.05,Low,0.3
1470,53,Male,Graduate,Salaried,23,750992,7495,0.28,633,44,No,450408,Home,Home,5,10.9,High,Finance Company,1.89,Online,Odisha,Hosur,Urban,6,Done,Pending,,9770.51,0.16,Low,0.6
1471,31,Male,Non-Graduate,Self-employed,25,1277525,507,0.06,703,59.77,No,757173,Agriculture,Agriculture,16,5.82,Medium,Finance Company,2.74,Offline,Jharkhand,Goa District,Rural,4,Done,Approved,,6069.58,0.06,Low,0.59
1472,35,Male,Graduate,Salaried,25,819601,7945,0.93,812,43.06,No,2280340,Appliances,Appliances,5,16.24,Low,Government Bank,0.52,Online,Maharashtra,Surendranagar Dudhrej,Urban,13,Done,Approved,,55744.65,0.82,High,2.78
1473,37,Female,Graduate,Self-employed,28,1448471,7735,0.22,763,82.01,No,1762624,Agriculture,Agriculture,11,6.21,Low,Private Bank,1.55,Offline,Odisha,Telangana District,Rural,4,Processing,Pending,,18462.47,0.15,Low,1.22
1474,41,Male,Graduate,Self-employed,26,1763712,1892,0.03,492,69.44,No,134150,Appliances,Appliances,8,16.48,High,Finance Company,1.69,Online,Jharkhand,Firozabad,Urban,2,Done,Approved,,2523.65,0.02,Low,0.08
1475,56,Male,Non-Graduate,Self-employed,24,1027210,22171,0.3,611,61.51,No,226982,Business,Business,12,12.93,High,Private Bank,1.54,Offline,Haryana,Punjab District,Rural,4,Processing,Approved,,3110.33,0.04,Low,0.22
1476,39,Female,Graduate,Salaried,28,793163,21574,0.4,602,61.65,No,281552,Vehicle,Vehicle,8,11.98,High,Government Bank,0.5,Online,Delhi,Ambattur,Urban,14,Processing,Approved,,4572.93,0.07,Low,0.35
1477,33,Male,Graduate,Salaried,15,752513,18144,0.44,634,20.28,No,472045,Agriculture,Agriculture,5,8.8,High,Finance Company,1.9,Online,Punjab,Gudivada,Urban,2,Done,Approved,,9753.12,0.16,Low,0.63
1478,28,Female,Graduate,Self-employed,19,1007929,19618,0.31,711,37.62,No,426341,Vehicle,Vehicle,18,16.11,Medium,Finance Company,1.82,Online,Maharashtra,Kochi,Urban,3,Done,Rejected,Insufficient Employment Length,6063.85,0.07,Low,0.42
1479,48,Female,Non-Graduate,Self-employed,26,1381929,18563,0.21,479,67.62,No,395940,Vehicle,Vehicle,20,17.28,High,Finance Company,2.5,Offline,Rajasthan,Haryana District,Rural,5,Done,Approved,,5892.11,0.05,Low,0.29
1480,61,Male,Graduate,Salaried,12,769154,7138,0.42,828,62.59,No,551277,Business,Business,3,16.96,Low,Government Bank,0.33,Offline,Haryana,Madhya Pradesh District,Rural,17,Done,Rejected,Low CIBIL Score,19643.56,0.31,Medium,0.72
1481,25,Male,Graduate,Self-employed,12,1722075,6186,0.06,499,27.99,No,357077,Agriculture,Agriculture,17,6.86,High,Private Bank,1.16,Online,Rajasthan,Sambalpur,Urban,7,Processing,Approved,,2969.52,0.02,Low,0.21
1482,53,Female,Non-Graduate,Salaried,8,516578,24758,0.62,600,87.01,No,131495,Business,Business,14,16.98,High,Government Bank,0.3,Offline,Tamil Nadu,Sikkim District,Rural,18,Processing,Approved,,2054.54,0.05,Low,0.25
1483,42,Female,Graduate,Salaried,25,651750,24542,0.55,612,62.21,No,343156,Vehicle,Vehicle,10,14.68,High,Private Bank,0.79,Online,Jharkhand,Rohtak,Urban,8,Processing,Pending,,5469.25,0.1,Low,0.53
1484,51,Male,Graduate,Salaried,22,629904,18497,0.65,823,15.37,No,1439629,Home,Home,13,9.23,Low,Private Bank,1.04,Online,Odisha,Mango,Urban,5,Done,Approved,,15877.99,0.3,Medium,2.29
1485,31,Male,Graduate,Salaried,17,558479,14528,0.73,782,70.12,No,2209908,Education,Education,18,8.03,Low,Private Bank,1.41,Online,Tamil Nadu,Madurai,Urban,4,Processing,Approved,,19375.99,0.42,Medium,3.96
1486,62,Male,Graduate,Self-employed,20,1744297,15069,0.13,559,59.59,No,355178,Education,Education,13,5.68,High,Government Bank,0.6,Offline,West Bengal,Tripura District,Rural,20,Processing,Pending,,3225.04,0.02,Low,0.2
1487,34,Male,Graduate,Salaried,21,880762,19969,0.38,524,57.88,No,382332,Vehicle,Vehicle,6,13.61,High,Government Bank,0.63,Online,Assam,Chandigarh,Urban,18,Processing,Rejected,Insufficient Employment Length,7798.61,0.11,Low,0.43
1488,53,Male,Graduate,Salaried,22,605290,12416,0.32,479,23.04,Yes,229585,Appliances,Appliances,10,14.62,High,Finance Company,2.79,Online,Punjab,Hubli–Dharwad,Urban,6,Done,Pending,,3650.76,0.07,Low,0.38
1489,39,Male,Graduate,Salaried,11,946038,20840,0.78,837,12.75,No,2322805,Appliances,Appliances,8,14.23,Low,Finance Company,2.42,Online,Tamil Nadu,Mathura,Urban,3,Done,Approved,,40655.24,0.52,High,2.46
1490,57,Male,Graduate,Salaried,6,710935,17058,0.3,571,73.41,No,92593,Home,Home,17,9.88,High,Private Bank,1.06,Online,West Bengal,Kollam,Urban,6,Processing,Approved,,938.55,0.02,Low,0.13
1491,60,Male,Graduate,Salaried,8,735168,5043,0.24,544,16.56,No,488794,Agriculture,Agriculture,5,7.03,High,Finance Company,2.69,Online,Telangana,Bhiwandi,Urban,2,Done,Approved,,9685.63,0.16,Low,0.66
1492,40,Male,Graduate,Salaried,24,901501,2429,0.05,520,12.39,No,174660,Personal,Personal,17,9.01,High,Private Bank,0.94,Online,Chhattisgarh,Madurai,Urban,9,Processing,Approved,,1675.72,0.02,Low,0.19
1493,52,Male,Graduate,Salaried,25,733648,85,0.84,784,49.1,No,2251989,Home,Home,5,12.96,Low,Finance Company,2.96,Online,Rajasthan,Panvel,Urban,3,Processing,Approved,,51193.57,0.84,High,3.07
1494,38,Male,Graduate,Pensioner,13,437062,8595,0.29,576,64.16,No,174150,Business,Business,20,13.84,High,Private Bank,1.54,Online,Assam,Vellore,Urban,4,Processing,Approved,,2145.38,0.06,Low,0.4
1495,57,Male,Graduate,Salaried,6,468167,20885,0.78,455,68.46,No,317339,Agriculture,Agriculture,3,5.37,High,Finance Company,2.23,Online,Chhattisgarh,Hyderabad,Urban,3,Done,Approved,,9563.74,0.25,Low,0.68
1496,34,Male,Graduate,Self-employed,8,1594910,4111,0.05,534,26.75,No,245756,Home,Home,14,9.54,High,Private Bank,1.34,Online,Madhya Pradesh,Secunderabad,Urban,3,Processing,Approved,,2655.98,0.02,Low,0.15
1497,44,Female,Graduate,Salaried,21,653772,24385,0.79,825,50.96,Yes,1137040,Home,Home,7,9.23,Low,Private Bank,1.48,Online,Punjab,Mehsana,Urban,6,Processing,Approved,,18426.92,0.34,Medium,1.74
1498,29,Male,Graduate,Salaried,6,693945,12214,0.25,534,24.39,No,143614,Appliances,Appliances,10,14.55,High,Private Bank,1.53,Online,Punjab,Ichalkaranji,Urban,7,Done,Pending,,2277.58,0.04,Low,0.21
1499,28,Male,Graduate,Salaried,21,823334,15352,0.31,642,13.09,No,579560,Home,Home,17,9.81,Medium,Private Bank,1.03,Online,Madhya Pradesh,Ozhukarai,Urban,6,Processing,Approved,,5849,0.09,Low,0.7
1500,38,Female,Graduate,Salaried,21,306941,2011,0.67,551,37.1,No,340372,Agriculture,Agriculture,2,7.04,High,Finance Company,2.9,Offline,Delhi,Telangana District,Rural,2,Processing,Rejected,High Loan Amount Request,15245.51,0.6,High,1.11
1501,34,Male,Graduate,Self-employed,24,811810,23828,0.42,631,72.43,Yes,275446,Business,Business,7,11.4,High,Private Bank,1.26,Online,Rajasthan,Ghaziabad,Urban,8,Done,Rejected,Previous Loan Default,4774.44,0.07,Low,0.34
1502,25,Male,Graduate,Pensioner,18,364298,1820,0.44,725,75.15,No,789867,Vehicle,Vehicle,20,16.89,Medium,Government Bank,0.54,Offline,Gujarat,Gujarat District,Rural,12,Processing,Approved,,11519.75,0.38,Medium,2.17
1503,54,Male,Graduate,Self-employed,28,754316,16294,0.8,810,35.24,No,2392973,Education,Education,7,5.33,Low,Finance Company,2.11,Offline,Assam,Punjab District,Rural,2,Done,Approved,,34194.36,0.54,High,3.17
1504,29,Male,Graduate,Self-employed,26,1729667,13652,0.11,488,25.86,No,111741,Home,Home,7,11.07,High,Finance Company,2,Online,Bihar,Alappuzha,Urban,4,Processing,Approved,,1917.39,0.01,Low,0.06
1505,58,Male,Graduate,Salaried,13,451456,18609,1.06,809,21.83,Yes,1482335,Business,Business,19,16.48,Low,Private Bank,0.81,Online,Karnataka,Katni,Urban,6,Processing,Approved,,21307.85,0.57,High,3.28
1506,42,Female,Graduate,Salaried,11,563854,12979,0.61,766,42.4,No,1803966,Agriculture,Agriculture,14,5.77,Low,Private Bank,1.2,Offline,Gujarat,Haryana District,Rural,3,Done,Pending,,15677.02,0.33,Medium,3.2
1507,43,Male,Graduate,Salaried,5,592491,16520,0.49,611,10.68,No,414094,Vehicle,Vehicle,7,12.68,High,Private Bank,1.43,Offline,Telangana,Bihar District,Rural,8,Done,Rejected,High Loan Amount Request,7461.33,0.15,Low,0.7
1508,35,Male,Graduate,Salaried,7,666108,16306,0.38,450,58.65,No,415643,Vehicle,Vehicle,19,13.27,High,Private Bank,1.44,Offline,Tamil Nadu,Rajasthan District,Rural,8,Processing,Approved,,5004.02,0.09,Low,0.62
1509,28,Female,Graduate,Self-employed,18,1794167,10204,0.13,651,82.46,Yes,730143,Business,Business,19,13.67,Medium,Finance Company,2.88,Online,Telangana,Panvel,Urban,3,Processing,Pending,,8997.54,0.06,Low,0.41
1510,56,Male,Graduate,Salaried,14,336595,6591,0.72,671,84.06,No,538628,Personal,Personal,4,9.87,Medium,Private Bank,1.49,Online,Rajasthan,Jorhat,Urban,5,Processing,Approved,,13627.39,0.49,High,1.6
1511,56,Female,Graduate,Salaried,6,800498,14854,0.33,588,70.04,Yes,475933,Home,Home,8,9.92,High,Private Bank,0.85,Online,Uttar Pradesh,Jodhpur,Urban,3,Processing,Approved,,7201.75,0.11,Low,0.59
1512,59,Female,Graduate,Salaried,6,372023,18830,2.26,840,44.02,No,2385856,Business,Business,6,15.52,Low,Finance Company,2.19,Online,Jharkhand,Jamalpur,Urban,1,Processing,Approved,,51125.14,1.65,High,6.41
1513,53,Female,Graduate,Salaried,15,819831,4553,0.13,583,56.69,No,259940,Vehicle,Vehicle,7,10.04,High,Finance Company,1.52,Offline,Maharashtra,Assam District,Rural,5,Processing,Approved,,4320.69,0.06,Low,0.32
1514,42,Male,Graduate,Salaried,20,665205,17893,0.69,827,45.16,No,1594689,Personal,Personal,14,12.47,Low,Private Bank,0.78,Offline,Kerala,Karnataka District,Rural,8,Processing,Approved,,20113.08,0.36,Medium,2.4
1515,44,Male,Non-Graduate,Self-employed,10,1913406,2679,0.14,681,57.08,No,1045585,Vehicle,Vehicle,6,11.17,Medium,Government Bank,0.52,Offline,Bihar,Bihar District,Rural,17,Processing,Approved,,19992.91,0.13,Low,0.55
1516,37,Female,Graduate,Salaried,10,616589,19929,0.5,715,22.9,No,739833,Education,Education,20,6.65,Medium,Private Bank,1.35,Online,Gujarat,Tirupati,Urban,5,Done,Pending,,5581.52,0.11,Low,1.2
1517,29,Male,Non-Graduate,Salaried,13,742053,12788,0.59,847,39.71,Yes,1521129,Business,Business,12,15.98,Low,Government Bank,0.71,Offline,Kerala,Telangana District,Rural,21,Done,Pending,,23798.29,0.38,Medium,2.05
1518,37,Male,Graduate,Salaried,19,788612,19461,1.05,834,81.75,Yes,2222065,Appliances,Appliances,5,12.32,Low,Finance Company,2.22,Offline,Tamil Nadu,Goa District,Rural,6,Done,Rejected,Insufficient Employment Length,49788.68,0.76,High,2.82
1519,52,Female,Graduate,Self-employed,17,1695717,21686,0.19,847,78.07,No,553795,Home,Home,15,8.84,Low,Government Bank,0.71,Online,Haryana,Howrah,Urban,22,Done,Pending,,5564.37,0.04,Low,0.33
1520,59,Male,Non-Graduate,Salaried,25,412686,9038,0.31,602,73.61,No,208310,Agriculture,Agriculture,18,5.24,High,Finance Company,2.49,Offline,Telangana,Punjab District,Rural,1,Processing,Rejected,High Existing EMI,1491.62,0.04,Low,0.5
1521,60,Female,Graduate,Salaried,28,426463,920,0.17,573,19.21,No,468552,Home,Home,14,9.41,High,Government Bank,0.33,Offline,Karnataka,Karnataka District,Rural,14,Processing,Approved,,5027.75,0.14,Low,1.1
1522,33,Male,Non-Graduate,Salaried,20,366981,1483,0.48,675,61.69,No,269897,Vehicle,Vehicle,2,15.73,Medium,Finance Company,3,Offline,Haryana,Assam District,Rural,1,Done,Approved,,13180.2,0.43,Medium,0.74
1523,58,Male,Graduate,Self-employed,20,1053238,21375,0.31,520,44.74,Yes,236001,Agriculture,Agriculture,4,7.82,High,Private Bank,1.46,Online,Punjab,Satna,Urban,6,Done,Approved,,5741.55,0.07,Low,0.22
1524,44,Female,Graduate,Salaried,13,922208,3252,0.98,792,45.62,No,2273466,Home,Home,3,9.03,Low,Government Bank,0.54,Online,Haryana,Mehsana,Urban,15,Done,Pending,,72327.36,0.94,High,2.47
1525,52,Female,Non-Graduate,Salaried,24,648564,5947,0.17,634,66.01,No,298069,Home,Home,20,10.62,High,Government Bank,0.66,Offline,Rajasthan,Tripura District,Rural,21,Processing,Pending,,2999.93,0.06,Low,0.46
1526,35,Male,Graduate,Salaried,15,467995,5095,0.38,760,54.92,No,588007,Business,Business,12,17.35,Medium,Finance Company,1.68,Offline,Uttar Pradesh,Assam District,Rural,6,Processing,Approved,,9733.39,0.25,Low,1.26
1527,37,Female,Non-Graduate,Salaried,6,531202,5881,0.67,793,22.06,No,2248957,Personal,Personal,13,8.35,Low,Private Bank,0.99,Offline,Maharashtra,Bihar District,Rural,4,Processing,Approved,,23674.9,0.53,High,4.23
1528,32,Female,Graduate,Self-employed,17,966546,14852,0.23,707,27.33,No,499327,Agriculture,Agriculture,19,5.06,Medium,Finance Company,1.97,Online,West Bengal,Rourkela,Urban,6,Done,Approved,,3413.2,0.04,Low,0.52
1529,50,Male,Graduate,Salaried,13,657745,15456,0.38,529,79.57,No,200042,Home,Home,4,11.29,High,Private Bank,1.45,Online,Maharashtra,Shahjahanpur,Urban,4,Done,Approved,,5198.41,0.09,Low,0.3
1530,48,Male,Non-Graduate,Salaried,9,749685,21176,0.87,825,33.71,No,1496651,Personal,Personal,5,11.84,Low,Finance Company,2.18,Offline,Tamil Nadu,Bihar District,Rural,3,Processing,Approved,,33171.29,0.53,High,2
1531,36,Female,Graduate,Salaried,12,984792,9341,0.24,739,55.2,No,981571,Home,Home,19,10.8,Medium,Government Bank,0.73,Online,Delhi,Kurnool,Urban,12,Processing,Rejected,Low CIBIL Score,10150.24,0.12,Low,1
1532,37,Male,Graduate,Salaried,20,699430,3416,0.08,470,35.4,No,69501,Education,Education,7,6.19,High,Government Bank,0.3,Online,Bihar,Panihati,Urban,18,Processing,Rejected,Previous Loan Default,1021.65,0.02,Low,0.1
1533,58,Female,Graduate,Salaried,14,844584,13790,0.43,771,73.72,No,519610,Home,Home,3,9.5,Low,Private Bank,0.94,Online,Madhya Pradesh,Karaikudi,Urban,5,Processing,Approved,,16644.64,0.24,Low,0.62
1534,29,Male,Graduate,Salaried,25,944389,8831,0.21,462,69.92,No,488559,Business,Business,10,15.34,High,Private Bank,0.96,Online,Tamil Nadu,Kochi,Urban,3,Processing,Approved,,7984.2,0.1,Low,0.52
1535,31,Male,Graduate,Salaried,13,758877,15042,0.29,683,41.81,No,291778,Vehicle,Vehicle,14,10.91,Medium,Private Bank,1.07,Offline,Gujarat,Rajasthan District,Rural,8,Processing,Pending,,3394.88,0.05,Low,0.38
1536,60,Male,Graduate,Salaried,17,423275,7042,0.95,700,64.82,No,566884,Vehicle,Vehicle,2,11.83,Medium,Finance Company,2.39,Offline,Chhattisgarh,Manipur District,Rural,5,Processing,Pending,,26640.22,0.76,High,1.34
1537,41,Female,Graduate,Salaried,29,900772,14068,0.26,602,53.27,No,383215,Business,Business,11,14.11,High,Government Bank,0.72,Online,Haryana,Yamunanagar,Urban,11,Done,Pending,,5730.81,0.08,Low,0.43
1538,50,Male,Non-Graduate,Salaried,15,768173,7841,0.16,508,31.68,No,254219,Education,Education,19,8.43,High,Finance Company,1.57,Offline,Uttar Pradesh,Arunachal Pradesh District,Rural,2,Processing,Approved,,2239.88,0.03,Low,0.33
1539,33,Male,Non-Graduate,Salaried,17,901211,22504,0.4,691,29.8,No,715597,Home,Home,14,9.09,Medium,Finance Company,2.87,Offline,Karnataka,Manipur District,Rural,3,Processing,Approved,,7543.86,0.1,Low,0.79
1540,44,Female,Graduate,Salaried,19,340685,24438,1.73,810,50.65,No,1943713,Agriculture,Agriculture,8,5.05,Low,Government Bank,0.4,Online,Maharashtra,Bhubaneswar,Urban,15,Done,Approved,,24653.55,0.87,High,5.71
1541,29,Female,Graduate,Salaried,24,719671,3227,0.08,508,81.07,No,85805,Home,Home,9,11.75,High,Finance Company,1.69,Online,Gujarat,Mirzapur,Urban,1,Done,Approved,,1290.82,0.02,Low,0.12
1542,41,Male,Graduate,Self-employed,6,1945567,5141,0.12,691,66.2,No,967919,Appliances,Appliances,19,16.49,Medium,Private Bank,0.77,Online,Uttar Pradesh,Ichalkaranji,Urban,5,Done,Approved,,13920.6,0.09,Low,0.5
1543,49,Male,Non-Graduate,Salaried,29,330851,17159,0.69,543,87.35,No,161107,Home,Home,15,10.41,High,Government Bank,0.62,Offline,Maharashtra,Assam District,Rural,17,Done,Approved,,1771.9,0.06,Low,0.49
1544,52,Male,Non-Graduate,Self-employed,17,617164,2327,0.35,748,51.47,No,926108,Home,Home,7,10.54,Medium,Private Bank,1.16,Offline,Tamil Nadu,Sikkim District,Rural,8,Processing,Approved,,15634.12,0.3,Medium,1.5
1545,56,Female,Graduate,Salaried,30,894564,23710,0.39,606,32.25,No,210811,Home,Home,4,11.39,High,Government Bank,0.28,Offline,Punjab,Bihar District,Rural,12,Processing,Pending,,5488.53,0.07,Low,0.24
1546,46,Male,Non-Graduate,Self-employed,21,865550,19219,0.48,763,38.71,No,956274,Home,Home,7,8.96,Low,Government Bank,0.33,Offline,Gujarat,Arunachal Pradesh District,Rural,13,Done,Pending,,15366.16,0.21,Low,1.1
1547,47,Female,Graduate,Pensioner,12,439006,19554,0.59,552,44.28,No,189249,Education,Education,11,7.36,High,Government Bank,0.63,Online,Uttar Pradesh,Nizamabad,Urban,17,Processing,Approved,,2095.7,0.06,Low,0.43
1548,52,Female,Graduate,Salaried,28,490902,18927,0.93,805,16.91,Yes,1899520,Home,Home,18,9.98,Low,Finance Company,2.41,Online,Odisha,Pune,Urban,4,Processing,Approved,,18967.8,0.46,High,3.87
1549,41,Female,Graduate,Self-employed,5,1727191,12788,0.16,689,11.47,No,226320,Business,Business,2,14.6,Medium,Finance Company,1.5,Online,Bihar,Chapra,Urban,3,Done,Approved,,10930.54,0.08,Low,0.13
1550,40,Male,Graduate,Salaried,19,309639,3319,0.41,489,18.36,No,412285,Business,Business,9,16.65,High,Finance Company,2.38,Online,Delhi,Ghaziabad,Urban,4,Processing,Pending,,7388.66,0.29,Low,1.33
1551,57,Male,Graduate,Salaried,15,330984,17727,1.03,629,70.15,No,492549,Appliances,Appliances,5,10.67,High,Finance Company,2.71,Offline,Maharashtra,Karnataka District,Rural,2,Processing,Approved,,10628.33,0.39,Medium,1.49
1552,48,Male,Graduate,Salaried,15,582552,16471,0.37,502,15.43,No,147496,Agriculture,Agriculture,17,8.42,High,Private Bank,1.49,Online,Uttar Pradesh,Bikaner,Urban,3,Processing,Approved,,1362.06,0.03,Low,0.25
1553,54,Female,Graduate,Salaried,21,480946,7757,0.33,759,81.76,No,611232,Agriculture,Agriculture,14,6.84,Medium,Private Bank,1.49,Online,Madhya Pradesh,Munger,Urban,4,Processing,Approved,,5663.77,0.14,Low,1.27
1554,31,Female,Graduate,Salaried,24,644935,11257,0.47,728,17.36,No,747084,Home,Home,6,10.15,Medium,Finance Company,2.97,Offline,West Bengal,Goa District,Rural,5,Processing,Approved,,13896.93,0.26,Low,1.16
1555,55,Female,Graduate,Salaried,24,476101,10247,0.52,526,83.47,No,424300,Agriculture,Agriculture,4,7.79,High,Government Bank,0.47,Online,Chhattisgarh,Anantapuram,Urban,11,Processing,Approved,,10316.63,0.26,Low,0.89
1556,39,Male,Non-Graduate,Salaried,30,392189,653,0.65,496,85.14,Yes,469298,Agriculture,Agriculture,2,5.08,High,Government Bank,0.25,Offline,Madhya Pradesh,Andhra Pradesh District,Rural,19,Done,Approved,,20605.57,0.63,High,1.2
1557,45,Female,Graduate,Salaried,7,877296,18626,0.58,774,12.25,Yes,1245637,Agriculture,Agriculture,5,5.28,Low,Finance Company,2.64,Online,Assam,Fatehpur,Urban,5,Processing,Approved,,23666.83,0.32,Medium,1.42
1558,52,Female,Graduate,Salaried,22,630701,20890,0.41,517,47.69,No,76888,Agriculture,Agriculture,20,5.19,High,Government Bank,0.75,Offline,Tamil Nadu,Jharkhand District,Rural,20,Done,Approved,,515.53,0.01,Low,0.12
1559,62,Male,Graduate,Salaried,28,469335,2997,0.15,465,48.84,No,178380,Business,Business,8,13.08,High,Government Bank,0.74,Offline,Madhya Pradesh,Punjab District,Rural,15,Done,Rejected,Insufficient Employment Length,3006.07,0.08,Low,0.38
1560,34,Male,Non-Graduate,Salaried,14,925670,3871,0.17,818,12.09,No,499475,Vehicle,Vehicle,7,14.64,Low,Finance Company,2.53,Offline,Telangana,Meghalaya District,Rural,4,Processing,Approved,,9537.64,0.12,Low,0.54
1561,50,Male,Graduate,Salaried,29,680092,1973,0.06,499,64.28,No,54179,Education,Education,4,8.62,High,Private Bank,1.4,Online,Haryana,Hapur,Urban,5,Done,Approved,,1338.49,0.02,Low,0.08
1562,61,Male,Graduate,Salaried,5,621397,124,0.1,665,81.75,No,362583,Agriculture,Agriculture,8,8.54,Medium,Private Bank,1,Online,Odisha,Bhusawal,Urban,7,Processing,Approved,,5225.79,0.1,Low,0.58
1563,44,Female,Graduate,Salaried,25,565795,3293,0.23,470,42.39,No,431660,Education,Education,6,7.54,High,Government Bank,0.32,Offline,West Bengal,Punjab District,Rural,21,Done,Approved,,7471.81,0.16,Low,0.76
1564,51,Female,Graduate,Self-employed,9,869537,18650,0.35,536,21.55,No,394223,Personal,Personal,7,9.04,High,Private Bank,1.54,Online,Telangana,Singrauli,Urban,9,Done,Pending,,6350.69,0.09,Low,0.45
1565,61,Male,Non-Graduate,Salaried,19,423240,19231,0.61,627,45.92,No,197504,Business,Business,17,11.03,High,Government Bank,0.44,Offline,Rajasthan,Kerala District,Rural,21,Done,Approved,,2147.52,0.06,Low,0.47
1566,45,Female,Graduate,Self-employed,8,974979,6496,0.25,730,57.6,No,859503,Appliances,Appliances,9,14.22,Medium,Government Bank,0.43,Offline,Uttar Pradesh,Nagaland District,Rural,17,Done,Approved,,14149.78,0.17,Low,0.88
1567,53,Male,Non-Graduate,Pensioner,11,410081,5026,0.21,689,10.69,No,101619,Home,Home,5,8.45,Medium,Government Bank,0.38,Offline,Maharashtra,Arunachal Pradesh District,Rural,14,Processing,Rejected,High Existing EMI,2082.42,0.06,Low,0.25
1568,57,Male,Graduate,Salaried,11,389239,12631,0.97,786,46.53,No,1698858,Home,Home,14,9.95,Low,Private Bank,1.17,Offline,West Bengal,Odisha District,Rural,3,Done,Approved,,18775.8,0.58,High,4.36
1569,39,Male,Graduate,Salaried,18,670176,10194,0.27,608,79.78,No,379823,Home,Home,12,12.29,High,Private Bank,1.1,Online,Bihar,Berhampore,Urban,7,Processing,Pending,,5055.57,0.09,Low,0.57
1570,60,Male,Graduate,Salaried,8,953575,12556,0.2,637,40.16,No,264664,Appliances,Appliances,18,12.36,High,Government Bank,0.61,Online,Telangana,Dhule,Urban,20,Done,Pending,,3060.65,0.04,Low,0.28
1571,28,Male,Graduate,Pensioner,9,219231,24409,2.33,769,45.37,Yes,1334274,Agriculture,Agriculture,8,7.01,Low,Finance Company,1.86,Online,Uttar Pradesh,Bhind,Urban,5,Processing,Approved,,18197.75,1,High,6.09
1572,61,Female,Graduate,Self-employed,20,1200845,17761,0.66,816,38.35,No,1051026,Personal,Personal,2,10.2,Low,Finance Company,1.71,Offline,Karnataka,Meghalaya District,Rural,4,Done,Approved,,48596.59,0.49,High,0.88
1573,56,Male,Graduate,Salaried,21,405150,8621,0.66,454,41.19,No,409019,Vehicle,Vehicle,3,13.01,High,Government Bank,0.74,Online,Delhi,Agra,Urban,11,Processing,Approved,,13783.44,0.41,Medium,1.01
1574,57,Female,Graduate,Self-employed,16,827060,2087,0.24,839,88.37,No,1627375,Agriculture,Agriculture,13,5.59,Low,Private Bank,1.06,Online,Gujarat,Bidhannagar,Urban,8,Processing,Approved,,14700.65,0.21,Low,1.97
1575,35,Female,Graduate,Salaried,27,646824,6231,0.17,625,46.23,No,215123,Vehicle,Vehicle,12,13.23,High,Government Bank,0.67,Online,Jharkhand,Kalyan-Dombivli,Urban,16,Processing,Pending,,2987.82,0.06,Low,0.33
1576,57,Female,Non-Graduate,Salaried,29,504817,10080,0.36,572,37.63,No,365324,Personal,Personal,9,8.84,High,Finance Company,1.51,Offline,Uttar Pradesh,Karnataka District,Rural,6,Done,Approved,,4916.62,0.12,Low,0.72
1577,40,Female,Graduate,Salaried,5,640182,9617,0.34,749,29.17,No,665634,Business,Business,17,14.16,Medium,Private Bank,1.53,Offline,Uttar Pradesh,Odisha District,Rural,6,Done,Approved,,8644.08,0.16,Low,1.04
1578,50,Male,Graduate,Salaried,27,453615,8534,0.25,458,54.65,No,55015,Business,Business,19,14.95,High,Finance Company,1.64,Offline,Odisha,Karnataka District,Rural,4,Processing,Approved,,728.7,0.02,Low,0.12
1579,42,Male,Graduate,Salaried,18,799609,5837,0.22,780,38.55,No,484040,Agriculture,Agriculture,6,8.71,Low,Finance Company,2,Online,Uttar Pradesh,Ajmer,Urban,5,Processing,Approved,,8655.58,0.13,Low,0.61
1580,26,Male,Graduate,Self-employed,21,541095,6712,0.36,603,32.87,No,482340,Appliances,Appliances,7,15.47,High,Private Bank,1.5,Online,Gujarat,Burhanpur,Urban,3,Processing,Pending,,9435.24,0.21,Low,0.89
1581,60,Male,Graduate,Salaried,22,983846,24133,0.44,509,61.42,No,493279,Personal,Personal,4,8.8,High,Finance Company,2.18,Online,Odisha,Asansol,Urban,2,Done,Approved,,12228.48,0.15,Low,0.5
1582,55,Female,Graduate,Salaried,13,932895,6309,0.15,530,52.11,No,374350,Appliances,Appliances,16,14.6,High,Private Bank,0.98,Offline,Gujarat,Assam District,Rural,5,Processing,Approved,,5049.92,0.06,Low,0.4
1583,36,Male,Graduate,Self-employed,13,1731269,24327,0.41,810,21.44,No,2407924,Vehicle,Vehicle,16,16.15,Low,Government Bank,0.74,Offline,Chhattisgarh,Assam District,Rural,15,Done,Approved,,35101.89,0.24,Low,1.39
1584,54,Male,Graduate,Salaried,27,524708,10280,0.39,725,78.98,No,744610,Home,Home,18,8.42,Medium,Finance Company,2.91,Offline,Gujarat,Mizoram District,Rural,3,Processing,Approved,,6705.55,0.15,Low,1.42
1585,26,Male,Graduate,Self-employed,12,1452733,20489,0.21,576,18.11,No,432420,Appliances,Appliances,15,10.16,High,Private Bank,1.03,Online,Karnataka,Gandhinagar,Urban,3,Processing,Pending,,4689.23,0.04,Low,0.3
1586,27,Male,Graduate,Salaried,13,358912,10964,0.54,468,88.48,No,410086,Appliances,Appliances,16,13.82,High,Private Bank,1.5,Online,Kerala,Chennai,Urban,9,Done,Approved,,5312.29,0.18,Low,1.14
1587,49,Male,Non-Graduate,Salaried,25,660553,17180,0.39,544,19.29,No,343287,Education,Education,11,8.92,High,Government Bank,0.66,Offline,Bihar,Punjab District,Rural,18,Done,Pending,,4090.84,0.07,Low,0.52
1588,46,Male,Graduate,Salaried,5,367699,16474,0.59,756,84.51,No,117553,Home,Home,11,10.84,Medium,Finance Company,2.54,Online,Kerala,Sonipat,Urban,6,Done,Approved,,1528.17,0.05,Low,0.32
1589,25,Female,Graduate,Salaried,6,302218,20924,0.9,470,54.73,No,142073,Agriculture,Agriculture,9,5.72,High,Finance Company,2.7,Online,Telangana,Satara,Urban,2,Processing,Rejected,High Existing EMI,1686.09,0.07,Low,0.47
1590,57,Female,Graduate,Salaried,30,702781,23418,0.44,581,13.44,No,134965,Education,Education,5,5.15,High,Finance Company,2.76,Online,Chhattisgarh,Panihati,Urban,2,Processing,Approved,,2556.24,0.04,Low,0.19
1591,28,Female,Graduate,Salaried,8,422215,3393,0.28,634,73.56,No,376243,Education,Education,6,6.71,High,Government Bank,0.4,Online,Rajasthan,Bhubaneswar,Urban,13,Processing,Approved,,6362.3,0.18,Low,0.89
1592,40,Male,Graduate,Self-employed,16,1601828,7819,0.11,494,61.53,No,200283,Appliances,Appliances,3,17.21,High,Private Bank,1.59,Online,Karnataka,Bettiah,Urban,9,Processing,Rejected,High Loan Amount Request,7161.59,0.05,Low,0.13
1593,35,Male,Graduate,Salaried,11,933122,15406,0.26,724,11.52,No,349878,Appliances,Appliances,14,14.61,Medium,Private Bank,1.03,Online,West Bengal,Mysore,Urban,3,Done,Pending,,4901.55,0.06,Low,0.37
1594,41,Female,Graduate,Self-employed,14,1870573,10386,0.11,532,10.05,No,463455,Appliances,Appliances,11,10.7,High,Government Bank,0.51,Online,Delhi,Tiruppur,Urban,22,Done,Approved,,5987.48,0.04,Low,0.25
1595,25,Male,Graduate,Salaried,23,478614,12671,0.37,480,47.71,No,177714,Home,Home,16,11.32,High,Finance Company,1.7,Online,Jharkhand,Ballia,Urban,4,Done,Approved,,2007.35,0.05,Low,0.37
1596,39,Male,Graduate,Salaried,27,855521,7264,0.24,531,76.55,No,467384,Education,Education,5,8.55,High,Private Bank,1.02,Online,Madhya Pradesh,Ramgarh,Urban,5,Done,Rejected,High Loan Amount Request,9600.37,0.13,Low,0.55
1597,31,Male,Non-Graduate,Salaried,6,596201,23516,0.6,823,44.75,Yes,684490,Agriculture,Agriculture,14,7.32,Low,Private Bank,1.58,Offline,Punjab,Uttar Pradesh District,Rural,7,Processing,Rejected,High Existing EMI,6523.91,0.13,Low,1.15
1598,47,Female,Graduate,Salaried,14,844886,21274,0.36,509,72.12,Yes,174748,Vehicle,Vehicle,5,10.45,High,Finance Company,2.56,Online,Odisha,Kollam,Urban,4,Done,Approved,,3751.69,0.05,Low,0.21
1599,49,Male,Graduate,Salaried,10,758279,18957,0.38,718,88.73,No,299875,Appliances,Appliances,11,17.57,Medium,Government Bank,0.54,Online,Jharkhand,Asansol,Urban,17,Done,Approved,,5146.12,0.08,Low,0.4
1600,49,Female,Graduate,Salaried,22,913154,9459,0.17,531,22.67,No,265878,Personal,Personal,20,12.97,High,Private Bank,1.43,Online,Bihar,Belgaum,Urban,4,Processing,Pending,,3109.28,0.04,Low,0.29
1601,50,Female,Graduate,Salaried,25,870522,22039,0.52,789,13.95,No,1560519,Home,Home,16,9.45,Low,Finance Company,2.39,Online,West Bengal,Panchkula,Urban,5,Processing,Rejected,High Loan Amount Request,15791.24,0.22,Low,1.79
1602,43,Male,Graduate,Salaried,25,808599,383,0.18,688,24.43,No,641247,Vehicle,Vehicle,9,17.66,Medium,Private Bank,1.22,Online,Rajasthan,Sultan Pur Majra,Urban,8,Done,Approved,,11891.78,0.18,Low,0.79
1603,59,Female,Graduate,Salaried,19,809539,14095,0.3,669,71.21,No,399085,Vehicle,Vehicle,8,11.14,Medium,Government Bank,0.74,Online,Telangana,Siliguri,Urban,14,Done,Approved,,6299.17,0.09,Low,0.49
1604,60,Male,Graduate,Self-employed,26,1342669,3749,0.07,676,22.56,No,360201,Education,Education,8,5.26,Medium,Private Bank,1.03,Online,West Bengal,Muzaffarnagar,Urban,9,Processing,Approved,,4604.84,0.04,Low,0.27
1605,29,Male,Graduate,Self-employed,29,1392118,4939,0.15,563,36.08,No,449591,Personal,Personal,4,12.28,High,Finance Company,1.71,Online,Punjab,Ahmednagar,Urban,2,Processing,Rejected,Insufficient Employment Length,11901.36,0.1,Low,0.32
1606,58,Female,Graduate,Self-employed,22,1110313,8882,0.16,575,88.15,No,385413,Business,Business,19,16.32,High,Government Bank,0.53,Offline,Rajasthan,Karnataka District,Rural,18,Processing,Approved,,5494.15,0.06,Low,0.35
1607,48,Male,Graduate,Salaried,15,891784,12858,1.08,808,32.17,No,1891070,Vehicle,Vehicle,3,17.2,Low,Government Bank,0.28,Offline,Gujarat,Uttarakhand District,Rural,21,Done,Pending,,67610.18,0.91,High,2.12
1608,50,Male,Graduate,Salaried,24,537983,17125,0.4,484,44,No,52236,Business,Business,8,17.31,High,Government Bank,0.56,Online,Gujarat,Avadi,Urban,19,Processing,Approved,,1008.52,0.02,Low,0.1
1609,59,Female,Graduate,Salaried,27,528581,20797,1.63,779,20.69,Yes,1062789,Appliances,Appliances,2,14.3,Low,Private Bank,0.82,Online,Assam,Kozhikode,Urban,9,Done,Approved,,51178.32,1.16,High,2.01
1610,43,Male,Graduate,Salaried,15,523136,17182,0.52,590,46.23,No,293026,Home,Home,6,10.47,High,Private Bank,1.41,Online,Telangana,Erode,Urban,8,Processing,Approved,,5498.26,0.13,Low,0.56
1611,45,Male,Non-Graduate,Salaried,10,841551,23792,0.37,480,26.68,No,115171,Vehicle,Vehicle,6,11.33,High,Private Bank,1.31,Offline,Gujarat,Haryana District,Rural,9,Processing,Approved,,2211.69,0.03,Low,0.14
1612,27,Female,Graduate,Self-employed,8,1579980,2442,0.07,594,49.31,No,416666,Home,Home,7,11.72,High,Government Bank,0.51,Online,Rajasthan,Chandigarh,Urban,12,Done,Approved,,7293.05,0.06,Low,0.26
1613,54,Female,Non-Graduate,Self-employed,7,1663159,12466,0.15,734,33.11,Yes,602711,Vehicle,Vehicle,14,14.2,Medium,Government Bank,0.49,Offline,Haryana,Nagaland District,Rural,15,Processing,Pending,,8279.42,0.06,Low,0.36
1614,57,Female,Non-Graduate,Salaried,6,706223,11201,0.23,514,39.57,No,226718,Education,Education,14,8.01,High,Finance Company,2.69,Offline,Chhattisgarh,Nagaland District,Rural,6,Processing,Approved,,2248.78,0.04,Low,0.32
1615,27,Male,Graduate,Salaried,30,670220,8276,0.23,608,75.81,No,386108,Business,Business,15,11.34,High,Government Bank,0.35,Online,Delhi,Uluberia,Urban,17,Done,Approved,,4471.28,0.08,Low,0.58
1616,45,Male,Graduate,Salaried,6,473761,14705,0.55,719,14.66,No,521215,Vehicle,Vehicle,13,13.71,Medium,Government Bank,0.26,Offline,Tamil Nadu,West Bengal District,Rural,20,Done,Pending,,7174.21,0.18,Low,1.1
1617,37,Male,Graduate,Self-employed,22,613198,3719,0.09,541,29.51,No,86712,Agriculture,Agriculture,13,8.41,High,Finance Company,2.56,Offline,Telangana,Tripura District,Rural,4,Done,Approved,,915.76,0.02,Low,0.14
1618,50,Female,Graduate,Salaried,12,953171,18545,0.3,589,50.21,No,380554,Business,Business,9,10.84,High,Private Bank,1.33,Online,Chhattisgarh,Tezpur,Urban,8,Done,Approved,,5532.32,0.07,Low,0.4
1619,44,Male,Non-Graduate,Self-employed,28,951982,20657,0.48,779,69.16,No,1927308,Agriculture,Agriculture,15,7.11,Low,Finance Company,2.07,Offline,Bihar,Bihar District,Rural,2,Done,Approved,,17441.93,0.22,Low,2.02
1620,59,Male,Non-Graduate,Salaried,23,913078,12744,0.29,772,56.92,No,695504,Appliances,Appliances,11,11.06,Low,Private Bank,1.49,Offline,Madhya Pradesh,Karnataka District,Rural,7,Done,Approved,,9129.96,0.12,Low,0.76
1621,42,Male,Graduate,Salaried,29,899415,22502,0.37,841,13.69,No,242713,Business,Business,5,11.75,Low,Government Bank,0.49,Online,Rajasthan,Tadipatri,Urban,13,Done,Approved,,5368.4,0.07,Low,0.27
1622,43,Male,Graduate,Self-employed,28,1487123,19438,0.18,467,53.9,No,431187,Education,Education,19,6.06,High,Private Bank,1.31,Online,Delhi,Pondicherry,Urban,3,Processing,Rejected,High Loan Amount Request,3188.65,0.03,Low,0.29
1623,61,Female,Graduate,Salaried,19,496088,5025,0.16,502,56.79,No,127494,Home,Home,17,11.38,High,Government Bank,0.28,Online,Uttar Pradesh,Karnal,Urban,21,Processing,Approved,,1415.45,0.03,Low,0.26
1624,45,Male,Graduate,Salaried,26,964182,14855,0.33,804,74.49,No,1062709,Education,Education,10,5.23,Low,Finance Company,2.56,Online,Chhattisgarh,Thane,Urban,4,Processing,Approved,,11391.53,0.14,Low,1.1
1625,57,Male,Graduate,Salaried,23,814645,8526,0.22,467,13.15,No,357448,Appliances,Appliances,6,10.34,High,Government Bank,0.41,Online,Assam,Shimoga,Urban,21,Done,Approved,,6683.47,0.1,Low,0.44
1626,48,Male,Graduate,Salaried,14,646703,6035,0.72,686,72.04,No,1013328,Personal,Personal,3,9.65,Medium,Government Bank,0.35,Online,Tamil Nadu,Bokaro,Urban,18,Done,Rejected,Low Income,32530.98,0.6,High,1.57
1627,42,Male,Non-Graduate,Salaried,10,634829,12904,0.55,772,25.76,Yes,1121859,Vehicle,Vehicle,14,15.17,Low,Government Bank,0.75,Offline,Karnataka,Madhya Pradesh District,Rural,14,Processing,Approved,,16137.72,0.31,Medium,1.77
1628,54,Male,Graduate,Self-employed,18,1706066,11182,0.18,685,40.55,No,1137910,Vehicle,Vehicle,15,12.14,Medium,Finance Company,2.92,Online,Kerala,Hyderabad,Urban,5,Done,Pending,,13759.49,0.1,Low,0.67
1629,38,Male,Graduate,Self-employed,12,1092259,15082,0.27,753,71.73,No,651441,Home,Home,9,10.36,Medium,Finance Company,2.3,Online,Rajasthan,Anantapur,Urban,6,Processing,Approved,,9298.91,0.1,Low,0.6
1630,50,Female,Non-Graduate,Salaried,27,649016,16983,0.35,547,15.43,No,237587,Agriculture,Agriculture,16,7.93,High,Government Bank,0.71,Offline,Bihar,Haryana District,Rural,21,Done,Approved,,2187.76,0.04,Low,0.37
1631,36,Male,Graduate,Self-employed,9,1516060,11505,0.16,826,15.02,No,799627,Agriculture,Agriculture,11,8.1,Low,Private Bank,0.98,Online,West Bengal,Gudivada,Urban,8,Done,Approved,,9171.21,0.07,Low,0.53
1632,57,Male,Graduate,Self-employed,15,1733966,7172,0.15,819,22.19,No,1428504,Personal,Personal,16,9.02,Low,Private Bank,0.86,Offline,Karnataka,Himachal Pradesh District,Rural,9,Done,Approved,,14081.14,0.1,Low,0.82
1633,46,Male,Non-Graduate,Self-employed,7,1706381,14602,0.14,637,21.16,No,243538,Business,Business,5,15.78,High,Finance Company,1.99,Offline,Telangana,Rajasthan District,Rural,4,Done,Approved,,5893.94,0.04,Low,0.14
1634,38,Male,Graduate,Pensioner,8,421509,23316,0.75,726,51.58,No,279762,Business,Business,18,10.69,Medium,Private Bank,1.51,Online,Madhya Pradesh,Bilaspur,Urban,5,Done,Pending,,2922.53,0.08,Low,0.66
1635,60,Female,Graduate,Salaried,21,697284,12541,0.78,665,44.6,No,1003308,Home,Home,3,11.37,Medium,Finance Company,2.58,Offline,Telangana,Maharashtra District,Rural,1,Done,Approved,,33023.09,0.57,High,1.44
1636,55,Male,Graduate,Salaried,10,907162,6545,0.24,715,74.36,No,749651,Vehicle,Vehicle,19,17.88,Medium,Private Bank,1.39,Offline,Madhya Pradesh,Meghalaya District,Rural,5,Done,Pending,,11566.73,0.15,Low,0.83
1637,53,Male,Graduate,Salaried,17,691468,8982,0.33,721,48.68,No,654806,Personal,Personal,8,10.35,Medium,Government Bank,0.29,Online,Karnataka,Patna,Urban,16,Processing,Pending,,10057.81,0.17,Low,0.95
1638,49,Male,Graduate,Salaried,15,706788,14973,0.51,764,83.48,No,1645241,Personal,Personal,20,8.99,Low,Finance Company,1.96,Online,Karnataka,Aizawl,Urban,5,Done,Approved,,14792.08,0.25,Low,2.33
1639,37,Female,Non-Graduate,Salaried,29,625019,3141,0.25,608,66.18,No,369134,Home,Home,4,12.86,High,Private Bank,0.79,Offline,Uttar Pradesh,Gujarat District,Rural,8,Processing,Approved,,9877.31,0.19,Low,0.59
1640,26,Female,Graduate,Salaried,17,839376,13986,0.32,530,78.65,No,400334,Business,Business,6,14.46,High,Private Bank,1.19,Offline,Punjab,Madhya Pradesh District,Rural,6,Processing,Approved,,8348.11,0.12,Low,0.48
1641,39,Female,Graduate,Self-employed,23,1912568,10087,0.07,595,42.43,No,172437,Education,Education,14,7.3,High,Government Bank,0.55,Offline,Gujarat,Maharashtra District,Rural,10,Done,Approved,,1641.59,0.01,Low,0.09
1642,37,Female,Graduate,Salaried,20,494732,10237,0.34,805,57.18,No,342913,Education,Education,12,7.67,Low,Government Bank,0.79,Online,Haryana,Bhilwara,Urban,21,Processing,Approved,,3650.11,0.09,Low,0.69
1643,41,Male,Graduate,Salaried,22,386400,9016,0.31,541,30.51,No,70549,Education,Education,8,7.57,High,Private Bank,1.26,Online,Gujarat,Anand,Urban,5,Done,Approved,,981.98,0.03,Low,0.18
1644,57,Male,Graduate,Pensioner,11,442245,16161,0.64,764,81.83,No,494402,Education,Education,7,7.49,Low,Private Bank,0.77,Online,Kerala,Sri Ganganagar,Urban,3,Processing,Approved,,7580.83,0.21,Low,1.12
1645,51,Female,Graduate,Self-employed,10,596324,7283,1.26,766,43.04,No,2140811,Business,Business,4,10.77,Low,Finance Company,1.68,Online,Tamil Nadu,Tadepalligudem,Urban,4,Done,Approved,,55091.57,1.11,High,3.59
1646,43,Female,Graduate,Self-employed,29,1805677,20197,0.18,466,22.86,No,396051,Business,Business,17,17.76,High,Finance Company,2.47,Online,Rajasthan,Sagar,Urban,4,Processing,Pending,,6169.62,0.04,Low,0.22
1647,38,Male,Graduate,Salaried,27,933127,8339,0.22,739,18.45,No,988180,Personal,Personal,17,8.14,Medium,Finance Company,2.74,Online,Maharashtra,Morena,Urban,5,Processing,Approved,,8959.02,0.12,Low,1.06
1648,47,Male,Graduate,Self-employed,10,1973370,20087,0.15,510,86.08,No,404222,Home,Home,16,11.37,High,Finance Company,1.97,Online,Haryana,Baranagar,Urban,1,Done,Approved,,4578.88,0.03,Low,0.2
1649,57,Female,Graduate,Salaried,23,448717,5993,0.63,800,27.47,No,1381085,Personal,Personal,12,11.37,Low,Private Bank,0.82,Offline,Punjab,Telangana District,Rural,6,Done,Pending,,17616.37,0.47,High,3.08
1650,29,Male,Graduate,Salaried,27,351858,10059,0.39,600,78.65,No,89547,Appliances,Appliances,10,11.53,High,Private Bank,1.46,Offline,Punjab,Meghalaya District,Rural,7,Done,Rejected,Insufficient Employment Length,1260.53,0.04,Low,0.25
1651,25,Male,Graduate,Salaried,11,673338,24321,0.54,810,53.91,No,410884,Vehicle,Vehicle,20,16.19,Low,Government Bank,0.61,Online,Delhi,Tirunelveli,Urban,21,Done,Approved,,5775.1,0.1,Low,0.61
1652,38,Male,Graduate,Salaried,24,551804,14160,0.35,461,22.62,No,99957,Personal,Personal,6,13,High,Private Bank,1.15,Online,Punjab,Dewas,Urban,4,Processing,Approved,,2006.55,0.04,Low,0.18
1653,42,Female,Graduate,Pensioner,11,346825,23742,1.16,636,78.93,No,201705,Business,Business,2,14.58,High,Private Bank,0.77,Offline,Karnataka,Himachal Pradesh District,Rural,9,Processing,Approved,,9739.8,0.34,Medium,0.58
1654,54,Female,Graduate,Self-employed,5,926833,17803,0.25,466,87.73,No,111969,Home,Home,13,12.94,High,Government Bank,0.57,Offline,Madhya Pradesh,Assam District,Rural,14,Done,Approved,,1486.3,0.02,Low,0.12
1655,26,Female,Non-Graduate,Self-employed,15,1707944,12858,0.12,592,88.24,No,334223,Agriculture,Agriculture,8,8.48,High,Government Bank,0.69,Offline,Telangana,Goa District,Rural,21,Processing,Approved,,4806.75,0.03,Low,0.2
1656,36,Male,Graduate,Salaried,21,839596,18322,0.35,746,79.22,No,360764,Agriculture,Agriculture,6,6.41,Medium,Private Bank,0.83,Online,West Bengal,Burhanpur,Urban,6,Processing,Approved,,6048.97,0.09,Low,0.43
1657,40,Female,Graduate,Self-employed,29,770742,13660,0.31,466,46.13,No,472924,Agriculture,Agriculture,9,8.12,High,Finance Company,2.1,Online,Delhi,Kamarhati,Urban,1,Processing,Approved,,6186.32,0.1,Low,0.61
1658,44,Male,Graduate,Salaried,8,476125,401,0.13,801,80.37,No,304596,Business,Business,9,12.97,Low,Government Bank,0.35,Online,Madhya Pradesh,Kota,Urban,11,Done,Approved,,4793.23,0.12,Low,0.64
1659,33,Female,Non-Graduate,Salaried,22,348289,14248,0.54,479,44.03,No,101988,Business,Business,18,14.61,High,Finance Company,2.62,Offline,Bihar,Tamil Nadu District,Rural,2,Processing,Approved,,1339.84,0.05,Low,0.29
1660,44,Male,Graduate,Salaried,30,495578,3463,0.25,802,65.58,No,567681,Appliances,Appliances,13,10.83,Low,Finance Company,1.86,Online,Assam,Pallavaram,Urban,4,Done,Rejected,High Existing EMI,6796.72,0.16,Low,1.15
1661,41,Male,Graduate,Salaried,21,366149,1246,0.44,514,36.69,No,258685,Vehicle,Vehicle,2,11.75,High,Finance Company,1.64,Online,Haryana,Junagadh,Urban,2,Processing,Pending,,12147.02,0.4,Medium,0.71
1662,26,Female,Graduate,Salaried,21,444915,8863,1.1,816,30.22,Yes,665009,Appliances,Appliances,2,13.44,Low,Private Bank,1.39,Online,Tamil Nadu,Alwar,Urban,6,Done,Approved,,31753.35,0.86,High,1.49
1663,33,Male,Non-Graduate,Salaried,19,894919,634,0.07,490,12.5,No,126585,Business,Business,3,17.95,High,Finance Company,2.68,Offline,Bihar,Punjab District,Rural,1,Processing,Approved,,4573.18,0.06,Low,0.14
1664,35,Male,Graduate,Salaried,30,684302,5664,0.17,597,66.41,No,253577,Vehicle,Vehicle,14,17.62,High,Government Bank,0.71,Offline,Tamil Nadu,Tamil Nadu District,Rural,13,Processing,Approved,,4075.44,0.07,Low,0.37
1665,40,Male,Non-Graduate,Salaried,17,413242,10423,0.76,771,48.55,Yes,1457631,Home,Home,13,8.72,Low,Private Bank,1.33,Offline,Haryana,Arunachal Pradesh District,Rural,4,Done,Approved,,15650.17,0.45,High,3.53
1666,48,Female,Non-Graduate,Salaried,22,997735,16966,0.35,620,37.92,No,450441,Vehicle,Vehicle,4,11.88,High,Government Bank,0.48,Offline,Gujarat,Madhya Pradesh District,Rural,11,Processing,Approved,,11835.32,0.14,Low,0.45
1667,25,Female,Graduate,Salaried,5,597149,13642,0.54,493,13.74,No,425394,Education,Education,3,8.43,High,Government Bank,0.66,Online,Uttar Pradesh,Pondicherry,Urban,15,Processing,Approved,,13414.85,0.27,Low,0.71
1668,60,Male,Graduate,Salaried,29,895773,21687,0.48,606,57.91,No,452355,Education,Education,3,6.58,High,Private Bank,1.3,Online,Rajasthan,Haridwar,Urban,5,Done,Approved,,13880.71,0.19,Low,0.5
1669,37,Male,Non-Graduate,Salaried,11,999531,13348,0.21,653,70.27,No,300797,Appliances,Appliances,16,14.53,Medium,Government Bank,0.34,Offline,Bihar,Jharkhand District,Rural,15,Done,Pending,,4043.14,0.05,Low,0.3
1670,55,Male,Graduate,Salaried,18,489612,3721,0.3,534,29.03,No,391984,Business,Business,5,10.28,High,Government Bank,0.37,Online,Delhi,Kulti,Urban,19,Done,Approved,,8382.61,0.21,Low,0.8
1671,39,Male,Non-Graduate,Salaried,26,515327,23965,0.67,491,29.61,Yes,459965,Agriculture,Agriculture,13,8.95,High,Government Bank,0.32,Offline,Bihar,Karnataka District,Rural,14,Processing,Approved,,4998.96,0.12,Low,0.89
1672,42,Female,Graduate,Salaried,5,971767,11475,0.21,567,27.59,No,329529,Vehicle,Vehicle,8,13.64,High,Government Bank,0.78,Online,West Bengal,Sambhal,Urban,18,Processing,Rejected,Previous Loan Default,5657.11,0.07,Low,0.34
1673,46,Female,Non-Graduate,Salaried,23,746350,17953,0.64,680,74.69,No,1021143,Personal,Personal,5,10.03,Medium,Government Bank,0.53,Offline,Rajasthan,Kerala District,Rural,14,Processing,Pending,,21711.35,0.35,Medium,1.37
1674,33,Male,Graduate,Salaried,12,835693,15421,0.44,731,85.3,No,1087286,Appliances,Appliances,15,14.55,Medium,Private Bank,1.09,Online,Odisha,Chapra,Urban,6,Done,Approved,,14883.8,0.21,Low,1.3
1675,25,Male,Non-Graduate,Salaried,6,870741,8329,0.25,694,88.25,No,737601,Business,Business,18,15.02,Medium,Government Bank,0.39,Offline,Bihar,Kerala District,Rural,17,Done,Approved,,9906.94,0.14,Low,0.85
1676,61,Male,Graduate,Self-employed,13,810930,11577,0.32,656,30.02,No,862327,Appliances,Appliances,17,12.55,Medium,Government Bank,0.5,Online,Jharkhand,Hubli–Dharwad,Urban,22,Done,Approved,,10245.29,0.15,Low,1.06
1677,46,Male,Graduate,Salaried,11,611653,6177,0.22,607,47.29,No,476103,Agriculture,Agriculture,15,8.86,High,Finance Company,1.55,Online,Gujarat,Silchar,Urban,6,Done,Pending,,4789.38,0.09,Low,0.78
1678,61,Female,Graduate,Salaried,13,414545,112,0.13,775,11.92,No,291639,Business,Business,20,17.66,Low,Finance Company,1.61,Offline,Gujarat,Punjab District,Rural,3,Done,Approved,,4424.74,0.13,Low,0.7
1679,27,Male,Graduate,Self-employed,29,1340389,8969,0.11,616,30.14,No,429975,Agriculture,Agriculture,19,7.52,High,Private Bank,1.5,Offline,Maharashtra,Telangana District,Rural,9,Processing,Approved,,3548.52,0.03,Low,0.32
1680,58,Male,Graduate,Salaried,16,797769,15581,0.48,833,20.41,No,940443,Agriculture,Agriculture,6,7.75,Low,Finance Company,2.3,Online,Haryana,Bahraich,Urban,1,Processing,Approved,,16374.45,0.25,Low,1.18
1681,49,Female,Graduate,Salaried,8,972694,16331,0.26,735,49.78,No,312087,Business,Business,12,15.91,Medium,Finance Company,1.64,Online,Tamil Nadu,Amritsar,Urban,1,Processing,Approved,,4868.35,0.06,Low,0.32
1682,50,Male,Non-Graduate,Salaried,12,606096,5930,0.16,528,77.23,No,280807,Education,Education,18,6,High,Private Bank,1.12,Offline,Assam,West Bengal District,Rural,6,Processing,Rejected,Low CIBIL Score,2128.97,0.04,Low,0.46
1683,57,Female,Graduate,Self-employed,24,1956751,16369,0.15,737,61.22,No,654347,Agriculture,Agriculture,9,6.81,Medium,Government Bank,0.42,Online,Maharashtra,Secunderabad,Urban,21,Processing,Approved,,8120.61,0.05,Low,0.33
1684,36,Male,Graduate,Salaried,17,985477,24017,0.42,518,62.83,No,468760,Business,Business,5,10.98,High,Private Bank,1.09,Offline,Delhi,Chhattisgarh District,Rural,8,Done,Rejected,High Existing EMI,10187.3,0.12,Low,0.48
1685,27,Male,Graduate,Salaried,13,418638,3214,0.15,468,19.87,No,138140,Business,Business,9,10.96,High,Government Bank,0.3,Online,Tamil Nadu,Jodhpur,Urban,20,Done,Approved,,2017.36,0.06,Low,0.33
1686,29,Male,Graduate,Salaried,30,450105,13257,0.43,621,49.21,No,164951,Business,Business,11,17.57,High,Private Bank,1.24,Offline,Maharashtra,Himachal Pradesh District,Rural,4,Done,Pending,,2830.7,0.08,Low,0.37
1687,27,Male,Non-Graduate,Self-employed,10,1190799,10056,0.12,515,42.87,Yes,205511,Agriculture,Agriculture,19,5.87,High,Government Bank,0.75,Offline,Maharashtra,Mizoram District,Rural,16,Processing,Approved,,1497.55,0.02,Low,0.17
1688,42,Female,Graduate,Salaried,8,544259,1871,0.62,777,16.81,No,1417676,Vehicle,Vehicle,8,15.85,Low,Government Bank,0.66,Online,Gujarat,Srikakulam,Urban,15,Processing,Approved,,26142.91,0.58,High,2.6
1689,61,Female,Non-Graduate,Self-employed,22,809442,11595,0.25,714,36.5,No,317831,Vehicle,Vehicle,16,17.96,Medium,Private Bank,1.59,Offline,Gujarat,Jharkhand District,Rural,7,Processing,Approved,,5048.21,0.07,Low,0.39
1690,44,Male,Non-Graduate,Self-employed,28,634599,6840,1.23,685,31.3,No,1187074,Appliances,Appliances,2,16.05,Medium,Finance Company,1.52,Offline,Telangana,Manipur District,Rural,2,Processing,Approved,,58151.2,1.1,High,1.87
1691,32,Male,Graduate,Salaried,29,626840,10553,0.35,568,57.97,No,433881,Personal,Personal,6,8.91,High,Finance Company,2.09,Online,Rajasthan,Panvel,Urban,1,Done,Rejected,Low Income,7801.57,0.15,Low,0.69
1692,31,Female,Graduate,Salaried,22,725623,23929,0.43,578,16.18,No,96668,Education,Education,5,8.05,High,Government Bank,0.67,Online,Odisha,Bhavnagar,Urban,16,Done,Rejected,Insufficient Employment Length,1962.39,0.03,Low,0.13
1693,26,Male,Non-Graduate,Self-employed,30,1050115,24044,0.47,801,22.9,No,1390902,Home,Home,12,10.74,Low,Government Bank,0.76,Offline,Tamil Nadu,Maharashtra District,Rural,21,Done,Approved,,17222.37,0.2,Low,1.32
1694,61,Female,Graduate,Salaried,14,462589,2395,0.65,557,16.28,No,461143,Vehicle,Vehicle,2,15.9,High,Government Bank,0.25,Online,Haryana,Fatehpur,Urban,16,Processing,Approved,,22556.97,0.59,High,1
1695,30,Female,Graduate,Salaried,17,853080,17233,0.51,829,48.19,No,1643923,Home,Home,14,11.1,Low,Finance Company,2.18,Online,Chhattisgarh,Khora ,Urban,5,Done,Pending,,19319.78,0.27,Low,1.93
1696,35,Male,Graduate,Salaried,19,320999,10799,1.1,727,43.69,No,1185218,Personal,Personal,7,8.38,Medium,Private Bank,1.34,Online,Punjab,Bhilai,Urban,8,Done,Rejected,Insufficient Employment Length,18698.25,0.7,High,3.69
1697,26,Male,Graduate,Salaried,28,527272,9830,0.89,843,13.68,No,1752960,Business,Business,8,12.9,Low,Finance Company,2.37,Online,Kerala,Hosur,Urban,4,Processing,Approved,,29364.48,0.67,High,3.32
1698,41,Male,Graduate,Salaried,15,506263,17211,0.76,698,64.07,No,1123688,Agriculture,Agriculture,8,6.22,Medium,Private Bank,1.15,Online,Tamil Nadu,Bilaspur,Urban,4,Processing,Approved,,14887.53,0.35,Medium,2.22
1699,59,Male,Non-Graduate,Salaried,24,794742,85,0.02,727,52.25,No,188638,Education,Education,17,6.32,Medium,Private Bank,0.93,Offline,Assam,Telangana District,Rural,8,Processing,Approved,,1510.94,0.02,Low,0.24
1700,43,Female,Graduate,Salaried,5,891372,23725,0.71,847,75.74,No,2461088,Business,Business,20,12.9,Low,Government Bank,0.69,Online,Karnataka,Tezpur,Urban,12,Done,Approved,,28658.36,0.39,Medium,2.76
1701,61,Female,Graduate,Self-employed,20,1298028,825,0.11,744,58.57,No,999411,Home,Home,13,10.13,Medium,Government Bank,0.28,Online,Delhi,Pali,Urban,10,Done,Approved,,11548.41,0.11,Low,0.77
1702,33,Female,Graduate,Salaried,9,658313,4932,0.17,584,63.41,No,310588,Appliances,Appliances,16,14.52,High,Private Bank,0.74,Online,Kerala,Satara,Urban,3,Done,Approved,,4172.6,0.08,Low,0.47
1703,52,Male,Non-Graduate,Salaried,24,663629,24060,0.45,585,42.03,No,76205,Agriculture,Agriculture,8,5.28,High,Private Bank,0.71,Offline,Odisha,Uttar Pradesh District,Rural,7,Done,Approved,,974.94,0.02,Low,0.11
1704,46,Male,Graduate,Self-employed,26,1649750,18057,0.23,778,79.55,No,877888,Education,Education,7,8.14,Low,Private Bank,0.74,Online,Madhya Pradesh,Hapur,Urban,3,Done,Rejected,Low CIBIL Score,13744.26,0.1,Low,0.53
1705,49,Male,Non-Graduate,Self-employed,29,1303444,8522,0.4,835,36.99,No,2321605,Vehicle,Vehicle,12,15.22,Low,Government Bank,0.71,Offline,Jharkhand,Chhattisgarh District,Rural,21,Done,Approved,,35173.81,0.32,Medium,1.78
1706,29,Male,Graduate,Self-employed,18,1830914,18067,0.13,489,79.05,No,135804,Business,Business,10,13.67,High,Private Bank,0.81,Online,Assam,Surat,Urban,6,Done,Approved,,2081.72,0.01,Low,0.07
1707,45,Female,Non-Graduate,Salaried,6,444870,24684,0.72,609,70.44,No,145937,Education,Education,9,8.68,High,Finance Company,1.51,Offline,Chhattisgarh,Uttarakhand District,Rural,4,Done,Rejected,High Loan Amount Request,1951.75,0.05,Low,0.33
1708,41,Female,Graduate,Pensioner,22,206679,23763,1.79,692,57.23,Yes,782283,Home,Home,18,8.43,Medium,Finance Company,2.23,Offline,Haryana,Assam District,Rural,1,Done,Approved,,7049.61,0.41,Medium,3.79
1709,47,Male,Graduate,Self-employed,5,1224284,11618,0.45,647,35.64,No,1030799,Appliances,Appliances,3,11.83,Medium,Private Bank,0.9,Online,Karnataka,Bhiwandi,Urban,3,Done,Approved,,34153.64,0.33,Medium,0.84
1710,35,Male,Graduate,Salaried,28,607059,18620,0.68,694,44.78,No,478404,Business,Business,3,12.45,Medium,Finance Company,2.72,Offline,Tamil Nadu,Tamil Nadu District,Rural,4,Processing,Approved,,15992.88,0.32,Medium,0.79
1711,33,Male,Graduate,Salaried,27,555886,8397,1.69,848,76.99,No,1975990,Appliances,Appliances,3,16.47,Low,Private Bank,1.3,Offline,Uttar Pradesh,Uttarakhand District,Rural,3,Processing,Approved,,69929.32,1.51,High,3.55
1712,26,Male,Graduate,Self-employed,18,1834231,11556,0.27,816,67.9,No,1605385,Home,Home,6,10.5,Low,Government Bank,0.73,Offline,Tamil Nadu,Telangana District,Rural,21,Done,Rejected,Insufficient Employment Length,30147.48,0.2,Low,0.88
1713,54,Male,Non-Graduate,Salaried,14,740777,3735,0.11,679,22.97,Yes,387590,Agriculture,Agriculture,16,6.51,Medium,Government Bank,0.44,Offline,Telangana,Haryana District,Rural,20,Done,Approved,,3254.33,0.05,Low,0.52
1714,27,Male,Graduate,Self-employed,25,1821541,675,0.01,618,89.74,No,78023,Business,Business,12,13.28,High,Private Bank,0.87,Online,Madhya Pradesh,Kollam,Urban,3,Processing,Approved,,1086.08,0.01,Low,0.04
1715,35,Male,Graduate,Salaried,17,855659,6445,0.53,757,54,No,676710,Home,Home,2,9.61,Medium,Finance Company,2.76,Online,Maharashtra,Bathinda,Urban,6,Done,Approved,,31105.06,0.44,Medium,0.79
1716,47,Male,Graduate,Salaried,29,814961,8185,0.26,816,65.56,No,350931,Home,Home,4,12.49,Low,Private Bank,1.15,Online,Maharashtra,Gulbarga,Urban,3,Done,Approved,,9326.01,0.14,Low,0.43
1717,44,Female,Non-Graduate,Salaried,14,683590,1179,0.08,610,11.12,No,234977,Agriculture,Agriculture,7,5.74,High,Private Bank,1.28,Offline,Delhi,Manipur District,Rural,7,Processing,Approved,,3403.46,0.06,Low,0.34
1718,32,Male,Graduate,Salaried,30,481216,24232,1.11,804,74.67,No,2289116,Agriculture,Agriculture,16,7.44,Low,Private Bank,0.75,Online,Delhi,Tirupati,Urban,8,Processing,Approved,,20427.33,0.51,High,4.76
1719,52,Male,Non-Graduate,Salaried,26,324328,14709,1.54,826,19.53,No,2480997,Personal,Personal,12,8.02,Low,Government Bank,0.28,Offline,Tamil Nadu,Tripura District,Rural,21,Done,Approved,,26882.83,0.99,High,7.65
1720,61,Male,Non-Graduate,Self-employed,9,1405878,19011,0.17,456,59.18,No,86407,Agriculture,Agriculture,12,6.95,High,Government Bank,0.51,Offline,Maharashtra,Uttar Pradesh District,Rural,20,Done,Pending,,886.29,0.01,Low,0.06
1721,57,Male,Graduate,Salaried,14,649992,17019,0.34,495,81.62,No,107219,Vehicle,Vehicle,8,10.14,High,Government Bank,0.4,Online,Madhya Pradesh,Vijayawada,Urban,17,Processing,Approved,,1634.91,0.03,Low,0.16
1722,45,Male,Non-Graduate,Self-employed,5,1145228,5480,0.32,673,59.77,No,1156309,Business,Business,6,15.9,Medium,Finance Company,2.71,Offline,Haryana,Rajasthan District,Rural,6,Processing,Approved,,25018.85,0.26,Low,1.01
1723,26,Male,Non-Graduate,Salaried,28,987918,18734,0.24,499,44.69,No,67626,Personal,Personal,17,12.92,High,Finance Company,1.64,Offline,Haryana,Uttar Pradesh District,Rural,3,Processing,Approved,,820.42,0.01,Low,0.07
1724,34,Male,Graduate,Salaried,7,589155,13854,0.42,558,33.32,No,294451,Vehicle,Vehicle,6,17.44,High,Finance Company,1.9,Offline,Madhya Pradesh,Madhya Pradesh District,Rural,2,Processing,Approved,,6622.9,0.13,Low,0.5
1725,25,Female,Graduate,Salaried,30,977184,3784,0.1,587,88.32,No,466533,Home,Home,19,10.2,High,Finance Company,2.4,Offline,Uttar Pradesh,Mizoram District,Rural,3,Processing,Approved,,4639,0.06,Low,0.48
1726,26,Male,Graduate,Salaried,26,637237,10045,0.21,454,66.23,No,70090,Business,Business,9,10.92,High,Private Bank,1.05,Online,Odisha,Bharatpur,Urban,5,Processing,Pending,,1022.03,0.02,Low,0.11
1727,36,Female,Graduate,Pensioner,23,378193,13995,2.19,694,88.35,No,1188483,Home,Home,2,10.39,Medium,Private Bank,1.49,Online,Bihar,Mumbai,Urban,7,Processing,Approved,,55056.64,1.75,High,3.14
1728,45,Male,Non-Graduate,Salaried,28,622355,10739,0.28,462,19.63,Yes,340179,Business,Business,16,11.65,High,Government Bank,0.33,Offline,Gujarat,Karnataka District,Rural,19,Done,Approved,,3915.09,0.08,Low,0.55
1729,28,Female,Graduate,Salaried,13,958722,3842,0.13,767,52.3,No,513063,Appliances,Appliances,20,14.45,Low,Government Bank,0.5,Online,Haryana,Tumkur,Urban,19,Processing,Approved,,6548.41,0.08,Low,0.54
1730,53,Female,Graduate,Self-employed,30,1301991,13625,0.5,783,80.33,No,2429485,Agriculture,Agriculture,6,6.19,Low,Finance Company,2.57,Online,Rajasthan,Junagadh,Urban,5,Processing,Pending,,40481.84,0.37,Medium,1.87
1731,34,Male,Graduate,Self-employed,19,1950800,4052,0.11,509,13.84,No,307653,Agriculture,Agriculture,2,8.82,High,Government Bank,0.42,Online,Kerala,Buxar,Urban,11,Processing,Approved,,14029.65,0.09,Low,0.16
1732,51,Female,Non-Graduate,Salaried,30,932486,2043,0.41,770,10.71,No,1860309,Agriculture,Agriculture,6,5.25,Low,Government Bank,0.69,Offline,Kerala,Odisha District,Rural,20,Done,Approved,,30176.36,0.39,Medium,1.99
1733,55,Male,Graduate,Salaried,15,553078,15736,0.36,514,86.52,No,56056,Home,Home,13,12.37,High,Finance Company,1.53,Online,Tamil Nadu,Jhansi,Urban,1,Processing,Approved,,724.05,0.02,Low,0.1
1734,55,Male,Non-Graduate,Self-employed,20,1591578,9695,0.09,673,42.53,No,193495,Home,Home,20,12.99,Medium,Finance Company,2.15,Offline,Delhi,Karnataka District,Rural,2,Processing,Approved,,2265.56,0.02,Low,0.12
1735,45,Male,Graduate,Salaried,19,390386,6360,0.36,798,72.17,No,415851,Business,Business,17,14.21,Low,Private Bank,1.23,Online,Telangana,Jamnagar,Urban,3,Done,Approved,,5414.85,0.17,Low,1.07
1736,51,Male,Graduate,Salaried,6,800847,22604,0.38,672,20.06,No,161375,Home,Home,9,12.16,Medium,Finance Company,1.55,Online,Telangana,Muzaffarpur,Urban,2,Done,Rejected,Low CIBIL Score,2464.94,0.04,Low,0.2
1737,30,Male,Graduate,Self-employed,11,1092636,9635,0.13,577,25.16,No,149393,Agriculture,Agriculture,11,8.83,High,Private Bank,1.04,Offline,Uttar Pradesh,Meghalaya District,Rural,4,Done,Approved,,1772.86,0.02,Low,0.14
1738,37,Female,Non-Graduate,Salaried,6,904229,23526,0.43,704,17.73,No,909852,Personal,Personal,18,10.16,Medium,Finance Company,2.86,Offline,Karnataka,Punjab District,Rural,4,Done,Approved,,9190.94,0.12,Low,1.01
1739,54,Male,Graduate,Salaried,24,644569,8145,0.35,755,22.13,No,721126,Vehicle,Vehicle,11,13.47,Medium,Government Bank,0.55,Online,Telangana,Ulhasnagar,Urban,10,Done,Approved,,10500.72,0.2,Low,1.12
1740,31,Male,Graduate,Salaried,28,609781,1678,0.28,607,35.37,No,279177,Education,Education,2,6.75,High,Private Bank,1.57,Online,Delhi,Secunderabad,Urban,4,Done,Pending,,12467.86,0.25,Low,0.46
1741,31,Male,Graduate,Salaried,15,939164,2462,0.4,778,27.94,No,1085276,Business,Business,4,12.65,Low,Private Bank,1.16,Online,Haryana,Ghaziabad,Urban,3,Done,Rejected,Insufficient Employment Length,28927.06,0.37,Medium,1.16
1742,58,Male,Graduate,Salaried,18,511773,23888,0.63,700,30.73,No,406063,Education,Education,20,6.79,Medium,Finance Company,2.12,Online,Chhattisgarh,Bhubaneswar,Urban,3,Processing,Approved,,3097.22,0.07,Low,0.79
1743,49,Male,Non-Graduate,Salaried,26,479288,19678,0.96,588,43.57,No,399992,Home,Home,2,11.49,High,Private Bank,0.84,Offline,Gujarat,Rajasthan District,Rural,6,Processing,Approved,,18733.89,0.47,High,0.83
1744,60,Male,Graduate,Pensioner,12,235082,19279,1.38,574,41.28,No,439017,Home,Home,7,11.65,High,Finance Company,2.66,Online,Chhattisgarh,Dehradun,Urban,2,Done,Approved,,7667.92,0.39,Medium,1.87
1745,25,Male,Graduate,Salaried,22,519998,1507,0.47,794,20.94,No,1303735,Vehicle,Vehicle,9,10.42,Low,Government Bank,0.39,Offline,Telangana,Nagaland District,Rural,20,Done,Rejected,Previous Loan Default,18652.7,0.43,Medium,2.51
1746,51,Male,Graduate,Self-employed,20,584282,7590,0.53,461,60.51,No,370675,Vehicle,Vehicle,2,15.47,High,Government Bank,0.29,Online,Kerala,Jalgaon,Urban,14,Done,Approved,,18055.67,0.37,Medium,0.63
1747,27,Male,Non-Graduate,Self-employed,9,1864396,5910,0.05,458,87.73,Yes,106543,Personal,Personal,11,11.69,High,Government Bank,0.8,Offline,Haryana,Punjab District,Rural,16,Processing,Rejected,High Existing EMI,1437.8,0.01,Low,0.06
1748,58,Male,Graduate,Salaried,28,469707,4128,0.56,687,82.34,No,955706,Appliances,Appliances,6,10.43,Medium,Finance Company,2.71,Online,Punjab,Machilipatnam,Urban,1,Done,Approved,,17913.19,0.46,High,2.03
1749,60,Male,Graduate,Self-employed,27,1093789,7883,0.26,711,47.06,No,1110976,Business,Business,20,15.91,Medium,Finance Company,2.45,Online,Karnataka,Guntur,Urban,3,Done,Approved,,15381.55,0.17,Low,1.02
1750,39,Male,Non-Graduate,Self-employed,11,1262227,19905,0.4,785,52.74,No,694179,Home,Home,3,10.72,Low,Finance Company,2.31,Offline,Kerala,Tamil Nadu District,Rural,3,Processing,Approved,,22634.59,0.22,Low,0.55
1751,56,Male,Graduate,Salaried,29,716601,12697,0.31,538,46.11,No,400833,Vehicle,Vehicle,18,15.67,High,Government Bank,0.61,Online,Jharkhand,Malegaon,Urban,10,Processing,Approved,,5572.27,0.09,Low,0.56
1752,53,Male,Graduate,Self-employed,7,820570,18289,0.55,645,85.78,No,595190,Vehicle,Vehicle,3,11.09,Medium,Government Bank,0.37,Online,Jharkhand,Pimpri-Chinchwad,Urban,18,Done,Approved,,19511.13,0.29,Low,0.73
1753,53,Male,Graduate,Salaried,12,813604,3299,0.16,526,15.32,No,453702,Appliances,Appliances,8,13.01,High,Finance Company,1.77,Online,Delhi,Uluberia,Urban,3,Done,Approved,,7628.02,0.11,Low,0.56
1754,50,Female,Graduate,Salaried,10,978475,4387,0.28,846,38.05,No,1291767,Appliances,Appliances,9,10.23,Low,Finance Company,2.28,Offline,Punjab,Maharashtra District,Rural,5,Done,Approved,,18347.66,0.23,Low,1.32
1755,41,Female,Graduate,Salaried,24,607571,15514,0.44,576,52.18,No,453537,Home,Home,9,11.14,High,Private Bank,1.12,Online,Rajasthan,Hospet,Urban,9,Done,Approved,,6668.52,0.13,Low,0.75
1756,51,Male,Graduate,Salaried,16,631614,10792,0.26,831,24.96,No,200575,Education,Education,9,8.25,Low,Finance Company,2.56,Online,Madhya Pradesh,Ghaziabad,Urban,6,Processing,Pending,,2637.29,0.05,Low,0.32
1757,28,Female,Non-Graduate,Salaried,16,725307,17261,0.4,524,44.58,No,296210,Agriculture,Agriculture,4,5.58,High,Private Bank,0.7,Offline,West Bengal,Tripura District,Rural,8,Processing,Approved,,6899.61,0.11,Low,0.41
1758,49,Male,Graduate,Salaried,29,565421,3359,0.2,496,86.15,No,486343,Vehicle,Vehicle,14,12.53,High,Finance Company,2.78,Online,Rajasthan,Noida,Urban,2,Processing,Pending,,6152.65,0.13,Low,0.86
1759,34,Female,Graduate,Salaried,24,744679,13842,0.29,503,37.89,No,313286,Personal,Personal,9,10.21,High,Private Bank,1.28,Online,Telangana,Ramgarh,Urban,6,Done,Approved,,4446.36,0.07,Low,0.42
1760,34,Male,Graduate,Self-employed,5,1162162,11893,0.82,814,88.12,No,2026918,Vehicle,Vehicle,3,12.64,Low,Government Bank,0.34,Online,Delhi,Sultan Pur Majra,Urban,11,Processing,Approved,,67943.94,0.7,High,1.74
1761,29,Male,Graduate,Salaried,20,512187,6961,0.22,610,36.44,No,176179,Appliances,Appliances,20,15.35,High,Finance Company,2.58,Online,Assam,Bhusawal,Urban,3,Done,Approved,,2365.6,0.06,Low,0.34
1762,48,Female,Graduate,Salaried,23,717401,7811,0.28,802,17.98,Yes,1077436,Agriculture,Agriculture,16,6.31,Low,Finance Company,2.24,Online,Punjab,Chittoor,Urban,3,Processing,Approved,,8926.71,0.15,Low,1.5
1763,26,Male,Graduate,Pensioner,23,435310,11582,0.38,470,64.43,No,167462,Appliances,Appliances,16,15.28,High,Finance Company,2.5,Online,Kerala,Fatehpur,Urban,4,Processing,Pending,,2338.34,0.06,Low,0.38
1764,48,Male,Graduate,Salaried,23,433443,4965,1.2,848,52.95,No,2219973,Appliances,Appliances,7,11.18,Low,Private Bank,1.44,Online,Gujarat,Anantapuram,Urban,7,Done,Approved,,38221.78,1.06,High,5.12
1765,45,Male,Graduate,Self-employed,28,1150211,14037,0.28,617,72.08,No,376684,Business,Business,3,13.95,High,Government Bank,0.59,Online,Telangana,Imphal,Urban,18,Processing,Approved,,12865.02,0.13,Low,0.33
1766,43,Female,Graduate,Self-employed,15,1915497,5286,0.07,555,77.64,No,443249,Home,Home,13,12.5,High,Private Bank,1.5,Online,Jharkhand,Tiruppur,Urban,3,Done,Approved,,5761.2,0.04,Low,0.23
1767,34,Female,Graduate,Pensioner,27,425916,6372,0.62,577,60.02,No,333101,Business,Business,2,10.73,High,Government Bank,0.43,Online,Haryana,Bhatpara,Urban,10,Processing,Approved,,15483.4,0.44,Medium,0.78
1768,54,Female,Graduate,Salaried,21,797868,23995,0.52,690,13.25,No,1093104,Education,Education,13,7.33,Medium,Private Bank,1.6,Online,Uttar Pradesh,Ratlam,Urban,8,Done,Approved,,10887.79,0.16,Low,1.37
1769,47,Male,Graduate,Salaried,14,629461,21983,0.49,514,75.32,No,271393,Agriculture,Agriculture,8,7.63,High,Finance Company,2.03,Online,Bihar,Raurkela Industrial Township,Urban,1,Done,Pending,,3785.75,0.07,Low,0.43
1770,50,Female,Graduate,Salaried,13,690876,6946,0.41,716,43.68,No,1065539,Personal,Personal,7,8.09,Medium,Private Bank,1.38,Online,Odisha,Tumkur,Urban,7,Processing,Approved,,16655.54,0.29,Low,1.54
1771,48,Male,Non-Graduate,Salaried,9,550250,14958,0.42,509,42.74,No,269281,Agriculture,Agriculture,7,8.51,High,Finance Company,2.92,Offline,Assam,Assam District,Rural,5,Done,Approved,,4265.82,0.09,Low,0.49
1772,30,Male,Graduate,Self-employed,18,532605,11921,0.4,629,83.07,No,375857,Business,Business,12,16.5,High,Government Bank,0.66,Online,Gujarat,Maheshtala,Urban,12,Processing,Approved,,6008.95,0.14,Low,0.71
1773,35,Female,Graduate,Self-employed,14,1386409,10760,0.11,499,74,No,107204,Vehicle,Vehicle,13,14.36,High,Finance Company,2.66,Online,Jharkhand,Chapra,Urban,2,Processing,Approved,,1520.61,0.01,Low,0.08
1774,58,Male,Graduate,Salaried,26,393165,24016,0.9,614,22.35,No,483335,Vehicle,Vehicle,16,11.65,High,Private Bank,0.83,Online,Rajasthan,Morbi,Urban,7,Processing,Approved,,5562.66,0.17,Low,1.23
1775,36,Male,Graduate,Self-employed,8,696939,22217,1.17,781,59.39,No,1521433,Agriculture,Agriculture,3,5.19,Low,Private Bank,1.14,Online,Odisha,Tirunelveli,Urban,8,Processing,Pending,,45728.61,0.79,High,2.18
1776,34,Female,Graduate,Salaried,22,819463,6481,0.13,506,61.29,No,230545,Appliances,Appliances,13,10.44,High,Private Bank,1.47,Offline,Chhattisgarh,Odisha District,Rural,7,Processing,Rejected,High Existing EMI,2706.42,0.04,Low,0.28
1777,43,Male,Graduate,Pensioner,21,425913,8298,0.36,668,69.34,No,274590,Home,Home,8,11.29,Medium,Private Bank,1.07,Online,Karnataka,Gandhidham,Urban,7,Done,Pending,,4356.44,0.12,Low,0.64
1778,29,Male,Non-Graduate,Salaried,17,657159,15088,0.38,564,75.37,No,448256,Business,Business,13,11.9,High,Finance Company,1.85,Offline,Uttar Pradesh,Haryana District,Rural,3,Processing,Approved,,5659.18,0.1,Low,0.68
1779,52,Female,Graduate,Self-employed,21,773098,19967,0.58,771,58.95,No,1181752,Business,Business,16,16.13,Low,Private Bank,1.58,Online,West Bengal,Bidar,Urban,7,Done,Approved,,17210.37,0.27,Low,1.53
1780,28,Male,Graduate,Salaried,22,488434,20409,0.9,836,50.44,No,988448,Business,Business,12,17.21,Low,Finance Company,1.5,Online,Kerala,Kurnool,Urban,2,Done,Approved,,16269.31,0.4,Medium,2.02
1781,39,Male,Graduate,Salaried,18,990434,19533,0.33,818,89.11,No,753256,Personal,Personal,20,11.65,Low,Government Bank,0.37,Offline,Gujarat,Arunachal Pradesh District,Rural,11,Done,Approved,,8110.94,0.1,Low,0.76
1782,61,Male,Non-Graduate,Salaried,7,961646,5515,0.18,771,24.86,No,864564,Agriculture,Agriculture,12,6.46,Low,Private Bank,1.58,Offline,Telangana,Uttar Pradesh District,Rural,3,Done,Approved,,8644.09,0.11,Low,0.9
1783,40,Female,Non-Graduate,Salaried,6,831120,24096,0.43,618,48.33,No,413246,Home,Home,10,10.37,High,Finance Company,1.59,Offline,Kerala,Andhra Pradesh District,Rural,5,Processing,Approved,,5546.1,0.08,Low,0.5
1784,49,Male,Graduate,Salaried,14,563942,23388,0.75,622,82.6,No,253523,Vehicle,Vehicle,2,13.23,High,Government Bank,0.6,Online,Haryana,Amritsar,Urban,12,Done,Approved,,12080.35,0.26,Low,0.45
1785,37,Female,Graduate,Salaried,8,658984,4999,0.19,458,82.91,No,169915,Home,Home,3,12.06,High,Private Bank,1.57,Online,West Bengal,Bhimavaram,Urban,7,Done,Approved,,5648.48,0.1,Low,0.26
1786,51,Female,Graduate,Salaried,27,403291,3623,0.5,751,73.82,No,471514,Appliances,Appliances,4,14.92,Medium,Private Bank,1.35,Online,Assam,Bidar,Urban,9,Processing,Pending,,13103.47,0.39,Medium,1.17
1787,25,Male,Graduate,Salaried,10,781977,5276,0.18,747,38.98,No,503352,Vehicle,Vehicle,13,11.28,Medium,Private Bank,0.83,Online,Madhya Pradesh,Thoothukudi,Urban,9,Done,Rejected,Low Income,6163.55,0.09,Low,0.64
1788,61,Male,Graduate,Salaried,30,411627,23634,0.88,480,62.52,No,402968,Agriculture,Agriculture,7,8.62,High,Government Bank,0.44,Offline,Jharkhand,Uttar Pradesh District,Rural,14,Processing,Pending,,6405.94,0.19,Low,0.98
1789,54,Female,Graduate,Salaried,27,405752,18253,0.83,759,89.23,No,560195,Vehicle,Vehicle,8,14.72,Medium,Finance Company,2.96,Online,Karnataka,Machilipatnam,Urban,5,Done,Approved,,9962.37,0.29,Low,1.38
1790,47,Male,Non-Graduate,Pensioner,5,384532,6211,0.59,671,36.59,No,1113639,Vehicle,Vehicle,17,11.77,Medium,Private Bank,1.01,Offline,West Bengal,Telangana District,Rural,4,Processing,Pending,,12650.17,0.39,Medium,2.9
1791,42,Female,Graduate,Salaried,7,607901,5865,0.33,832,72.97,No,676402,Vehicle,Vehicle,15,17.47,Low,Private Bank,1.09,Offline,Delhi,Punjab District,Rural,3,Done,Approved,,10635.99,0.21,Low,1.11
1792,28,Male,Graduate,Salaried,18,838452,19872,0.3,565,69.77,No,102387,Education,Education,16,7.24,High,Private Bank,1.44,Offline,Madhya Pradesh,Haryana District,Rural,3,Done,Approved,,901.91,0.01,Low,0.12
1793,40,Male,Graduate,Pensioner,30,425303,17901,0.89,659,19.83,No,951941,Agriculture,Agriculture,8,8.22,Medium,Private Bank,1.15,Offline,Delhi,Uttar Pradesh District,Rural,5,Processing,Approved,,13563.97,0.38,Medium,2.24
1794,53,Male,Graduate,Salaried,25,923293,12259,0.24,782,74.97,No,633612,Agriculture,Agriculture,12,6.99,Low,Government Bank,0.45,Online,Jharkhand,Hospet,Urban,16,Done,Rejected,Low CIBIL Score,6512.57,0.08,Low,0.69
1795,30,Female,Graduate,Salaried,25,360626,21798,0.77,631,35.21,No,124191,Vehicle,Vehicle,18,11.73,High,Finance Company,1.53,Online,Uttar Pradesh,Amritsar,Urban,6,Done,Approved,,1383.15,0.05,Low,0.34
1796,30,Male,Graduate,Pensioner,21,401780,2430,0.2,469,58.44,No,209670,Home,Home,5,8.8,High,Government Bank,0.42,Online,Tamil Nadu,Ranchi,Urban,21,Done,Approved,,4332.08,0.13,Low,0.52
1797,29,Male,Non-Graduate,Salaried,27,439268,13312,0.42,494,84.08,No,95631,Vehicle,Vehicle,6,15.23,High,Government Bank,0.41,Offline,Jharkhand,Punjab District,Rural,22,Processing,Approved,,2034.08,0.06,Low,0.22
1798,38,Male,Graduate,Salaried,14,608414,14401,0.6,821,30.83,Yes,1437066,Appliances,Appliances,20,11.97,Low,Government Bank,0.72,Offline,Odisha,Goa District,Rural,14,Processing,Approved,,15793.29,0.31,Medium,2.36
1799,48,Male,Graduate,Salaried,14,773234,22518,0.41,558,73.54,No,339132,Personal,Personal,13,10.5,High,Finance Company,2.99,Online,Madhya Pradesh,Suryapet,Urban,4,Done,Rejected,Insufficient Employment Length,3993.29,0.06,Low,0.44
1800,45,Male,Graduate,Self-employed,28,946784,7090,0.11,592,23.44,No,151603,Agriculture,Agriculture,10,6.45,High,Government Bank,0.78,Online,Rajasthan,Ujjain,Urban,20,Processing,Approved,,1717.57,0.02,Low,0.16
1801,27,Male,Graduate,Self-employed,20,1559490,2954,0.06,529,52.72,No,497220,Home,Home,17,10.55,High,Government Bank,0.44,Online,West Bengal,Dibrugarh,Urban,17,Done,Rejected,High Loan Amount Request,5252.1,0.04,Low,0.32
1802,49,Female,Graduate,Salaried,12,741279,23173,0.51,456,36.38,No,442789,Vehicle,Vehicle,6,11.4,High,Government Bank,0.4,Offline,Chhattisgarh,Haryana District,Rural,20,Done,Approved,,8519.08,0.14,Low,0.6
1803,38,Male,Graduate,Salaried,30,600735,17226,0.84,794,69.53,Yes,2138596,Business,Business,16,11.77,Low,Government Bank,0.39,Online,Bihar,Jodhpur,Urban,21,Processing,Approved,,24779.89,0.49,High,3.56
1804,33,Male,Graduate,Salaried,15,969627,8217,0.16,597,48.77,No,457156,Home,Home,17,10.14,High,Government Bank,0.36,Offline,Bihar,Bihar District,Rural,11,Processing,Pending,,4709.12,0.06,Low,0.47
1805,39,Female,Graduate,Self-employed,5,1591185,17085,0.15,759,78.86,No,147204,Vehicle,Vehicle,10,13.59,Medium,Government Bank,0.73,Offline,Tamil Nadu,Himachal Pradesh District,Rural,20,Processing,Approved,,2249.44,0.02,Low,0.09
1806,30,Female,Graduate,Salaried,10,527269,10608,0.38,642,76.37,No,707441,Education,Education,13,5.1,Medium,Finance Company,2.26,Online,Maharashtra,Haridwar,Urban,1,Done,Approved,,6212.39,0.14,Low,1.34
1807,46,Male,Graduate,Self-employed,14,978662,8378,0.28,801,30.58,No,1163419,Personal,Personal,11,10.31,Low,Government Bank,0.44,Online,Jharkhand,Uluberia,Urban,13,Processing,Approved,,14770.68,0.18,Low,1.19
1808,59,Female,Graduate,Self-employed,25,1133896,23111,0.44,688,67.37,No,1010918,Personal,Personal,6,9.71,Medium,Government Bank,0.41,Offline,Tamil Nadu,Mizoram District,Rural,10,Processing,Approved,,18580.6,0.2,Low,0.89
1809,56,Male,Graduate,Salaried,24,658154,7393,0.28,607,33.25,No,434717,Appliances,Appliances,7,13.13,High,Private Bank,1.25,Online,Assam,Kota,Urban,8,Done,Pending,,7939.11,0.14,Low,0.66
1810,40,Male,Graduate,Salaried,19,961193,9789,0.19,688,29.67,Yes,471222,Business,Business,19,13.44,Medium,Private Bank,0.74,Online,Jharkhand,Mahbubnagar,Urban,7,Processing,Rejected,High Existing EMI,5729.85,0.07,Low,0.49
1811,32,Female,Graduate,Self-employed,26,1329444,19953,0.24,666,63.79,No,838726,Education,Education,16,5.86,Medium,Government Bank,0.63,Online,Assam,Moradabad,Urban,18,Processing,Approved,,6741.59,0.06,Low,0.63
1812,27,Female,Graduate,Salaried,6,951873,17141,0.27,687,41.83,No,267939,Appliances,Appliances,8,13.75,Medium,Private Bank,1.47,Online,West Bengal,Bharatpur,Urban,7,Processing,Approved,,4616.46,0.06,Low,0.28
1813,32,Male,Graduate,Self-employed,22,788934,11936,0.28,532,60.82,No,460202,Education,Education,8,6.72,High,Private Bank,1.13,Offline,Tamil Nadu,Mizoram District,Rural,4,Done,Rejected,Low Income,6210.33,0.09,Low,0.58
1814,35,Male,Graduate,Salaried,15,687583,18359,0.33,502,86.06,No,54895,Personal,Personal,18,11.5,High,Finance Company,2.8,Online,Delhi,Berhampur,Urban,2,Done,Approved,,602.91,0.01,Low,0.08
1815,31,Male,Graduate,Self-employed,21,1959202,5516,0.05,699,15.9,No,113658,Personal,Personal,4,9.54,Medium,Private Bank,1.42,Online,Bihar,Jehanabad,Urban,8,Done,Approved,,2857.62,0.02,Low,0.06
1816,29,Male,Graduate,Salaried,22,908452,11698,0.19,561,44.12,No,112069,Home,Home,4,9.52,High,Government Bank,0.79,Online,Haryana,Kalyan-Dombivli,Urban,10,Processing,Approved,,2816.6,0.04,Low,0.12
1817,25,Male,Graduate,Salaried,6,356586,6392,0.53,450,66.96,No,204274,Home,Home,2,9.14,High,Finance Company,2.05,Offline,Karnataka,Gujarat District,Rural,5,Processing,Rejected,Low CIBIL Score,9345.33,0.31,Medium,0.57
1818,34,Male,Graduate,Salaried,6,899462,19850,0.68,780,88.51,No,2385599,Appliances,Appliances,13,12.63,Low,Government Bank,0.76,Online,West Bengal,Anantapur,Urban,18,Processing,Pending,,31201.46,0.42,Medium,2.65
1819,52,Female,Non-Graduate,Self-employed,21,759103,19539,0.34,619,16.43,No,246232,Agriculture,Agriculture,15,6.86,High,Government Bank,0.52,Offline,Chhattisgarh,Rajasthan District,Rural,12,Done,Approved,,2193.97,0.03,Low,0.32
1820,26,Female,Non-Graduate,Self-employed,27,1494390,7402,0.08,827,22.73,Yes,200849,Business,Business,17,13.36,Low,Government Bank,0.49,Offline,Bihar,Himachal Pradesh District,Rural,22,Processing,Pending,,2497.04,0.02,Low,0.13
1821,34,Male,Graduate,Salaried,25,402993,5871,0.33,559,19.83,No,439548,Business,Business,20,13.25,High,Government Bank,0.77,Offline,Chhattisgarh,Uttarakhand District,Rural,18,Processing,Approved,,5228.12,0.16,Low,1.09
1822,45,Male,Graduate,Salaried,8,329589,16401,1.18,718,54.76,No,615674,Personal,Personal,4,11.21,Medium,Finance Company,2.55,Online,Maharashtra,Malda,Urban,2,Done,Rejected,Low Income,15975.28,0.58,High,1.87
1823,46,Female,Graduate,Salaried,5,529302,1144,0.04,489,66.82,Yes,69925,Agriculture,Agriculture,11,5.93,High,Private Bank,1.15,Online,Gujarat,Baranagar,Urban,3,Done,Pending,,722.42,0.02,Low,0.13
1824,58,Female,Graduate,Self-employed,29,1634783,24365,0.26,719,11.91,No,889064,Business,Business,12,10.14,Medium,Government Bank,0.45,Online,Uttar Pradesh,Raiganj,Urban,16,Done,Approved,,10697.04,0.08,Low,0.54
1825,25,Male,Graduate,Self-employed,7,538591,10424,0.31,739,14.3,No,357124,Personal,Personal,14,8.58,Medium,Government Bank,0.71,Offline,Maharashtra,Chhattisgarh District,Rural,16,Done,Approved,,3658.86,0.08,Low,0.66
1826,38,Female,Non-Graduate,Salaried,25,552269,15547,0.48,712,80.76,Yes,496652,Personal,Personal,9,8.54,Medium,Finance Company,2.55,Offline,Rajasthan,Tamil Nadu District,Rural,4,Done,Approved,,6605.64,0.14,Low,0.9
1827,29,Female,Non-Graduate,Salaried,6,574729,330,0.08,838,76.9,No,350899,Personal,Personal,16,8.2,Low,Finance Company,2.82,Offline,Maharashtra,Maharashtra District,Rural,3,Processing,Approved,,3286.86,0.07,Low,0.61
1828,58,Male,Graduate,Pensioner,13,245734,17871,1.5,817,35.88,No,1029931,Personal,Personal,15,12.62,Low,Government Bank,0.44,Offline,Odisha,Meghalaya District,Rural,20,Done,Approved,,12774.67,0.62,High,4.19
1829,41,Male,Graduate,Salaried,18,748838,3261,0.15,669,23.83,No,781939,Agriculture,Agriculture,19,7.33,Medium,Finance Company,2.2,Online,Delhi,Hosur,Urban,6,Processing,Approved,,6363.86,0.1,Low,1.04
1830,55,Male,Graduate,Salaried,18,636370,7061,0.22,704,25.91,Yes,426350,Home,Home,13,8.95,Medium,Finance Company,2.42,Online,Tamil Nadu,Mumbai,Urban,2,Done,Approved,,4633.63,0.09,Low,0.67
1831,50,Female,Non-Graduate,Salaried,29,818014,647,0.07,617,80.39,No,247980,Education,Education,6,5.16,High,Finance Company,2.93,Offline,Gujarat,Tamil Nadu District,Rural,3,Done,Pending,,4012.13,0.06,Low,0.3
1832,57,Male,Graduate,Salaried,24,860815,19316,0.3,594,24.3,No,248856,Education,Education,19,7.77,High,Finance Company,2.32,Online,Chhattisgarh,Jodhpur,Urban,4,Done,Approved,,2091.49,0.03,Low,0.29
1833,37,Male,Graduate,Salaried,17,838425,3827,0.07,599,21.53,No,68495,Education,Education,8,7.42,High,Private Bank,0.98,Offline,Chhattisgarh,Punjab District,Rural,3,Done,Pending,,948.22,0.01,Low,0.08
1834,46,Female,Non-Graduate,Salaried,25,369991,473,0.11,516,35.53,No,358558,Agriculture,Agriculture,14,5.1,High,Private Bank,0.96,Offline,Assam,Uttar Pradesh District,Rural,9,Processing,Approved,,2990.46,0.1,Low,0.97
1835,33,Male,Graduate,Self-employed,22,1142393,5151,0.11,742,50.4,No,316724,Appliances,Appliances,7,13.01,Medium,Finance Company,2.33,Online,Rajasthan,Jaunpur,Urban,3,Done,Approved,,5763.55,0.06,Low,0.28
1836,58,Male,Non-Graduate,Salaried,8,300995,2807,0.53,699,28.16,No,610474,Appliances,Appliances,9,15.28,Medium,Government Bank,0.44,Offline,Delhi,Telangana District,Rural,18,Done,Approved,,10433.96,0.42,Medium,2.03
1837,37,Male,Non-Graduate,Self-employed,30,1781535,2985,0.21,763,12.44,No,2057760,Business,Business,15,14.56,Low,Government Bank,0.71,Offline,Assam,Karnataka District,Rural,14,Done,Approved,,28182.55,0.19,Low,1.16
1838,59,Male,Graduate,Self-employed,25,886123,8535,0.32,698,82.57,Yes,1059374,Vehicle,Vehicle,20,16.51,Medium,Finance Company,1.92,Online,Punjab,Ambala,Urban,2,Processing,Pending,,15145.41,0.21,Low,1.2
1839,52,Male,Non-Graduate,Salaried,29,900637,9007,0.14,610,69.92,No,80399,Appliances,Appliances,8,16.72,High,Finance Company,2.19,Offline,Punjab,Nagaland District,Rural,6,Processing,Approved,,1523.93,0.02,Low,0.09
1840,33,Male,Graduate,Salaried,6,644140,21642,0.49,676,42.99,No,235032,Vehicle,Vehicle,7,15.88,Medium,Finance Company,2.43,Offline,Assam,Telangana District,Rural,5,Processing,Approved,,4652.17,0.09,Low,0.36
1841,33,Female,Graduate,Salaried,14,404175,979,0.11,593,48.15,No,121027,Personal,Personal,5,11.85,High,Government Bank,0.74,Offline,Assam,Odisha District,Rural,14,Processing,Pending,,2683.01,0.08,Low,0.3
1842,55,Female,Graduate,Salaried,13,776397,15879,0.3,610,38.12,No,217529,Agriculture,Agriculture,7,6.29,High,Finance Company,2.02,Online,Kerala,Chapra,Urban,1,Processing,Approved,,3208.11,0.05,Low,0.28
1843,31,Female,Non-Graduate,Salaried,21,823778,20993,0.38,462,68.93,No,374819,Appliances,Appliances,12,13.74,High,Government Bank,0.8,Offline,Gujarat,Telangana District,Rural,18,Processing,Approved,,5325.26,0.08,Low,0.46
1844,53,Female,Non-Graduate,Self-employed,25,1187705,20604,0.26,555,47.29,Yes,384675,Business,Business,10,11.66,High,Private Bank,1.17,Offline,Chhattisgarh,Meghalaya District,Rural,7,Processing,Pending,,5443.63,0.05,Low,0.32
1845,44,Female,Graduate,Salaried,15,306987,3711,0.3,791,22.31,Yes,318017,Personal,Personal,15,12.94,Low,Finance Company,2.99,Online,West Bengal,Bhiwani,Urban,6,Done,Pending,,4011.14,0.16,Low,1.04
1846,55,Female,Graduate,Self-employed,30,885551,14481,0.21,481,24.78,No,91635,Agriculture,Agriculture,13,5.66,High,Government Bank,0.31,Offline,Uttar Pradesh,Manipur District,Rural,21,Done,Rejected,High Loan Amount Request,831.1,0.01,Low,0.1
1847,58,Male,Non-Graduate,Salaried,6,536038,9913,1.02,820,26.59,No,1551116,Education,Education,4,5.13,Low,Private Bank,1.28,Offline,Tamil Nadu,Uttar Pradesh District,Rural,6,Done,Approved,,35812.52,0.8,High,2.89
1848,54,Female,Non-Graduate,Pensioner,21,328071,24325,0.99,553,89.95,No,250369,Home,Home,19,12.46,High,Government Bank,0.51,Offline,West Bengal,Telangana District,Rural,22,Done,Approved,,2872.16,0.11,Low,0.76
1849,32,Female,Graduate,Salaried,19,335735,9431,0.53,608,43.49,No,378840,Appliances,Appliances,9,10.77,High,Private Bank,1.25,Online,Karnataka,Amaravati,Urban,8,Processing,Pending,,5492.81,0.2,Low,1.13
1850,46,Male,Non-Graduate,Salaried,14,378088,18694,1.65,701,61.55,No,1085017,Education,Education,3,6.55,Medium,Private Bank,0.83,Offline,Chhattisgarh,Chhattisgarh District,Rural,9,Done,Approved,,33279.39,1.06,High,2.87
1851,55,Female,Graduate,Self-employed,24,1748686,10118,0.09,654,63.03,No,298687,Home,Home,13,9.04,Medium,Private Bank,1.28,Online,Maharashtra,Kavali,Urban,6,Processing,Approved,,3261.6,0.02,Low,0.17
1852,51,Female,Graduate,Salaried,22,763823,15118,0.4,595,21.96,No,222155,Home,Home,2,11.67,High,Private Bank,0.93,Online,Madhya Pradesh,Avadi,Urban,6,Done,Approved,,10423.4,0.16,Low,0.29
1853,52,Male,Graduate,Salaried,28,725885,12157,0.33,786,52.23,No,671034,Vehicle,Vehicle,18,11.87,Low,Finance Company,2.36,Online,Tamil Nadu,Chennai,Urban,3,Done,Approved,,7536.8,0.12,Low,0.92
1854,49,Female,Non-Graduate,Pensioner,12,388809,13999,0.71,742,48.21,No,499385,Education,Education,6,8.8,Medium,Government Bank,0.31,Offline,Uttar Pradesh,Uttarakhand District,Rural,13,Processing,Approved,,8952.19,0.28,Low,1.28
1855,43,Male,Non-Graduate,Salaried,30,988908,161,0.08,543,81.01,No,423980,Business,Business,16,16.04,High,Government Bank,0.57,Offline,Delhi,Tamil Nadu District,Rural,16,Processing,Approved,,6147.49,0.07,Low,0.43
1856,37,Female,Graduate,Salaried,14,362190,23826,1.44,793,68.3,No,1538719,Vehicle,Vehicle,16,13.56,Low,Private Bank,0.92,Online,Telangana,Ahmedabad,Urban,4,Done,Approved,,19660.73,0.65,High,4.25
1857,59,Male,Graduate,Salaried,26,676005,11659,0.51,807,19.6,No,1594161,Agriculture,Agriculture,10,5.45,Low,Private Bank,1.08,Online,Haryana,Thanjavur,Urban,9,Done,Approved,,17261.37,0.31,Medium,2.36
1858,38,Male,Non-Graduate,Salaried,16,790812,20466,0.56,809,25.92,No,712584,Appliances,Appliances,5,13.05,Low,Private Bank,1.5,Offline,Delhi,Jharkhand District,Rural,5,Done,Approved,,16231.72,0.25,Low,0.9
1859,42,Female,Non-Graduate,Self-employed,27,856510,20697,0.99,745,44.14,No,1061352,Home,Home,2,12.44,Medium,Government Bank,0.62,Offline,Rajasthan,Odisha District,Rural,20,Processing,Approved,,50179.89,0.7,High,1.24
1860,27,Male,Graduate,Salaried,7,817711,9881,0.23,707,60.72,No,623390,Agriculture,Agriculture,14,6.81,Medium,Government Bank,0.38,Online,Chhattisgarh,Narasaraopet,Urban,14,Processing,Approved,,5766.19,0.08,Low,0.76
1861,39,Male,Graduate,Pensioner,6,253150,22984,2.59,842,30.01,No,1165337,Vehicle,Vehicle,4,13.65,Low,Finance Company,2.16,Online,Haryana,Rampur,Urban,3,Done,Approved,,31640.33,1.5,High,4.6
1862,54,Female,Graduate,Pensioner,12,296324,564,0.41,774,29.95,Yes,904335,Home,Home,14,9.35,Low,Finance Company,2.35,Offline,Rajasthan,Haryana District,Rural,1,Done,Approved,,9671.83,0.39,Medium,3.05
1863,46,Male,Graduate,Salaried,28,672361,8283,0.36,809,84.82,No,1266958,Personal,Personal,20,9.87,Low,Government Bank,0.29,Online,Madhya Pradesh,Bikaner,Urban,10,Processing,Rejected,High Existing EMI,12117.5,0.22,Low,1.88
1864,44,Female,Graduate,Salaried,6,304117,7516,1.41,786,79.16,No,1803438,Business,Business,16,17.54,Low,Private Bank,1.36,Online,Haryana,Chittoor,Urban,7,Done,Rejected,Insufficient Employment Length,28092.49,1.11,High,5.93
1865,57,Female,Graduate,Salaried,11,723355,20805,0.38,484,51.57,No,161145,Vehicle,Vehicle,11,10.98,High,Finance Company,1.75,Offline,Assam,Manipur District,Rural,2,Processing,Approved,,2107.9,0.03,Low,0.22
1866,61,Male,Graduate,Self-employed,11,1457675,11089,0.21,811,23.01,No,872628,Business,Business,10,16.31,Low,Government Bank,0.59,Online,Jharkhand,Bhilwara,Urban,18,Processing,Approved,,14786.69,0.12,Low,0.6
1867,34,Male,Graduate,Salaried,23,952140,6824,0.15,571,69.9,No,453231,Agriculture,Agriculture,10,7.07,High,Private Bank,0.82,Online,Chhattisgarh,Jalandhar,Urban,6,Done,Pending,,5278.76,0.07,Low,0.48
1868,41,Female,Non-Graduate,Salaried,6,467212,19957,0.95,839,19.54,No,898284,Business,Business,8,16.47,Low,Finance Company,1.99,Offline,Karnataka,Goa District,Rural,4,Done,Approved,,16893.3,0.43,Medium,1.92
1869,60,Male,Graduate,Self-employed,28,1151277,4060,0.09,600,30.69,No,428347,Personal,Personal,13,9.14,High,Private Bank,1.53,Online,Rajasthan,Madurai,Urban,6,Done,Approved,,4702.1,0.05,Low,0.37
1870,31,Female,Graduate,Pensioner,19,233094,18069,1.02,640,26.04,No,163685,Home,Home,16,10.83,High,Private Bank,1.53,Offline,Jharkhand,Andhra Pradesh District,Rural,4,Processing,Approved,,1797.52,0.09,Low,0.7
1871,50,Male,Graduate,Self-employed,28,1378210,16169,0.17,802,67.94,No,244613,Business,Business,11,12.77,Low,Private Bank,1.49,Online,Kerala,Rajahmundry,Urban,8,Done,Rejected,High Loan Amount Request,3458.19,0.03,Low,0.18
1872,49,Male,Graduate,Salaried,23,815372,7876,0.19,783,13.59,No,351193,Vehicle,Vehicle,19,16.54,Low,Government Bank,0.3,Online,Kerala,Allahabad,Urban,20,Done,Pending,,5063.97,0.07,Low,0.43
1873,57,Female,Graduate,Salaried,22,866598,1161,0.11,636,42.05,Yes,199767,Vehicle,Vehicle,3,12.9,High,Government Bank,0.58,Online,Telangana,Raichur,Urban,17,Processing,Approved,,6721.32,0.09,Low,0.23
1874,61,Female,Graduate,Salaried,6,310218,23995,2.53,798,72.77,No,1225719,Vehicle,Vehicle,3,13.24,Low,Private Bank,0.9,Online,Gujarat,Gandhidham,Urban,5,Processing,Approved,,41441.15,1.6,High,3.95
1875,31,Male,Graduate,Salaried,21,812339,2730,0.09,462,47.12,No,213218,Education,Education,8,8.95,High,Private Bank,1.52,Online,Maharashtra,Karimnagar,Urban,9,Done,Approved,,3118.16,0.05,Low,0.26
1876,25,Female,Graduate,Salaried,28,431387,130,0.21,792,63.79,No,616513,Personal,Personal,12,10.31,Low,Government Bank,0.35,Online,Maharashtra,Vijayawada,Urban,12,Done,Approved,,7478.64,0.21,Low,1.43
1877,36,Female,Graduate,Salaried,21,836847,17107,0.3,629,61.35,No,404787,Education,Education,13,6.17,High,Finance Company,2.17,Online,Gujarat,Nanded,Urban,4,Done,Approved,,3779.4,0.05,Low,0.48
1878,54,Female,Graduate,Salaried,14,969952,15917,0.59,668,71.41,No,1166970,Appliances,Appliances,4,13.61,Medium,Finance Company,1.8,Online,Maharashtra,Junagadh,Urban,6,Processing,Pending,,31661.35,0.39,Medium,1.2
1879,61,Male,Graduate,Salaried,28,440143,12088,0.35,476,49.7,No,102668,Education,Education,17,5.08,High,Government Bank,0.6,Online,Gujarat,Kollam,Urban,19,Done,Approved,,752.49,0.02,Low,0.23
1880,41,Female,Graduate,Salaried,27,436572,6984,0.28,603,17.05,No,265749,Appliances,Appliances,16,13.06,High,Finance Company,2.95,Online,Bihar,Suryapet,Urban,5,Processing,Pending,,3305.95,0.09,Low,0.61
1881,32,Female,Graduate,Salaried,11,346613,2645,0.24,573,18.63,No,294322,Personal,Personal,9,10,High,Finance Company,2.24,Online,Kerala,Ajmer,Urban,2,Done,Approved,,4143.67,0.14,Low,0.85
1882,56,Male,Graduate,Salaried,23,414674,3711,0.18,717,48.1,No,251720,Education,Education,16,8.5,Medium,Finance Company,2.85,Online,Jharkhand,Korba,Urban,3,Processing,Approved,,2402.64,0.07,Low,0.61
1883,30,Female,Graduate,Salaried,24,970169,9957,0.23,672,26.95,No,963243,Education,Education,16,7.88,Medium,Private Bank,0.98,Offline,Odisha,Assam District,Rural,8,Processing,Approved,,8841.59,0.11,Low,0.99
1884,31,Female,Graduate,Salaried,10,671784,23945,0.49,521,43.19,No,414256,Education,Education,14,5.21,High,Government Bank,0.49,Online,Karnataka,Rohtak,Urban,19,Done,Approved,,3478.57,0.06,Low,0.62
1885,27,Female,Graduate,Self-employed,8,1349439,12842,0.29,543,84.09,No,428181,Education,Education,2,8.14,High,Private Bank,1.25,Online,Kerala,Surat,Urban,6,Done,Approved,,19392.82,0.17,Low,0.32
1886,41,Male,Graduate,Salaried,22,841544,18020,0.32,702,46.78,No,319691,Vehicle,Vehicle,11,13.78,Medium,Finance Company,2.66,Online,Delhi,Ballia,Urban,4,Processing,Rejected,Insufficient Employment Length,4715.86,0.07,Low,0.38
1887,43,Male,Graduate,Self-employed,27,784520,20313,0.34,523,87.01,No,134467,Education,Education,8,8.56,High,Private Bank,1.27,Online,Telangana,Alwar,Urban,8,Processing,Pending,,1939.41,0.03,Low,0.17
1888,33,Female,Non-Graduate,Self-employed,5,1359920,6347,0.18,644,37.26,No,1002190,Vehicle,Vehicle,11,11.89,Medium,Finance Company,1.94,Offline,Karnataka,Arunachal Pradesh District,Rural,2,Done,Rejected,Low CIBIL Score,13642.65,0.12,Low,0.74
1889,41,Male,Non-Graduate,Salaried,20,672730,17145,0.37,702,15.54,No,313333,Personal,Personal,18,11.03,Medium,Private Bank,1.52,Offline,Chhattisgarh,Gujarat District,Rural,6,Processing,Pending,,3343.37,0.06,Low,0.47
1890,61,Female,Graduate,Salaried,13,557855,9457,2.62,788,19.42,No,2385669,Vehicle,Vehicle,2,12.08,Low,Government Bank,0.73,Online,Tamil Nadu,Guntakal,Urban,21,Processing,Approved,,112390.87,2.42,High,4.28
1891,55,Male,Graduate,Self-employed,26,1231472,2410,0.18,826,19.71,No,672375,Education,Education,4,7.22,Low,Government Bank,0.56,Online,Karnataka,Raiganj,Urban,17,Processing,Pending,,16169.57,0.16,Low,0.55
1892,35,Female,Graduate,Salaried,16,998677,10126,0.3,735,68.8,No,837015,Appliances,Appliances,7,11.99,Medium,Private Bank,0.9,Online,Haryana,Thanjavur,Urban,4,Done,Approved,,14771.13,0.18,Low,0.84
1893,46,Male,Graduate,Salaried,13,320550,17218,0.84,469,88.72,No,234381,Personal,Personal,5,12.15,High,Private Bank,1.51,Online,Haryana,Nadiad,Urban,9,Done,Approved,,5231.46,0.2,Low,0.73
1894,27,Male,Graduate,Salaried,27,337446,14462,1.6,806,65.44,No,2311788,Education,Education,8,6.04,Low,Finance Company,1.64,Offline,Haryana,Karnataka District,Rural,4,Done,Rejected,Previous Loan Default,30425.25,1.08,High,6.85
1895,60,Male,Graduate,Salaried,18,932473,15088,0.26,488,67.86,No,406150,Education,Education,9,7.8,High,Private Bank,0.72,Offline,Chhattisgarh,Assam District,Rural,9,Processing,Approved,,5245.54,0.07,Low,0.44
1896,36,Male,Graduate,Salaried,19,734845,12602,0.29,526,22.47,No,389404,Business,Business,14,14.43,High,Finance Company,2.74,Online,Chhattisgarh,Panvel,Urban,1,Done,Approved,,5408.62,0.09,Low,0.53
1897,44,Male,Graduate,Self-employed,24,1887584,11945,0.13,808,40.89,No,1159090,Education,Education,19,5.19,Low,Government Bank,0.37,Online,Chhattisgarh,Jalgaon,Urban,12,Done,Approved,,8005.82,0.05,Low,0.61
1898,42,Male,Graduate,Salaried,27,493022,10038,0.38,645,21.94,No,347023,Appliances,Appliances,11,15.35,Medium,Government Bank,0.42,Online,Maharashtra,Raipur,Urban,17,Done,Approved,,5458.59,0.13,Low,0.7
1899,35,Female,Graduate,Salaried,23,497339,5346,0.21,461,43.23,No,306691,Home,Home,18,10.87,High,Finance Company,2.13,Online,Delhi,Gorakhpur,Urban,5,Done,Rejected,High Existing EMI,3240.11,0.08,Low,0.62
1900,49,Female,Graduate,Self-employed,18,778574,11234,0.76,671,33.52,No,854636,Agriculture,Agriculture,2,6.46,Medium,Private Bank,0.83,Online,Assam,Dhanbad,Urban,6,Processing,Pending,,38055.38,0.59,High,1.1
1901,34,Male,Graduate,Self-employed,23,564137,24767,0.55,603,10.82,No,89452,Business,Business,19,16.95,High,Government Bank,0.73,Online,Chhattisgarh,Durg,Urban,13,Processing,Approved,,1317.32,0.03,Low,0.16
1902,59,Male,Non-Graduate,Salaried,26,635238,17741,0.56,556,65.01,No,259155,Education,Education,2,8.06,High,Finance Company,1.85,Offline,Assam,Goa District,Rural,5,Processing,Pending,,11727.97,0.22,Low,0.41
1903,40,Female,Graduate,Salaried,25,874373,3264,0.24,787,82.5,No,1311026,Vehicle,Vehicle,15,10.46,Low,Finance Company,2.68,Online,Odisha,Gurgaon,Urban,2,Done,Approved,,14459.57,0.2,Low,1.5
1904,51,Female,Graduate,Salaried,6,820895,21164,0.43,480,77.6,No,324329,Appliances,Appliances,4,12.16,High,Finance Company,2.43,Online,Rajasthan,Yamunanagar,Urban,5,Done,Approved,,8566.33,0.13,Low,0.4
1905,32,Female,Non-Graduate,Salaried,21,519101,4646,0.26,827,86.72,Yes,869255,Agriculture,Agriculture,19,6.82,Low,Finance Company,2.1,Offline,Madhya Pradesh,West Bengal District,Rural,4,Processing,Approved,,6811.2,0.16,Low,1.67
1906,28,Female,Graduate,Salaried,26,637748,6053,0.2,458,80.19,No,443855,Personal,Personal,17,10.44,High,Finance Company,2.03,Online,Kerala,Mehsana,Urban,4,Done,Approved,,4657.08,0.09,Low,0.7
1907,56,Female,Graduate,Salaried,25,453612,17988,0.49,565,69.1,No,57302,Personal,Personal,17,10.42,High,Government Bank,0.49,Online,Kerala,Phusro,Urban,21,Done,Approved,,600.5,0.02,Low,0.13
1908,32,Male,Graduate,Salaried,16,615072,13478,0.35,674,48.79,No,389667,Appliances,Appliances,20,11.98,Medium,Government Bank,0.53,Online,Odisha,Miryalaguda,Urban,21,Done,Pending,,4285.14,0.08,Low,0.63
1909,44,Male,Non-Graduate,Salaried,12,994227,11239,0.19,553,67.34,Yes,446154,Appliances,Appliances,18,10.47,High,Private Bank,1.45,Offline,Maharashtra,Tripura District,Rural,3,Done,Approved,,4596.6,0.06,Low,0.45
1910,36,Male,Graduate,Salaried,16,624436,3881,0.22,708,67.44,No,694024,Education,Education,12,8.06,Medium,Government Bank,0.48,Offline,Uttar Pradesh,Odisha District,Rural,12,Processing,Approved,,7535.33,0.14,Low,1.11
1911,28,Male,Non-Graduate,Pensioner,10,276958,22483,1.32,760,45.7,No,693748,Home,Home,20,12.89,Medium,Government Bank,0.65,Offline,Maharashtra,Nagaland District,Rural,10,Processing,Approved,,8073.48,0.35,Medium,2.5
1912,54,Male,Non-Graduate,Salaried,18,542974,23677,1.41,778,35.32,No,2481342,Business,Business,14,17.87,Low,Finance Company,2.22,Offline,Kerala,Assam District,Rural,1,Done,Approved,,40316.22,0.89,High,4.57
1913,40,Female,Graduate,Salaried,15,870286,832,0.23,726,31.03,No,592153,Appliances,Appliances,4,12.88,Medium,Finance Company,2,Online,Karnataka,Shivpuri,Urban,1,Processing,Pending,,15850.74,0.22,Low,0.68
1914,36,Male,Non-Graduate,Salaried,13,893307,14896,0.34,530,17.31,No,376161,Appliances,Appliances,4,16.25,High,Government Bank,0.68,Offline,Madhya Pradesh,Uttarakhand District,Rural,20,Processing,Approved,,10708.73,0.14,Low,0.42
1915,57,Male,Graduate,Salaried,26,549391,13157,0.64,469,11,No,336169,Home,Home,2,12.79,High,Private Bank,0.96,Online,Uttar Pradesh,Solapur,Urban,6,Done,Approved,,15948.95,0.35,Medium,0.61
1916,34,Male,Graduate,Salaried,22,549039,21693,0.49,479,37.16,No,104829,Education,Education,16,5.67,High,Finance Company,2.58,Online,Gujarat,Belgaum,Urban,5,Processing,Rejected,Previous Loan Default,831.79,0.02,Low,0.19
1917,45,Male,Non-Graduate,Salaried,16,851531,16002,0.7,781,21.29,No,2202013,Vehicle,Vehicle,11,14.86,Low,Government Bank,0.35,Offline,Gujarat,Madhya Pradesh District,Rural,17,Processing,Rejected,Previous Loan Default,33957.9,0.48,High,2.59
1918,60,Male,Graduate,Salaried,16,583532,11190,1.03,779,74.37,No,1392933,Business,Business,4,14.87,Low,Finance Company,1.88,Offline,Bihar,Arunachal Pradesh District,Rural,5,Processing,Approved,,38674.64,0.8,High,2.39
1919,36,Male,Graduate,Salaried,13,743065,1406,0.48,773,63.99,No,621587,Agriculture,Agriculture,2,7.94,Low,Private Bank,0.83,Online,Gujarat,Pune,Urban,5,Done,Approved,,28095.69,0.45,High,0.84
1920,42,Male,Graduate,Salaried,25,304478,132,0.74,817,22.02,Yes,2368904,Education,Education,17,6,Low,Finance Company,1.87,Offline,Maharashtra,Chhattisgarh District,Rural,5,Processing,Approved,,18550.91,0.73,High,7.78
1921,37,Female,Graduate,Pensioner,14,440480,2080,0.11,520,85.68,No,205000,Home,Home,20,10.6,High,Private Bank,1.12,Online,Madhya Pradesh,Nashik,Urban,5,Processing,Approved,,2060.47,0.06,Low,0.47
1922,39,Female,Graduate,Pensioner,28,327203,14252,0.75,825,43.22,No,656751,Agriculture,Agriculture,12,5.23,Low,Private Bank,0.83,Online,Kerala,Amaravati,Urban,8,Processing,Approved,,6150.28,0.23,Low,2.01
1923,46,Male,Graduate,Self-employed,18,1528454,1219,0.02,639,21.49,No,92859,Agriculture,Agriculture,11,6.36,High,Government Bank,0.32,Online,West Bengal,Jalandhar,Urban,22,Done,Pending,,979.8,0.01,Low,0.06
1924,62,Male,Graduate,Salaried,5,551795,4669,0.32,820,63.18,No,1130548,Agriculture,Agriculture,20,8.6,Low,Government Bank,0.51,Online,Assam,Bhiwani,Urban,16,Done,Rejected,High Existing EMI,9882.83,0.21,Low,2.05
1925,37,Male,Graduate,Self-employed,14,1447291,24300,0.29,718,85.84,No,769574,Education,Education,7,5.68,Medium,Private Bank,0.93,Online,Haryana,Morbi,Urban,5,Processing,Approved,,11124.68,0.09,Low,0.53
1926,50,Male,Graduate,Salaried,21,782158,9025,0.25,557,84.94,No,227672,Home,Home,3,9.96,High,Finance Company,1.88,Offline,Chhattisgarh,Telangana District,Rural,5,Done,Approved,,7342.06,0.11,Low,0.29
1927,32,Male,Graduate,Self-employed,12,1066216,19979,0.26,664,66.22,No,364847,Education,Education,12,5.03,Medium,Government Bank,0.27,Online,Chhattisgarh,Kamarhati,Urban,14,Done,Pending,,3379.93,0.04,Low,0.34
1928,40,Female,Non-Graduate,Salaried,25,691977,21523,0.45,603,58.65,No,233074,Personal,Personal,6,11.13,High,Private Bank,1.42,Offline,Odisha,Telangana District,Rural,8,Processing,Approved,,4451.88,0.08,Low,0.34
1929,48,Male,Graduate,Salaried,11,535036,5073,0.36,748,65.96,No,623056,Education,Education,6,8.12,Medium,Finance Company,2.04,Offline,Delhi,Maharashtra District,Rural,3,Processing,Approved,,10960.73,0.25,Low,1.16
1930,45,Male,Graduate,Self-employed,15,1156782,4278,0.11,739,17.42,Yes,414025,Vehicle,Vehicle,15,17.22,Medium,Private Bank,1.06,Offline,Jharkhand,Tripura District,Rural,4,Processing,Approved,,6436.53,0.07,Low,0.36
1931,57,Male,Non-Graduate,Self-employed,17,1109011,8792,0.22,598,24.79,No,232590,Appliances,Appliances,2,14.99,High,Finance Company,1.88,Offline,Uttar Pradesh,Tamil Nadu District,Rural,3,Processing,Approved,,11276.4,0.12,Low,0.21
1932,48,Male,Non-Graduate,Salaried,6,354196,2870,0.14,502,84.81,No,63899,Vehicle,Vehicle,6,15.69,High,Private Bank,0.86,Offline,Haryana,Arunachal Pradesh District,Rural,7,Done,Pending,,1375.2,0.05,Low,0.18
1933,46,Female,Graduate,Salaried,16,872421,7956,0.35,843,75.55,No,1573978,Appliances,Appliances,14,10.03,Low,Private Bank,0.99,Online,Haryana,Siliguri,Urban,5,Processing,Approved,,17471.24,0.24,Low,1.8
1934,39,Male,Graduate,Self-employed,28,1026393,21299,0.39,848,33.18,No,996130,Education,Education,9,5.76,Low,Finance Company,2.25,Offline,Rajasthan,Jharkhand District,Rural,2,Processing,Pending,,11841.41,0.14,Low,0.97
1935,49,Female,Non-Graduate,Salaried,29,340867,11910,0.97,754,45.55,No,911084,Vehicle,Vehicle,10,16.59,Medium,Private Bank,0.76,Offline,Uttar Pradesh,Chhattisgarh District,Rural,8,Done,Rejected,Low CIBIL Score,15598.52,0.55,High,2.67
1936,39,Male,Non-Graduate,Salaried,8,515437,3842,0.38,705,42.26,No,818073,Business,Business,11,14.37,Medium,Finance Company,1.62,Offline,Rajasthan,Chhattisgarh District,Rural,1,Done,Approved,,12365.67,0.29,Low,1.59
1937,42,Female,Graduate,Salaried,9,712757,1303,0.25,711,42.36,No,299954,Education,Education,2,5.87,Medium,Finance Company,2.63,Online,Tamil Nadu,Vijayawada,Urban,5,Processing,Approved,,13276.58,0.22,Low,0.42
1938,36,Male,Graduate,Salaried,23,703385,13879,0.37,484,44.05,No,374115,Education,Education,5,8.26,High,Private Bank,1.1,Offline,Delhi,Bihar District,Rural,6,Done,Approved,,7632.34,0.13,Low,0.53
1939,60,Male,Graduate,Self-employed,23,808811,1968,0.21,650,60.07,Yes,1088808,Personal,Personal,14,9.71,Medium,Government Bank,0.36,Online,Telangana,Cuttack,Urban,15,Done,Approved,,11877.26,0.18,Low,1.35
1940,25,Female,Graduate,Salaried,21,685617,16920,0.37,608,25.72,No,263881,Vehicle,Vehicle,17,17.86,High,Finance Company,2.82,Offline,Haryana,Goa District,Rural,4,Processing,Approved,,4130.24,0.07,Low,0.38
1941,44,Male,Graduate,Pensioner,6,313124,24482,3.04,815,53.39,No,1748131,Education,Education,3,7.93,Low,Government Bank,0.6,Online,Odisha,Mehsana,Urban,10,Done,Approved,,54723.64,2.1,High,5.58
1942,42,Male,Graduate,Salaried,6,836547,12886,0.32,828,52.25,No,763466,Education,Education,10,7.85,Low,Government Bank,0.41,Online,Assam,Mira-Bhayandar,Urban,21,Processing,Approved,,9202.55,0.13,Low,0.91
1943,56,Male,Graduate,Salaried,22,746184,7339,0.49,654,32.98,No,647397,Vehicle,Vehicle,3,17.15,Medium,Private Bank,1.37,Online,Jharkhand,Jamnagar,Urban,5,Processing,Pending,,23129.83,0.37,Medium,0.87
1944,62,Female,Graduate,Salaried,6,692125,18258,0.42,535,58.93,No,422464,Agriculture,Agriculture,8,7.64,High,Finance Company,1.86,Online,Maharashtra,Nagaon,Urban,4,Done,Approved,,5895.23,0.1,Low,0.61
1945,43,Male,Graduate,Salaried,9,583649,6838,0.17,484,43.75,No,117322,Appliances,Appliances,15,13.35,High,Finance Company,2.39,Online,Bihar,Warangal,Urban,4,Processing,Approved,,1511.53,0.03,Low,0.2
1946,50,Male,Graduate,Salaried,29,865976,1304,0.12,609,53.52,No,466320,Education,Education,7,7.79,High,Private Bank,1.42,Online,Tamil Nadu,Guwahati,Urban,6,Done,Rejected,Low Income,7219.47,0.1,Low,0.54
1947,58,Male,Graduate,Self-employed,18,1606751,14151,0.15,821,39.58,No,821763,Agriculture,Agriculture,16,5.51,Low,Private Bank,0.83,Online,Punjab,Mysore,Urban,6,Done,Pending,,6449.54,0.05,Low,0.51
1948,39,Male,Graduate,Self-employed,5,772277,17441,0.3,582,45.92,Yes,160816,Education,Education,13,7.33,High,Government Bank,0.45,Online,Punjab,Deoghar,Urban,21,Processing,Rejected,Insufficient Employment Length,1601.8,0.02,Low,0.21
1949,37,Male,Graduate,Salaried,5,353686,2616,0.3,659,42.13,No,722135,Agriculture,Agriculture,14,5.51,Medium,Finance Company,2.43,Online,Kerala,Secunderabad,Urban,4,Done,Approved,,6176.78,0.21,Low,2.04
1950,30,Male,Graduate,Salaried,26,480829,14549,0.39,482,49.09,No,93859,Education,Education,16,8.29,High,Private Bank,1.18,Offline,Assam,Rajasthan District,Rural,9,Done,Rejected,High Existing EMI,884.17,0.02,Low,0.2
1951,30,Male,Graduate,Salaried,27,386994,14819,1.6,816,47.14,No,734683,Vehicle,Vehicle,2,17.97,Low,Finance Company,1.71,Online,Jharkhand,Madanapalle,Urban,5,Processing,Rejected,Insufficient Employment Length,36667.74,1.14,High,1.9
1952,33,Female,Graduate,Salaried,27,870223,16366,0.81,817,49.31,No,2147917,Vehicle,Vehicle,6,12.12,Low,Government Bank,0.78,Online,Jharkhand,Morena,Urban,20,Done,Approved,,42126.35,0.58,High,2.47
1953,38,Male,Graduate,Salaried,28,588604,19863,0.55,537,46.72,No,148786,Vehicle,Vehicle,2,14.76,High,Government Bank,0.45,Online,Odisha,Imphal,Urban,22,Done,Approved,,7197.18,0.15,Low,0.25
1954,28,Male,Graduate,Salaried,8,984524,18294,0.24,637,40.36,No,112368,Home,Home,18,11.59,High,Private Bank,1.55,Online,Jharkhand,Jamnagar,Urban,7,Done,Pending,,1240.91,0.02,Low,0.11
1955,35,Female,Graduate,Self-employed,27,1578994,5617,0.06,601,45.09,No,70030,Education,Education,4,7.09,High,Private Bank,0.94,Online,Chhattisgarh,Siwan,Urban,9,Processing,Approved,,1679.88,0.01,Low,0.04
1956,57,Female,Graduate,Salaried,7,453231,10173,0.32,630,14.2,No,184062,Business,Business,15,10.19,High,Private Bank,1.26,Online,Karnataka,Etawah,Urban,9,Processing,Approved,,1999.39,0.05,Low,0.41
1957,29,Male,Graduate,Salaried,11,666598,18789,0.42,559,47.49,No,303245,Vehicle,Vehicle,9,11.28,High,Government Bank,0.79,Offline,West Bengal,Madhya Pradesh District,Rural,13,Done,Pending,,4482.29,0.08,Low,0.45
1958,62,Male,Graduate,Salaried,7,654745,8837,0.2,706,78.55,No,160242,Personal,Personal,10,11.74,Medium,Government Bank,0.49,Online,Rajasthan,Katihar,Urban,11,Processing,Approved,,2274.99,0.04,Low,0.24
1959,54,Male,Graduate,Salaried,25,816045,4297,0.2,732,32.99,No,792148,Education,Education,10,6.95,Medium,Private Bank,0.86,Online,Rajasthan,Loni,Urban,5,Done,Approved,,9177.11,0.13,Low,0.97
1960,48,Male,Graduate,Self-employed,14,1089298,13681,0.2,516,57.42,No,263483,Vehicle,Vehicle,13,16.36,High,Finance Company,2.36,Offline,West Bengal,Karnataka District,Rural,6,Done,Rejected,High Loan Amount Request,4086.37,0.05,Low,0.24
1961,35,Male,Graduate,Self-employed,17,1046344,3399,0.07,618,10.63,No,208284,Agriculture,Agriculture,8,8.87,High,Government Bank,0.39,Online,Chhattisgarh,Jaunpur,Urban,20,Done,Approved,,3037.37,0.03,Low,0.2
1962,50,Male,Non-Graduate,Salaried,24,667891,4096,0.12,472,67.72,No,237745,Home,Home,19,10.07,High,Government Bank,0.47,Offline,Assam,Tamil Nadu District,Rural,13,Processing,Approved,,2343.77,0.04,Low,0.36
1963,32,Male,Graduate,Salaried,22,559282,24821,0.8,845,61.87,No,728845,Home,Home,7,11.07,Low,Private Bank,1.45,Offline,Punjab,Uttar Pradesh District,Rural,3,Done,Rejected,Low CIBIL Score,12506.44,0.27,Low,1.3
1964,32,Male,Graduate,Salaried,12,627757,8106,0.27,698,79.07,No,600681,Personal,Personal,15,8.49,Medium,Finance Company,2.68,Online,Punjab,Guwahati,Urban,3,Done,Approved,,5911.62,0.11,Low,0.96
1965,29,Male,Graduate,Salaried,20,834607,20179,0.31,753,43.13,No,100838,Appliances,Appliances,13,15.47,Medium,Finance Company,1.53,Online,Chhattisgarh,Thrissur,Urban,2,Processing,Approved,,1503.85,0.02,Low,0.12
1966,31,Male,Non-Graduate,Salaried,18,310968,1537,2.81,813,56.47,No,1979233,Business,Business,3,17.67,Low,Finance Company,2.93,Offline,Tamil Nadu,Haryana District,Rural,1,Done,Pending,,71226.79,2.75,High,6.36
1967,28,Female,Graduate,Salaried,23,766139,11044,0.22,475,55.01,No,132707,Vehicle,Vehicle,5,11.13,High,Private Bank,0.79,Online,Odisha,Thiruvananthapuram,Urban,5,Done,Approved,,2893.98,0.05,Low,0.17
1968,53,Female,Non-Graduate,Salaried,8,447131,1829,0.36,838,26.4,No,1070843,Agriculture,Agriculture,12,8.29,Low,Private Bank,0.98,Offline,Gujarat,Maharashtra District,Rural,7,Processing,Approved,,11762.32,0.32,Medium,2.39
1969,31,Male,Graduate,Salaried,7,331782,22761,0.86,619,47.59,Yes,92812,Personal,Personal,12,10.38,High,Government Bank,0.64,Online,Assam,Munger,Urban,13,Processing,Rejected,Insufficient Employment Length,1129.65,0.04,Low,0.28
1970,28,Male,Graduate,Salaried,25,881933,15295,0.42,768,45.25,No,1763626,Agriculture,Agriculture,15,6.57,Low,Finance Company,1.51,Online,Delhi,Panvel,Urban,1,Done,Rejected,Previous Loan Default,15431.02,0.21,Low,2
1971,46,Female,Graduate,Self-employed,13,1322821,12182,0.12,520,37.85,No,71188,Vehicle,Vehicle,18,14.99,High,Government Bank,0.71,Online,Uttar Pradesh,Erode,Urban,12,Processing,Approved,,954.61,0.01,Low,0.05
1972,25,Female,Graduate,Salaried,24,583644,6334,0.29,590,61.27,No,177265,Education,Education,2,5.57,High,Finance Company,1.91,Online,Chhattisgarh,Kollam,Urban,5,Done,Approved,,7822.19,0.16,Low,0.3
1973,56,Female,Graduate,Salaried,11,731016,15801,0.47,826,51.76,No,647132,Home,Home,6,12.66,Low,Government Bank,0.72,Online,Telangana,Madanapalle,Urban,13,Processing,Pending,,12874.76,0.21,Low,0.89
1974,62,Female,Graduate,Pensioner,20,389502,5403,0.25,609,88.8,No,261905,Agriculture,Agriculture,11,7.05,High,Private Bank,1.13,Online,Telangana,Satna,Urban,4,Done,Approved,,2857.47,0.09,Low,0.67
1975,57,Female,Graduate,Salaried,8,906236,13440,0.62,834,85.35,No,2295604,Vehicle,Vehicle,17,16.53,Low,Government Bank,0.7,Online,West Bengal,Purnia,Urban,19,Done,Approved,,33689.28,0.45,Medium,2.53
1976,50,Male,Graduate,Self-employed,21,1798659,737,0.05,514,65.8,Yes,357831,Business,Business,8,13.86,High,Private Bank,1.48,Online,Chhattisgarh,Sangli-Miraj & Kupwad,Urban,3,Processing,Approved,,6187.59,0.04,Low,0.2
1977,40,Male,Graduate,Pensioner,18,363899,9727,0.5,491,33.9,No,419322,Business,Business,13,12.94,High,Government Bank,0.69,Online,Punjab,Gurgaon,Urban,17,Processing,Approved,,5566.16,0.18,Low,1.15
1978,49,Female,Non-Graduate,Self-employed,7,1280346,22542,0.41,668,30.43,No,740174,Vehicle,Vehicle,4,15.54,Medium,Private Bank,0.94,Offline,Telangana,Arunachal Pradesh District,Rural,8,Processing,Approved,,20802.77,0.19,Low,0.58
1979,43,Male,Graduate,Salaried,16,520749,16076,0.44,589,65.18,No,231873,Business,Business,10,10.13,High,Government Bank,0.4,Online,Tamil Nadu,Raichur,Urban,15,Done,Approved,,3080.94,0.07,Low,0.45
1980,26,Male,Graduate,Pensioner,21,366830,1441,0.18,768,21.2,No,454091,Agriculture,Agriculture,15,6.45,Low,Private Bank,1.29,Offline,Chhattisgarh,Madhya Pradesh District,Rural,3,Processing,Rejected,High Loan Amount Request,3943.15,0.13,Low,1.24
1981,40,Male,Graduate,Salaried,15,846370,12797,0.23,597,66.09,No,417673,Personal,Personal,20,8.98,High,Private Bank,0.86,Online,Assam,Junagadh,Urban,4,Processing,Approved,,3752.54,0.05,Low,0.49
1982,36,Male,Graduate,Salaried,16,748398,23243,0.49,498,62.62,No,229182,Education,Education,3,8.44,High,Private Bank,1.23,Online,Karnataka,Kakinada,Urban,5,Done,Approved,,7228.34,0.12,Low,0.31
1983,42,Female,Graduate,Self-employed,16,1030563,20593,0.32,662,83.33,No,555707,Home,Home,17,12.92,Medium,Finance Company,2.18,Online,Punjab,South Dumdum,Urban,6,Processing,Rejected,Insufficient Employment Length,6741.66,0.08,Low,0.54
1984,48,Female,Graduate,Salaried,7,391867,15436,0.63,761,27.85,No,438235,Vehicle,Vehicle,17,12.45,Low,Finance Company,2.4,Online,Punjab,Ramagundam,Urban,6,Processing,Approved,,5177.12,0.16,Low,1.12
1985,48,Female,Non-Graduate,Salaried,6,552073,6966,0.31,839,31.43,No,653964,Home,Home,16,11.52,Low,Private Bank,1.08,Offline,Odisha,Assam District,Rural,5,Done,Approved,,7471.28,0.16,Low,1.18
1986,45,Female,Non-Graduate,Salaried,22,769376,7964,0.2,462,87.95,No,460859,Home,Home,19,11.84,High,Government Bank,0.41,Offline,Telangana,Chhattisgarh District,Rural,21,Processing,Approved,,5089.76,0.08,Low,0.6
1987,29,Male,Graduate,Salaried,6,814207,7816,0.14,526,40.85,No,136430,Agriculture,Agriculture,8,7.6,High,Finance Company,2.91,Offline,Odisha,Manipur District,Rural,4,Done,Pending,,1901.05,0.03,Low,0.17
1988,47,Male,Non-Graduate,Salaried,30,653861,16931,0.38,665,37.94,No,116954,Personal,Personal,3,12.24,Medium,Government Bank,0.41,Offline,Rajasthan,Gujarat District,Rural,11,Done,Approved,,3897.97,0.07,Low,0.18
1989,48,Male,Graduate,Salaried,28,320320,24296,1.26,686,66.28,No,599079,Appliances,Appliances,15,17.12,Medium,Government Bank,0.71,Offline,Tamil Nadu,Kerala District,Rural,22,Processing,Approved,,9270.85,0.35,Medium,1.87
1990,26,Male,Non-Graduate,Salaried,10,934870,24293,0.41,530,60.49,No,351854,Business,Business,5,10.37,High,Private Bank,1.1,Offline,Bihar,Gujarat District,Rural,5,Done,Approved,,7540.08,0.1,Low,0.38
1991,50,Female,Graduate,Salaried,19,418016,16157,1.11,816,64.55,No,2437468,Agriculture,Agriculture,15,7.43,Low,Government Bank,0.43,Offline,West Bengal,Mizoram District,Rural,13,Processing,Approved,,22498.78,0.65,High,5.83
1992,38,Male,Graduate,Self-employed,13,823791,19297,0.63,702,70.5,Yes,1019821,Education,Education,4,5.41,Medium,Finance Company,2.22,Online,Chhattisgarh,Ramgarh,Urban,4,Processing,Approved,,23675.64,0.34,Medium,1.24
1993,55,Male,Non-Graduate,Salaried,26,626582,12411,0.81,701,35.02,No,624548,Vehicle,Vehicle,2,14.39,Medium,Private Bank,1.15,Offline,Uttar Pradesh,Andhra Pradesh District,Rural,9,Done,Approved,,30101.55,0.58,High,1
1994,39,Female,Graduate,Salaried,19,448065,7791,0.31,534,20.52,No,295875,Business,Business,18,13.44,High,Government Bank,0.57,Online,Punjab,South Dumdum,Urban,14,Done,Approved,,3642.33,0.1,Low,0.66
1995,35,Female,Graduate,Salaried,7,508944,18608,0.54,624,28.88,No,470524,Agriculture,Agriculture,17,7.91,High,Private Bank,1.52,Online,Punjab,Farrukhabad,Urban,8,Processing,Approved,,4201.32,0.1,Low,0.92
1996,25,Male,Graduate,Salaried,24,523690,21418,0.56,459,12.38,No,279107,Agriculture,Agriculture,11,6.25,High,Government Bank,0.78,Online,Assam,Udaipur,Urban,16,Done,Pending,,2929.21,0.07,Low,0.53
1997,51,Male,Graduate,Salaried,23,471118,10609,0.33,786,34.99,No,315235,Agriculture,Agriculture,16,5.5,Low,Finance Company,2.3,Online,Madhya Pradesh,Alappuzha,Urban,4,Done,Approved,,2472.4,0.06,Low,0.67
1998,25,Female,Non-Graduate,Salaried,17,750640,5035,0.14,659,76.89,No,311087,Education,Education,10,7.91,Medium,Private Bank,1.24,Offline,Kerala,Andhra Pradesh District,Rural,5,Done,Rejected,Previous Loan Default,3759.57,0.06,Low,0.41
1999,43,Female,Graduate,Salaried,10,639019,1661,0.06,482,82.48,No,146222,Agriculture,Agriculture,12,6.32,High,Finance Company,2.56,Offline,Bihar,Uttar Pradesh District,Rural,5,Done,Approved,,1451.24,0.03,Low,0.23
2000,54,Female,Non-Graduate,Salaried,6,679031,19972,0.4,542,82.23,Yes,121129,Appliances,Appliances,6,16.76,High,Finance Company,2,Offline,Telangana,Odisha District,Rural,2,Done,Approved,,2678.46,0.05,Low,0.18
2001,48,Male,Graduate,Self-employed,16,1623659,20705,0.45,560,40.2,No,2821883,Appliances,Appliances,14,15.29,High,Private Bank,1.44,Offline,Karnataka,Nagaland District,Rural,4,Done,Pending,,40820.71,0.3,Medium,1.74
2002,55,Female,Non-Graduate,Self-employed,9,1520435,12919,0.55,641,71.05,No,1178627,Personal,Personal,2,14,High,Private Bank,1.02,Offline,Gujarat,Bihar District,Rural,8,Processing,Pending,,56589.28,0.45,Medium,0.78
2003,46,Male,Graduate,Salaried,23,432913,15037,0.58,576,80.29,No,396433,Business,Business,15,16.33,High,Finance Company,1.83,Online,Karnataka,Dhanbad,Urban,4,Done,Rejected,High Existing EMI,5913.88,0.16,Low,0.92
2004,35,Male,Graduate,Salaried,19,655553,8817,0.34,622,14.18,Yes,441737,Business,Business,5,12.67,High,Government Bank,0.61,Online,Punjab,Jammu,Urban,14,Processing,Rejected,High Loan Amount Request,9976.41,0.18,Low,0.67
2005,36,Female,Graduate,Salaried,26,650376,14837,0.44,709,30.81,No,969413,Home,Home,19,9.49,Medium,Government Bank,0.68,Online,Kerala,Tiruchirappalli,Urban,17,Processing,Approved,,9191.94,0.17,Low,1.49
2006,39,Male,Graduate,Salaried,14,612265,5951,0.25,771,11.77,No,914139,Business,Business,20,6.11,Low,Finance Company,2.39,Offline,Tamil Nadu,Uttarakhand District,Rural,2,Done,Approved,,6607.32,0.13,Low,1.49
2007,48,Male,Graduate,Salaried,28,504688,9028,0.34,538,77.09,No,337982,Education,Education,9,12.87,High,Government Bank,0.59,Online,Madhya Pradesh,Tirupati,Urban,16,Processing,Pending,,5299.21,0.13,Low,0.67
2008,35,Female,Graduate,Salaried,24,630924,18109,0.43,757,26.15,No,518981,Education,Education,17,8.07,Medium,Government Bank,0.37,Offline,Delhi,Nagaland District,Rural,20,Processing,Approved,,4683.45,0.09,Low,0.82
2009,43,Male,Graduate,Self-employed,23,1919698,8921,0.35,712,16.35,No,1761124,Personal,Personal,4,12.94,Medium,Finance Company,2.23,Online,Punjab,Mehsana,Urban,4,Processing,Approved,,47194.12,0.3,Low,0.92
2010,36,Male,Graduate,Salaried,5,891820,1030,0.07,720,53.74,No,334165,Vehicle,Vehicle,9,8.54,Medium,Government Bank,0.59,Offline,Gujarat,Mizoram District,Rural,14,Processing,Pending,,4444.5,0.06,Low,0.37
2011,59,Male,Graduate,Salaried,8,757463,15211,0.46,821,84.97,No,1019245,Appliances,Appliances,8,7.38,Low,Finance Company,2.7,Online,Punjab,Anantapur,Urban,1,Processing,Approved,,14089.63,0.22,Low,1.35
2012,50,Male,Graduate,Self-employed,18,1987524,19779,0.24,668,85.28,No,1163231,Business,Business,8,12.57,Medium,Government Bank,0.62,Online,Tamil Nadu,Avadi,Urban,20,Done,Pending,,19272,0.12,Low,0.59
2013,55,Male,Non-Graduate,Self-employed,6,901861,20514,0.39,524,86.62,Yes,559073,Business,Business,9,12.73,High,Private Bank,1.21,Offline,Delhi,Mizoram District,Rural,5,Done,Pending,,8720.86,0.12,Low,0.62
2014,58,Male,Graduate,Salaried,21,412720,15550,0.53,824,67.84,No,340529,Appliances,Appliances,15,5.16,Low,Government Bank,0.77,Offline,Delhi,Bihar District,Rural,15,Processing,Approved,,2721.35,0.08,Low,0.83
2015,37,Male,Non-Graduate,Self-employed,16,1260281,2685,0.09,696,70.41,No,577736,Agriculture,Agriculture,12,9.77,Medium,Government Bank,0.47,Offline,Telangana,Manipur District,Rural,22,Processing,Approved,,6827.85,0.07,Low,0.46
2016,29,Male,Graduate,Salaried,24,687207,22835,0.62,826,61.54,No,981570,Personal,Personal,9,8.04,Low,Government Bank,0.38,Online,Gujarat,Bareilly,Urban,19,Done,Approved,,12799.14,0.22,Low,1.43
2017,28,Male,Graduate,Salaried,27,701459,16376,0.49,702,83.88,No,1065088,Education,Education,13,10.12,Medium,Private Bank,0.96,Online,Tamil Nadu,Loni,Urban,6,Done,Approved,,12301.03,0.21,Low,1.52
2018,45,Male,Graduate,Salaried,24,975991,21476,0.33,812,39.33,No,637351,Appliances,Appliances,18,6.84,Low,Private Bank,1.24,Online,Uttar Pradesh,Gurgaon,Urban,8,Done,Approved,,5138.21,0.06,Low,0.65
2019,29,Male,Graduate,Salaried,8,560337,14742,0.37,678,35.08,No,225652,Personal,Personal,14,9.59,Medium,Private Bank,0.94,Online,Maharashtra,Ghaziabad,Urban,6,Done,Approved,,2445.41,0.05,Low,0.4
2020,60,Male,Non-Graduate,Salaried,27,986574,18247,0.35,771,11.16,No,1186990,Education,Education,16,7.92,Low,Government Bank,0.61,Offline,Telangana,Maharashtra District,Rural,21,Done,Approved,,10923.13,0.13,Low,1.2
2021,46,Male,Graduate,Self-employed,21,1500858,11057,0.22,832,16.66,No,1860395,Appliances,Appliances,14,5.73,Low,Private Bank,1.59,Online,West Bengal,Bangalore,Urban,6,Processing,Approved,,16128.1,0.13,Low,1.24
2022,31,Female,Non-Graduate,Pensioner,29,386060,11206,0.38,583,76.15,No,76200,Vehicle,Vehicle,15,13.09,High,Government Bank,0.73,Offline,Tamil Nadu,Kerala District,Rural,13,Done,Pending,,968.63,0.03,Low,0.2
2023,50,Female,Graduate,Salaried,15,778260,11540,0.33,733,69.96,No,897927,Business,Business,15,10.93,Medium,Private Bank,0.89,Online,Gujarat,Chittoor,Urban,5,Processing,Approved,,10166.38,0.16,Low,1.15
2024,60,Female,Graduate,Salaried,11,503558,12615,0.4,506,23.02,No,85833,Personal,Personal,2,14.29,High,Government Bank,0.48,Online,Uttar Pradesh,Maheshtala,Urban,19,Processing,Rejected,High Loan Amount Request,4132.86,0.1,Low,0.17
2025,54,Male,Graduate,Salaried,29,981843,20595,0.56,673,66.44,Yes,977355,Personal,Personal,4,11.09,Medium,Private Bank,1.21,Online,Kerala,Buxar,Urban,8,Processing,Approved,,25302.99,0.31,Medium,1
2026,34,Female,Graduate,Self-employed,12,1716172,17550,0.22,638,13.38,No,866199,Personal,Personal,9,12.93,High,Private Bank,1.3,Online,Rajasthan,Kamarhati,Urban,9,Processing,Pending,,13610.91,0.1,Low,0.5
2027,54,Female,Non-Graduate,Salaried,12,417204,1943,0.31,561,51.38,No,260306,Education,Education,3,12.34,High,Finance Company,2.92,Offline,Telangana,Mizoram District,Rural,5,Processing,Rejected,Previous Loan Default,8688.22,0.25,Low,0.62
2028,51,Male,Graduate,Salaried,17,594312,23984,0.55,575,75.19,No,196204,Home,Home,19,17.93,High,Finance Company,1.58,Online,Tamil Nadu,Jhansi,Urban,5,Processing,Pending,,3034.79,0.06,Low,0.33
2029,52,Male,Graduate,Self-employed,12,1086020,6945,0.15,739,37.46,No,658387,Appliances,Appliances,15,8.53,Medium,Finance Company,2.96,Offline,Madhya Pradesh,Punjab District,Rural,1,Done,Approved,,6494.98,0.07,Low,0.61
2030,58,Male,Non-Graduate,Salaried,21,614304,3728,0.32,633,73.53,No,875536,Vehicle,Vehicle,18,16.43,High,Private Bank,1.29,Offline,Madhya Pradesh,Telangana District,Rural,7,Done,Pending,,12658.53,0.25,Low,1.43
2031,26,Male,Graduate,Self-employed,24,1796225,12347,0.34,831,48.88,No,2005105,Appliances,Appliances,5,5.03,Low,Government Bank,0.69,Offline,Maharashtra,Chhattisgarh District,Rural,16,Done,Approved,,37866.37,0.25,Low,1.12
2032,57,Male,Graduate,Self-employed,20,1606771,9108,0.2,791,70.5,No,2346053,Home,Home,17,5.46,Low,Government Bank,0.71,Online,Uttar Pradesh,Berhampur,Urban,20,Processing,Approved,,17675.94,0.13,Low,1.46
2033,47,Male,Graduate,Salaried,13,978574,4083,0.12,513,54.31,No,286156,Appliances,Appliances,7,16.82,High,Finance Company,1.72,Online,Rajasthan,Ongole,Urban,5,Processing,Pending,,5818.1,0.07,Low,0.29
2034,47,Male,Graduate,Salaried,12,959220,10942,0.21,807,46.73,No,538968,Home,Home,11,5.69,Low,Government Bank,0.58,Online,Maharashtra,Anand,Urban,17,Done,Approved,,5502.69,0.07,Low,0.56
2035,26,Female,Graduate,Salaried,9,639905,16882,0.59,547,63.18,No,822787,Appliances,Appliances,8,14.96,High,Private Bank,1.18,Online,Rajasthan,North Dumdum,Urban,6,Done,Rejected,High Loan Amount Request,14746.21,0.28,Low,1.29
2036,45,Female,Graduate,Self-employed,20,778684,8680,0.31,697,14.85,Yes,900529,Vehicle,Vehicle,14,12.72,Medium,Private Bank,1.38,Online,West Bengal,Madhyamgram,Urban,4,Processing,Pending,,11501.98,0.18,Low,1.16
2037,57,Male,Graduate,Pensioner,16,226088,22885,1.29,701,32.64,No,71271,Business,Business,6,12.78,Medium,Private Bank,1.11,Offline,Madhya Pradesh,Jharkhand District,Rural,6,Done,Approved,,1422.44,0.08,Low,0.32
2038,58,Male,Non-Graduate,Salaried,23,687838,21262,0.4,796,62.88,No,214179,Education,Education,17,7.74,Low,Private Bank,1.54,Offline,Madhya Pradesh,Nagaland District,Rural,6,Processing,Approved,,1890.84,0.03,Low,0.31
2039,60,Male,Graduate,Salaried,23,634982,13241,0.44,570,86.82,No,777252,Appliances,Appliances,14,13.05,High,Government Bank,0.58,Offline,Karnataka,Tamil Nadu District,Rural,18,Done,Rejected,Previous Loan Default,10092.56,0.19,Low,1.22
2040,58,Male,Graduate,Salaried,18,664244,14434,0.43,506,76.98,No,553578,Appliances,Appliances,12,17.88,High,Government Bank,0.53,Offline,Kerala,Jharkhand District,Rural,13,Done,Pending,,9361,0.17,Low,0.83
2041,48,Male,Graduate,Self-employed,13,1946496,12057,0.23,811,36.84,No,1287736,Education,Education,5,5.62,Low,Private Bank,0.84,Online,Kerala,Silchar,Urban,6,Processing,Approved,,24668.64,0.15,Low,0.66
2042,34,Male,Graduate,Salaried,21,733830,9796,0.22,796,37.34,No,356632,Appliances,Appliances,12,5.5,Low,Government Bank,0.51,Online,Bihar,Mango,Urban,16,Processing,Approved,,3388.62,0.06,Low,0.49
2043,56,Female,Graduate,Salaried,30,448785,13740,0.39,699,38.42,No,81951,Home,Home,14,8.4,Medium,Private Bank,1.51,Online,Karnataka,Raurkela Industrial Township,Urban,8,Done,Approved,,831.12,0.02,Low,0.18
2044,57,Male,Graduate,Pensioner,5,293599,22910,1.15,740,59.4,No,373208,Business,Business,10,11.96,Medium,Government Bank,0.6,Online,Maharashtra,Ulhasnagar,Urban,18,Done,Approved,,5345.82,0.22,Low,1.27
2045,48,Female,Graduate,Self-employed,7,789836,7182,0.37,726,10.24,No,1078572,Education,Education,7,8.81,Medium,Finance Company,2.02,Online,Tamil Nadu,Surendranagar Dudhrej,Urban,1,Processing,Pending,,17249.41,0.26,Low,1.37
2046,56,Male,Graduate,Salaried,27,636755,1138,0.06,720,61.02,No,223958,Personal,Personal,20,9.37,Medium,Private Bank,1.43,Online,Bihar,Bardhaman,Urban,6,Processing,Pending,,2068.61,0.04,Low,0.35
2047,25,Male,Non-Graduate,Salaried,26,890003,24148,0.47,636,22.2,No,396102,Personal,Personal,4,12.73,High,Finance Company,2.98,Offline,Tamil Nadu,Chhattisgarh District,Rural,2,Done,Rejected,High Loan Amount Request,10573.42,0.14,Low,0.45
2048,45,Male,Graduate,Salaried,5,823578,16310,0.37,541,55.04,No,711211,Home,Home,19,13.97,High,Private Bank,1.15,Online,Punjab,Satna,Urban,6,Done,Pending,,8916.64,0.13,Low,0.86
2049,61,Male,Graduate,Salaried,14,820549,1292,0.09,639,72.78,No,313058,Personal,Personal,16,17.43,High,Government Bank,0.27,Online,Tamil Nadu,Dewas,Urban,16,Processing,Rejected,Low CIBIL Score,4851.56,0.07,Low,0.38
2050,40,Female,Graduate,Salaried,10,611573,13966,0.45,549,75.01,No,664980,Education,Education,17,15.07,High,Private Bank,1.08,Online,Uttar Pradesh,Ajmer,Urban,4,Processing,Rejected,Low CIBIL Score,9061.45,0.18,Low,1.09
2051,49,Male,Non-Graduate,Salaried,7,536527,17043,0.65,633,57.6,No,252796,Agriculture,Agriculture,2,14.48,High,Private Bank,0.81,Offline,Tamil Nadu,Maharashtra District,Rural,5,Done,Pending,,12194.87,0.27,Low,0.47
2052,47,Male,Graduate,Self-employed,28,1123650,17405,0.27,597,60.73,No,339433,Agriculture,Agriculture,5,14.18,High,Private Bank,1.57,Online,Maharashtra,Bhopal,Urban,7,Done,Pending,,7929.72,0.08,Low,0.3
2053,29,Male,Graduate,Salaried,30,999266,13238,0.29,603,51.78,No,699142,Education,Education,12,15.28,High,Government Bank,0.27,Offline,Delhi,Punjab District,Rural,22,Done,Rejected,Low Income,10619.57,0.13,Low,0.7
2054,49,Male,Graduate,Salaried,7,834928,2870,0.28,649,46.38,No,939555,Education,Education,7,12.04,High,Finance Company,2.74,Offline,Karnataka,Odisha District,Rural,1,Processing,Pending,,16605.82,0.24,Low,1.13
2055,39,Male,Graduate,Pensioner,11,243170,22655,1.21,799,83.16,No,207912,Appliances,Appliances,18,7.76,Low,Government Bank,0.63,Online,West Bengal,Gulbarga,Urban,14,Processing,Approved,,1789.09,0.09,Low,0.86
2056,52,Male,Graduate,Self-employed,8,697649,18535,0.49,593,52.85,No,819901,Personal,Personal,15,12.33,High,Government Bank,0.51,Offline,Gujarat,Uttar Pradesh District,Rural,20,Processing,Pending,,10014.93,0.17,Low,1.18
2057,34,Male,Graduate,Salaried,28,853953,4291,0.14,706,34.49,No,444117,Vehicle,Vehicle,16,12.78,Medium,Private Bank,1.22,Offline,Maharashtra,Goa District,Rural,9,Done,Pending,,5441.69,0.08,Low,0.52
2058,43,Male,Graduate,Salaried,24,945831,24537,0.45,840,69.66,No,1125791,Education,Education,12,5.95,Low,Private Bank,1.14,Online,Gujarat,Kanpur,Urban,8,Processing,Approved,,10956.93,0.14,Low,1.19
2059,33,Male,Graduate,Salaried,22,610300,17495,0.51,765,53.31,No,805853,Vehicle,Vehicle,12,6.91,Low,Finance Company,2.31,Online,West Bengal,Korba,Urban,4,Processing,Approved,,8248.63,0.16,Low,1.32
2060,57,Male,Non-Graduate,Salaried,19,616710,16841,0.55,560,74.82,No,786065,Appliances,Appliances,18,16.69,High,Private Bank,1.42,Offline,Maharashtra,Punjab District,Rural,9,Processing,Pending,,11515.73,0.22,Low,1.27
2061,26,Female,Graduate,Pensioner,21,220777,7613,0.53,752,72.33,No,211227,Education,Education,13,8.09,Medium,Private Bank,1.59,Online,Karnataka,Nandyal,Urban,8,Done,Pending,,2192.75,0.12,Low,0.96
2062,34,Female,Graduate,Salaried,14,823595,13981,0.43,594,27.86,Yes,1133744,Vehicle,Vehicle,20,15.35,High,Finance Company,2.9,Online,Delhi,Jalandhar,Urban,3,Done,Pending,,15223.04,0.22,Low,1.38
2063,56,Male,Non-Graduate,Salaried,28,936553,21007,0.34,788,28.97,No,370547,Personal,Personal,7,5.2,Low,Finance Company,2.51,Offline,Telangana,Punjab District,Rural,3,Processing,Approved,,5272.17,0.07,Low,0.4
2064,29,Male,Graduate,Salaried,27,432328,11176,0.35,762,27.38,No,185966,Appliances,Appliances,19,6.07,Low,Government Bank,0.34,Online,Maharashtra,Ongole,Urban,18,Processing,Approved,,1376.29,0.04,Low,0.43
2065,26,Male,Graduate,Salaried,9,667201,1856,0.17,761,12.67,No,528539,Vehicle,Vehicle,7,5.9,Low,Private Bank,0.99,Online,Gujarat,Chapra,Urban,5,Done,Approved,,7695.88,0.14,Low,0.79
2066,48,Female,Graduate,Salaried,21,410041,4029,0.23,701,34.87,No,380211,Personal,Personal,15,8.56,Medium,Private Bank,1.07,Online,Punjab,Satna,Urban,9,Processing,Approved,,3757.47,0.11,Low,0.93
2067,62,Female,Non-Graduate,Salaried,27,787807,21582,0.4,615,35.64,No,306594,Vehicle,Vehicle,18,16.11,High,Private Bank,1.33,Offline,Karnataka,Meghalaya District,Rural,9,Done,Rejected,High Existing EMI,4360.69,0.07,Low,0.39
2068,43,Male,Graduate,Salaried,23,906022,510,0.56,501,11.15,No,865878,Home,Home,2,15.19,High,Government Bank,0.31,Online,Madhya Pradesh,Ahmedabad,Urban,17,Done,Pending,,42061.73,0.56,High,0.96
2069,27,Male,Graduate,Self-employed,14,1076500,17439,0.29,660,72.23,No,745541,Personal,Personal,12,9.05,Medium,Finance Company,1.87,Online,Gujarat,Singrauli,Urban,1,Done,Approved,,8505.49,0.09,Low,0.69
2070,46,Male,Graduate,Salaried,8,497925,22437,0.56,743,35.17,No,56645,Appliances,Appliances,16,12.54,Medium,Private Bank,1.1,Online,Gujarat,Vadodara,Urban,4,Processing,Pending,,685.02,0.02,Low,0.11
2071,29,Male,Graduate,Salaried,23,770207,14686,1.02,820,20.39,No,1152301,Education,Education,2,5.78,Low,Private Bank,1.29,Online,West Bengal,Fatehpur,Urban,8,Processing,Approved,,50956.53,0.79,High,1.5
2072,40,Male,Graduate,Salaried,8,628744,17631,0.65,735,55.48,No,738939,Vehicle,Vehicle,5,11.46,Medium,Finance Company,2.99,Offline,Madhya Pradesh,Karnataka District,Rural,3,Processing,Pending,,16236.36,0.31,Medium,1.18
2073,36,Male,Graduate,Salaried,19,786500,20374,0.39,763,88.03,No,478149,Business,Business,11,7.09,Low,Finance Company,1.71,Offline,Tamil Nadu,Sikkim District,Rural,3,Done,Approved,,5226.81,0.08,Low,0.61
2074,26,Male,Graduate,Salaried,6,449141,11184,0.44,674,53.02,No,337370,Home,Home,7,9.09,Medium,Private Bank,1.29,Online,Maharashtra,Chennai,Urban,8,Done,Pending,,5443.39,0.15,Low,0.75
2075,27,Male,Graduate,Salaried,27,427107,5157,0.34,795,44.81,No,391107,Personal,Personal,6,8.09,Low,Finance Company,1.66,Online,Madhya Pradesh,Raurkela Industrial Township,Urban,4,Done,Approved,,6874.57,0.19,Low,0.92
2076,44,Female,Graduate,Self-employed,23,1713198,11031,0.34,741,49.53,No,2185704,Education,Education,7,10.83,Medium,Private Bank,1.57,Online,Punjab,Khora ,Urban,8,Processing,Pending,,37229.5,0.26,Low,1.28
2077,47,Male,Graduate,Salaried,23,794663,23315,0.56,775,17.37,No,1130879,Personal,Personal,10,8.45,Low,Finance Company,2.74,Offline,Punjab,Sikkim District,Rural,3,Done,Approved,,13991.06,0.21,Low,1.42
2078,40,Male,Graduate,Salaried,15,827215,11519,0.39,532,82.92,No,1087382,Appliances,Appliances,13,14.57,High,Private Bank,1.13,Online,Rajasthan,Surat,Urban,6,Processing,Pending,,15572.44,0.23,Low,1.31
2079,30,Female,Graduate,Salaried,13,489409,15193,0.71,517,24.5,No,284892,Appliances,Appliances,2,13.84,High,Finance Company,2.04,Online,West Bengal,Bidar,Urban,3,Done,Pending,,13656.96,0.33,Medium,0.58
2080,37,Male,Graduate,Salaried,24,699953,636,0.15,714,15.96,No,744378,Home,Home,13,9.47,Medium,Finance Company,2.82,Online,Madhya Pradesh,Jamnagar,Urban,1,Processing,Pending,,8313.42,0.14,Low,1.06
2081,30,Male,Graduate,Salaried,6,668132,13006,0.41,661,37.64,No,1108912,Vehicle,Vehicle,18,8.31,Medium,Government Bank,0.74,Offline,West Bengal,Himachal Pradesh District,Rural,18,Processing,Pending,,9911.57,0.18,Low,1.66
2082,27,Male,Non-Graduate,Salaried,7,790173,6645,0.33,799,38.05,Yes,1021688,Vehicle,Vehicle,8,8.87,Medium,Government Bank,0.58,Offline,Bihar,Madhya Pradesh District,Rural,18,Done,Pending,,14899.13,0.23,Low,1.29
2083,61,Male,Non-Graduate,Self-employed,21,1234647,6713,0.15,614,65.96,No,524861,Vehicle,Vehicle,13,16.64,High,Finance Company,2.39,Offline,West Bengal,Gujarat District,Rural,5,Done,Rejected,Previous Loan Default,8239.43,0.08,Low,0.43
2084,45,Male,Graduate,Salaried,30,733827,5212,0.27,824,61.3,No,969755,Personal,Personal,9,5.19,Low,Finance Company,2.91,Online,Kerala,Shivpuri,Urban,3,Processing,Approved,,11258.03,0.18,Low,1.32
2085,28,Male,Graduate,Salaried,25,618377,2002,0.28,748,17.05,No,502384,Personal,Personal,4,9.63,Medium,Government Bank,0.26,Offline,Madhya Pradesh,Assam District,Rural,22,Done,Approved,,12652.67,0.25,Low,0.81
2086,51,Female,Non-Graduate,Salaried,18,551088,5527,0.15,768,80.74,No,174732,Business,Business,19,6.93,Low,Government Bank,0.28,Offline,Karnataka,Mizoram District,Rural,22,Done,Approved,,1380.47,0.03,Low,0.32
2087,41,Male,Graduate,Salaried,26,650427,4262,0.31,526,84.06,No,612652,Education,Education,7,17.28,High,Private Bank,0.9,Online,Bihar,Visakhapatnam,Urban,6,Processing,Pending,,12619.37,0.23,Low,0.94
2088,56,Female,Non-Graduate,Salaried,10,796994,20792,0.44,583,50.34,No,628474,Home,Home,13,12.76,High,Finance Company,2.75,Offline,Karnataka,Goa District,Rural,2,Done,Rejected,High Existing EMI,8271.19,0.12,Low,0.79
2089,26,Male,Graduate,Self-employed,14,1788085,23467,0.24,704,56.64,No,981998,Home,Home,17,12.39,Medium,Private Bank,1.26,Online,Uttar Pradesh,Panipat,Urban,7,Done,Pending,,11561.27,0.08,Low,0.55
2090,58,Male,Non-Graduate,Pensioner,25,236531,13935,1.01,657,28.97,No,385087,Appliances,Appliances,7,8.03,Medium,Finance Company,2.12,Offline,Delhi,Assam District,Rural,1,Done,Pending,,6007.81,0.3,Medium,1.63
2091,42,Female,Graduate,Salaried,28,870073,18828,0.31,782,78.34,No,433923,Home,Home,19,7.4,Low,Finance Company,2.37,Online,Madhya Pradesh,Gurgaon,Urban,2,Done,Approved,,3549.74,0.05,Low,0.5
2092,49,Male,Graduate,Salaried,7,519645,9684,0.26,793,41.33,No,135413,Agriculture,Agriculture,12,7.49,Low,Private Bank,0.88,Online,Uttar Pradesh,Karaikudi,Urban,8,Processing,Approved,,1428.18,0.03,Low,0.26
2093,43,Male,Graduate,Salaried,21,654118,11955,0.28,553,27.63,No,209798,Business,Business,16,17.46,High,Finance Company,2.43,Online,Telangana,Satna,Urban,3,Done,Rejected,Low CIBIL Score,3255.87,0.06,Low,0.32
2094,29,Female,Graduate,Salaried,11,739694,7981,0.22,654,59.28,No,419039,Agriculture,Agriculture,12,12.03,Medium,Private Bank,1.5,Online,Gujarat,Ramgarh,Urban,6,Processing,Pending,,5511.35,0.09,Low,0.57
2095,54,Male,Graduate,Self-employed,24,928089,3993,0.32,692,76.04,No,450417,Personal,Personal,2,11.28,Medium,Private Bank,1.15,Online,West Bengal,Silchar,Urban,7,Done,Approved,,21051.56,0.27,Low,0.49
2096,57,Female,Graduate,Salaried,16,581349,1669,0.1,845,72.59,No,323428,Education,Education,16,8.07,Low,Government Bank,0.6,Offline,Punjab,Andhra Pradesh District,Rural,12,Done,Approved,,3004.76,0.06,Low,0.56
2097,61,Male,Graduate,Salaried,16,932710,16685,0.29,607,23.1,No,476298,Personal,Personal,17,13.27,High,Government Bank,0.7,Online,Telangana,Ranchi,Urban,21,Processing,Rejected,Low Income,5892.13,0.08,Low,0.51
2098,39,Male,Graduate,Salaried,24,688932,8138,0.33,586,23.89,No,744095,Appliances,Appliances,19,16.98,High,Government Bank,0.69,Offline,West Bengal,Bihar District,Rural,19,Processing,Rejected,Low Income,10974.69,0.19,Low,1.08
2099,59,Female,Graduate,Salaried,19,574153,7378,0.27,580,86.65,No,390378,Education,Education,17,16.55,High,Government Bank,0.6,Online,Maharashtra,Coimbatore,Urban,21,Done,Rejected,Low Income,5734.69,0.12,Low,0.68
2100,60,Male,Graduate,Self-employed,16,1518630,18902,1.15,835,61.82,No,2870389,Home,Home,2,5.29,Low,Finance Company,2.12,Online,Madhya Pradesh,Vasai-Virar,Urban,3,Processing,Approved,,126301.08,1,High,1.89
2101,37,Male,Graduate,Salaried,30,676067,23613,0.54,741,20.77,No,472239,Appliances,Appliances,11,12.71,Medium,Government Bank,0.41,Online,Bihar,Mirzapur,Urban,19,Processing,Pending,,6659.2,0.12,Low,0.7
2102,56,Male,Graduate,Salaried,29,745691,15553,0.45,722,20.99,Yes,1138752,Vehicle,Vehicle,20,11.84,Medium,Private Bank,1.11,Online,Tamil Nadu,Kamarhati,Urban,7,Done,Pending,,12411.85,0.2,Low,1.53
2103,49,Male,Graduate,Salaried,19,481533,3227,0.27,678,42.75,No,386301,Agriculture,Agriculture,6,12.45,Medium,Government Bank,0.4,Offline,Telangana,Chhattisgarh District,Rural,14,Done,Pending,,7642.96,0.19,Low,0.8
2104,52,Female,Graduate,Salaried,8,947437,22361,0.73,835,19.98,No,1136843,Agriculture,Agriculture,3,7.9,Low,Finance Company,2.29,Online,Delhi,Narasaraopet,Urban,4,Done,Approved,,35572.11,0.45,High,1.2
2105,25,Male,Non-Graduate,Salaried,29,420364,15238,0.54,503,70.66,No,151577,Personal,Personal,5,14.4,High,Government Bank,0.31,Offline,Tamil Nadu,Odisha District,Rural,17,Done,Rejected,Previous Loan Default,3558.44,0.1,Low,0.36
2106,59,Female,Graduate,Self-employed,13,1305470,10461,0.63,554,52.13,No,1614631,Personal,Personal,3,17.35,High,Finance Company,2.9,Online,Kerala,Munger,Urban,3,Processing,Pending,,57847.64,0.53,High,1.24
2107,38,Male,Non-Graduate,Pensioner,6,242589,269,0.95,507,49.77,No,392136,Business,Business,2,14.65,High,Government Bank,0.62,Offline,Tamil Nadu,Madhya Pradesh District,Rural,20,Done,Rejected,High Existing EMI,18948.22,0.94,High,1.62
2108,40,Male,Graduate,Salaried,13,931936,2850,0.11,801,53.93,No,648650,Appliances,Appliances,15,6.87,Low,Private Bank,1.2,Offline,Bihar,Manipur District,Rural,5,Done,Approved,,5783.21,0.07,Low,0.7
2109,29,Male,Non-Graduate,Salaried,23,760218,23041,0.47,768,33.98,No,574511,Agriculture,Agriculture,10,6.42,Low,Finance Company,2.17,Offline,Maharashtra,Madhya Pradesh District,Rural,4,Done,Approved,,6500.1,0.1,Low,0.76
2110,30,Male,Graduate,Salaried,19,747481,18314,0.45,644,76.55,No,747533,Agriculture,Agriculture,15,13.84,High,Government Bank,0.64,Online,Bihar,Faridabad,Urban,19,Processing,Pending,,9874.98,0.16,Low,1
2111,41,Female,Graduate,Salaried,27,708583,11357,0.49,702,53.09,No,859438,Education,Education,5,8.69,Medium,Government Bank,0.68,Online,Delhi,Aligarh,Urban,22,Done,Approved,,17711.49,0.3,Low,1.21
2112,62,Male,Graduate,Pensioner,20,204097,10623,0.67,784,61.99,No,90750,Home,Home,19,8.1,Low,Finance Company,2.07,Online,Bihar,Ramagundam,Urban,3,Done,Approved,,781.04,0.05,Low,0.44
2113,58,Male,Non-Graduate,Self-employed,29,642738,12553,0.41,742,16.15,No,659260,Home,Home,8,8.4,Medium,Private Bank,1.34,Offline,Karnataka,Andhra Pradesh District,Rural,6,Processing,Pending,,9454.33,0.18,Low,1.03
2114,44,Male,Non-Graduate,Salaried,28,442818,19206,0.54,544,87.93,No,63734,Home,Home,14,14.31,High,Finance Company,2.26,Offline,Tamil Nadu,Odisha District,Rural,2,Processing,Pending,,880.15,0.02,Low,0.14
2115,57,Female,Graduate,Salaried,29,729577,793,0.15,634,34.7,No,358506,Home,Home,5,14.77,High,Private Bank,1.24,Online,Delhi,Bulandshahr,Urban,6,Processing,Rejected,Previous Loan Default,8485.61,0.14,Low,0.49
2116,44,Male,Graduate,Self-employed,14,1925595,23658,0.32,850,26.7,No,1612494,Education,Education,6,7.07,Low,Private Bank,1.01,Online,Bihar,Parbhani,Urban,4,Processing,Approved,,27545.65,0.17,Low,0.84
2117,50,Male,Non-Graduate,Self-employed,9,821277,11291,0.47,782,14.4,No,903971,Agriculture,Agriculture,4,5.01,Low,Finance Company,2.71,Offline,Kerala,Sikkim District,Rural,5,Processing,Approved,,20821.91,0.3,Medium,1.1
2118,55,Male,Graduate,Salaried,5,949593,15678,0.71,733,39.68,No,888195,Vehicle,Vehicle,2,8.25,Medium,Private Bank,1.3,Online,Maharashtra,Aizawl,Urban,5,Done,Approved,,40272,0.51,High,0.94
2119,48,Male,Graduate,Self-employed,6,1193581,24314,0.39,749,27.12,No,1194022,Vehicle,Vehicle,10,8.51,Medium,Finance Company,2.98,Offline,Tamil Nadu,Jharkhand District,Rural,5,Done,Pending,,14810.55,0.15,Low,1
2120,52,Female,Non-Graduate,Salaried,19,426985,20739,0.73,832,82.65,No,292778,Appliances,Appliances,6,8.48,Low,Finance Company,1.52,Offline,West Bengal,Manipur District,Rural,1,Done,Approved,,5202.24,0.15,Low,0.69
2121,46,Male,Graduate,Salaried,22,996472,567,0.04,569,83.58,No,208883,Home,Home,12,14.33,High,Finance Company,1.6,Online,Rajasthan,Loni,Urban,4,Processing,Pending,,3045.57,0.04,Low,0.21
2122,47,Male,Graduate,Salaried,6,942235,16185,0.31,537,77.46,No,588354,Education,Education,16,15.69,High,Finance Company,2.62,Offline,Maharashtra,Manipur District,Rural,2,Done,Pending,,8385.07,0.11,Low,0.62
2123,56,Female,Non-Graduate,Salaried,8,754102,24284,0.5,706,12.1,No,634514,Home,Home,18,12.44,Medium,Government Bank,0.47,Offline,Maharashtra,Meghalaya District,Rural,16,Done,Pending,,7372.38,0.12,Low,0.84
2124,59,Female,Graduate,Self-employed,14,1931161,1204,0.12,656,14.39,No,1378588,Appliances,Appliances,13,12.12,Medium,Private Bank,1.4,Online,Bihar,Raichur,Urban,5,Done,Pending,,17592.14,0.11,Low,0.71
2125,59,Female,Graduate,Self-employed,17,1541150,23718,0.24,769,56.75,No,802504,Vehicle,Vehicle,19,8.14,Low,Government Bank,0.36,Online,Rajasthan,Panvel,Urban,19,Processing,Approved,,6926.52,0.05,Low,0.52
2126,43,Male,Graduate,Self-employed,14,1750841,22684,0.33,682,64.56,No,2713560,Personal,Personal,17,8.7,Medium,Government Bank,0.71,Online,Kerala,Thiruvananthapuram,Urban,21,Done,Pending,,25519.41,0.17,Low,1.55
2127,43,Female,Graduate,Self-employed,30,1473432,3487,1.22,635,17.34,No,2999980,Vehicle,Vehicle,2,15.57,High,Private Bank,1.35,Online,Punjab,Munger,Urban,7,Processing,Rejected,High Existing EMI,146272.73,1.19,High,2.04
2128,45,Male,Graduate,Salaried,23,495427,16675,0.52,523,14.85,No,230722,Education,Education,6,13.03,High,Private Bank,0.92,Online,Delhi,Bhind,Urban,4,Done,Rejected,Previous Loan Default,4635.19,0.11,Low,0.47
2129,47,Male,Graduate,Salaried,25,958618,23171,0.32,782,52.48,No,213442,Vehicle,Vehicle,14,7.02,Low,Finance Company,2.08,Online,Uttar Pradesh,Cuttack,Urban,3,Processing,Approved,,1998.89,0.03,Low,0.22
2130,38,Male,Graduate,Salaried,6,988604,253,0.07,547,87.51,No,496572,Home,Home,19,12.09,High,Private Bank,1.32,Online,Punjab,Orai,Urban,7,Done,Pending,,5569.44,0.07,Low,0.5
2131,59,Female,Graduate,Self-employed,18,1363548,1817,0.24,652,84.91,No,2554627,Education,Education,16,9.46,Medium,Finance Company,2.09,Online,Kerala,Eluru,Urban,5,Done,Approved,,25866.5,0.23,Low,1.87
2132,41,Male,Graduate,Salaried,12,921897,9491,0.16,570,45.24,No,215714,Education,Education,16,13.38,High,Private Bank,1.59,Online,West Bengal,Delhi,Urban,6,Done,Rejected,Previous Loan Default,2729.97,0.04,Low,0.23
2133,48,Male,Graduate,Salaried,16,846089,5120,0.2,503,81.25,No,595675,Agriculture,Agriculture,18,16.58,High,Private Bank,0.84,Offline,Gujarat,Sikkim District,Rural,6,Processing,Pending,,8678.15,0.12,Low,0.7
2134,25,Male,Graduate,Salaried,24,889736,23578,0.46,761,32.53,No,1034067,Vehicle,Vehicle,13,7.62,Low,Government Bank,0.64,Online,Bihar,Bellary,Urban,12,Done,Approved,,10464.58,0.14,Low,1.16
2135,47,Male,Graduate,Self-employed,11,1644532,6779,0.29,655,10.29,No,2567809,Appliances,Appliances,11,10.92,Medium,Government Bank,0.65,Online,Madhya Pradesh,Karimnagar,Urban,21,Processing,Approved,,33499.81,0.24,Low,1.56
2136,40,Male,Non-Graduate,Salaried,8,518561,11569,0.29,816,85.07,No,116480,Home,Home,11,5.31,Low,Government Bank,0.72,Offline,Delhi,Meghalaya District,Rural,13,Processing,Approved,,1166.98,0.03,Low,0.22
2137,37,Female,Non-Graduate,Salaried,16,585331,24292,0.61,583,65.95,No,302785,Personal,Personal,10,17.69,High,Finance Company,2.52,Offline,Rajasthan,Kerala District,Rural,4,Done,Rejected,Low CIBIL Score,5395.45,0.11,Low,0.52
2138,40,Male,Graduate,Self-employed,24,965529,6657,0.24,632,11.5,No,921689,Business,Business,16,15.45,High,Finance Company,2.14,Offline,Karnataka,Jharkhand District,Rural,5,Done,Pending,,12979.88,0.16,Low,0.95
2139,27,Male,Graduate,Self-employed,11,839958,15858,0.41,594,41.18,No,455438,Appliances,Appliances,4,14.56,High,Private Bank,0.86,Online,Uttar Pradesh,Bhimavaram,Urban,9,Processing,Rejected,Low CIBIL Score,12573.83,0.18,Low,0.54
2140,30,Female,Graduate,Salaried,30,678259,22822,0.51,731,78.2,No,505518,Vehicle,Vehicle,16,12.88,Medium,Government Bank,0.73,Online,Bihar,Sirsa,Urban,14,Done,Pending,,6227.77,0.11,Low,0.75
2141,55,Male,Graduate,Self-employed,9,867075,12887,0.53,507,81.09,No,1161855,Education,Education,6,16.39,High,Private Bank,1.04,Online,Madhya Pradesh,Mango,Urban,5,Done,Rejected,Low CIBIL Score,25452.91,0.35,Medium,1.34
2142,52,Male,Graduate,Salaried,28,657308,20783,0.54,828,33.02,No,746002,Appliances,Appliances,11,8.95,Low,Finance Company,2.67,Online,Bihar,Deoghar,Urban,1,Processing,Approved,,8902.2,0.16,Low,1.13
2143,53,Female,Graduate,Salaried,13,809498,874,0.17,596,21.82,No,589321,Business,Business,8,15.46,High,Private Bank,1.42,Online,Telangana,Sirsa,Urban,5,Processing,Rejected,High Existing EMI,10733.06,0.16,Low,0.73
2144,57,Male,Graduate,Salaried,17,423422,818,0.08,838,20.57,No,207630,Vehicle,Vehicle,12,5.04,Low,Finance Company,2.95,Online,Karnataka,Jamalpur,Urban,2,Done,Approved,,1924.52,0.05,Low,0.49
2145,32,Male,Graduate,Salaried,8,757476,19956,0.42,563,30.05,No,432416,Personal,Personal,14,16.13,High,Finance Company,1.53,Online,Rajasthan,Farrukhabad,Urban,1,Done,Pending,,6502.45,0.1,Low,0.57
2146,55,Female,Graduate,Salaried,22,914158,9269,0.23,611,43.12,No,704214,Vehicle,Vehicle,18,12.75,High,Government Bank,0.32,Online,Tamil Nadu,Kochi,Urban,19,Processing,Rejected,Previous Loan Default,8332.05,0.11,Low,0.77
2147,57,Male,Graduate,Salaried,15,601694,17175,0.56,655,54.44,No,1062967,Education,Education,15,8.83,Medium,Finance Company,2.45,Online,Karnataka,Ballia,Urban,3,Processing,Pending,,10674.09,0.21,Low,1.77
2148,46,Female,Graduate,Salaried,9,714769,15591,0.32,572,28.73,No,263536,Business,Business,20,13.53,High,Private Bank,1.14,Online,Telangana,Darbhanga,Urban,9,Done,Pending,,3187.56,0.05,Low,0.37
2149,56,Male,Non-Graduate,Salaried,5,567600,24879,0.65,690,70.59,No,271508,Business,Business,5,12.04,Medium,Private Bank,1.51,Offline,Rajasthan,Uttarakhand District,Rural,6,Processing,Pending,,6045.04,0.13,Low,0.48
2150,57,Male,Graduate,Salaried,27,966054,23168,0.37,638,66.79,No,563406,Vehicle,Vehicle,16,12.49,High,Private Bank,1.35,Online,Uttar Pradesh,Bhimavaram,Urban,7,Done,Pending,,6794.72,0.08,Low,0.58
2151,54,Female,Graduate,Salaried,7,852225,5040,0.11,525,22.41,No,218307,Home,Home,13,14.33,High,Private Bank,0.9,Online,Bihar,Vijayawada,Urban,6,Processing,Pending,,3092.26,0.04,Low,0.26
2152,57,Female,Graduate,Salaried,16,850506,22009,0.39,732,30.27,Yes,374805,Agriculture,Agriculture,8,10,Medium,Government Bank,0.57,Online,Uttar Pradesh,Giridih,Urban,12,Done,Pending,,5687.35,0.08,Low,0.44
2153,59,Male,Graduate,Self-employed,16,658744,8126,0.33,692,80.01,No,498909,Vehicle,Vehicle,5,8.23,Medium,Finance Company,2.98,Online,Delhi,Siwan,Urban,5,Done,Pending,,10171.08,0.19,Low,0.76
2154,42,Female,Graduate,Salaried,21,986392,16509,0.33,671,58.21,No,1047488,Appliances,Appliances,16,9.68,Medium,Private Bank,1.29,Offline,Madhya Pradesh,Punjab District,Rural,6,Processing,Pending,,10747.94,0.13,Low,1.06
2155,37,Male,Graduate,Self-employed,9,846610,23275,0.39,687,36,No,349702,Business,Business,12,8.62,Medium,Private Bank,0.91,Online,Gujarat,Aurangabad,Urban,7,Done,Pending,,3905.25,0.06,Low,0.41
2156,62,Male,Graduate,Salaried,27,462476,917,0.05,848,40.63,No,96932,Personal,Personal,17,7.85,Low,Private Bank,0.82,Online,Tamil Nadu,Pudukkottai,Urban,8,Processing,Approved,,862.06,0.02,Low,0.21
2157,52,Male,Graduate,Salaried,11,599329,2173,0.12,658,38.83,No,175974,Personal,Personal,5,9.68,Medium,Government Bank,0.5,Online,Telangana,Kurnool,Urban,12,Processing,Pending,,3711.28,0.07,Low,0.29
2158,28,Male,Graduate,Salaried,29,813055,24770,0.43,757,39.1,No,473056,Education,Education,19,8.61,Medium,Government Bank,0.66,Online,Punjab,Belgaum,Urban,13,Done,Approved,,4221.18,0.06,Low,0.58
2159,52,Male,Non-Graduate,Salaried,30,809462,23334,0.54,836,51.01,No,987483,Education,Education,9,8.83,Low,Government Bank,0.78,Offline,Punjab,Karnataka District,Rural,20,Processing,Approved,,13284.58,0.2,Low,1.22
2160,53,Female,Graduate,Salaried,28,691555,11217,0.29,676,45.11,No,471627,Vehicle,Vehicle,20,12.05,Medium,Finance Company,1.81,Offline,Uttar Pradesh,Punjab District,Rural,5,Processing,Approved,,5209.47,0.09,Low,0.68
2161,60,Male,Non-Graduate,Salaried,26,739994,21109,0.41,593,86.33,No,284758,Home,Home,13,15.29,High,Government Bank,0.74,Offline,Punjab,Assam District,Rural,22,Processing,Pending,,4212.78,0.07,Low,0.38
2162,61,Male,Non-Graduate,Salaried,15,802659,3785,0.32,561,76.12,No,650312,Personal,Personal,4,13.54,High,Government Bank,0.68,Offline,West Bengal,Karnataka District,Rural,17,Done,Pending,,17621.04,0.26,Low,0.81
2163,45,Male,Graduate,Pensioner,25,424537,16646,0.49,826,67,No,55236,Personal,Personal,12,7.57,Low,Government Bank,0.55,Online,Maharashtra,Tiruvottiyur,Urban,14,Processing,Approved,,584.96,0.02,Low,0.13
2164,52,Female,Graduate,Self-employed,24,937776,21950,0.41,760,18.25,No,1103615,Home,Home,16,8.01,Low,Government Bank,0.43,Offline,Kerala,Bihar District,Rural,21,Done,Approved,,10214.09,0.13,Low,1.18
2165,58,Male,Graduate,Salaried,14,474613,11806,0.47,581,16.89,No,338390,Agriculture,Agriculture,7,16.6,High,Government Bank,0.38,Online,Maharashtra,Secunderabad,Urban,21,Done,Pending,,6837.27,0.17,Low,0.71
2166,52,Female,Graduate,Salaried,11,775726,18977,0.38,676,53.18,No,500823,Vehicle,Vehicle,20,12.51,Medium,Private Bank,0.96,Online,Telangana,Sambhal,Urban,5,Done,Approved,,5693.58,0.09,Low,0.65
2167,60,Male,Graduate,Pensioner,13,294148,3828,0.38,586,72.24,No,357615,Vehicle,Vehicle,19,17.75,High,Finance Company,2.48,Offline,Punjab,Jharkhand District,Rural,5,Processing,Pending,,5482.5,0.22,Low,1.22
2168,61,Female,Non-Graduate,Self-employed,10,1646515,9156,0.32,528,16.42,No,2165970,Personal,Personal,14,17.64,High,Private Bank,1.35,Offline,Madhya Pradesh,Jharkhand District,Rural,6,Processing,Rejected,Low Income,34841.47,0.25,Low,1.32
2169,52,Male,Non-Graduate,Salaried,28,546563,168,0.02,776,53.02,No,56775,Business,Business,12,7.62,Low,Government Bank,0.31,Offline,Delhi,Tamil Nadu District,Rural,12,Done,Approved,,602.79,0.01,Low,0.1
2170,53,Female,Graduate,Salaried,26,789327,19741,0.49,613,43.51,No,975907,Home,Home,14,12.54,High,Government Bank,0.41,Online,Karnataka,Amroha,Urban,20,Processing,Rejected,Previous Loan Default,12352.28,0.19,Low,1.24
2171,43,Male,Graduate,Pensioner,20,414316,17162,0.7,673,84.02,No,388277,Personal,Personal,7,12.75,Medium,Government Bank,0.28,Online,Tamil Nadu,Bilaspur,Urban,19,Processing,Approved,,7010.86,0.2,Low,0.94
2172,38,Male,Non-Graduate,Salaried,17,821228,19460,0.53,827,53.95,No,1054993,Education,Education,7,8.75,Low,Private Bank,0.86,Offline,Kerala,Himachal Pradesh District,Rural,7,Processing,Approved,,16840.32,0.25,Low,1.28
2173,48,Male,Graduate,Salaried,8,885289,1724,0.4,635,84.31,No,1034435,Agriculture,Agriculture,4,13.7,High,Private Bank,1.2,Online,Gujarat,Gulbarga,Urban,9,Processing,Rejected,Low CIBIL Score,28112.04,0.38,Medium,1.17
2174,38,Female,Non-Graduate,Self-employed,21,908213,20369,0.31,698,85.74,No,214213,Business,Business,12,12.19,Medium,Finance Company,2.58,Offline,Kerala,Odisha District,Rural,4,Processing,Pending,,2838.21,0.04,Low,0.24
2175,36,Male,Non-Graduate,Salaried,9,980245,5032,0.54,678,25.11,No,867372,Home,Home,2,8.16,Medium,Finance Company,2.46,Offline,Rajasthan,Chhattisgarh District,Rural,1,Processing,Approved,,39292.21,0.48,High,0.88
2176,37,Female,Graduate,Salaried,18,792209,23598,0.56,509,18.1,No,497342,Business,Business,4,12.44,High,Government Bank,0.61,Online,Gujarat,Bangalore,Urban,18,Processing,Rejected,Low CIBIL Score,13204.62,0.2,Low,0.63
2177,55,Male,Graduate,Self-employed,22,794677,4207,0.14,516,47.3,No,335991,Education,Education,14,16.02,High,Government Bank,0.34,Online,Maharashtra,Amritsar,Urban,19,Processing,Rejected,High Existing EMI,5027.14,0.08,Low,0.42
2178,46,Female,Graduate,Salaried,11,561306,11593,0.41,652,17.25,No,339325,Personal,Personal,5,12.25,Medium,Finance Company,2.73,Online,Karnataka,Mysore,Urban,5,Processing,Approved,,7591.04,0.16,Low,0.6
2179,60,Female,Non-Graduate,Self-employed,18,1293040,14163,0.25,782,31.38,No,1297551,Personal,Personal,14,8.34,Low,Finance Company,2.04,Offline,Uttar Pradesh,Tamil Nadu District,Rural,2,Processing,Approved,,13114.61,0.12,Low,1
2180,30,Female,Graduate,Salaried,12,650606,20929,0.59,574,11.24,No,812956,Home,Home,17,14.59,High,Private Bank,1.55,Online,Telangana,Kanpur,Urban,9,Processing,Rejected,Previous Loan Default,10802.15,0.2,Low,1.25
2181,55,Male,Graduate,Self-employed,12,1926668,9191,0.19,715,81.23,No,1737113,Home,Home,12,11.04,Medium,Private Bank,1.36,Offline,Punjab,Gujarat District,Rural,6,Processing,Pending,,21816.81,0.14,Low,0.9
2182,61,Female,Graduate,Salaried,19,506289,24207,0.67,793,82.75,No,233512,Business,Business,6,5.93,Low,Private Bank,1.55,Online,Uttar Pradesh,Bahraich,Urban,9,Done,Approved,,3862.26,0.09,Low,0.46
2183,52,Male,Non-Graduate,Salaried,16,908934,18900,0.46,506,74.64,No,587246,Appliances,Appliances,4,13.93,High,Government Bank,0.56,Offline,Madhya Pradesh,Uttar Pradesh District,Rural,13,Done,Pending,,16026.75,0.21,Low,0.65
2184,31,Male,Graduate,Self-employed,14,1300232,20618,0.47,648,38.58,No,1961217,Education,Education,13,16.01,High,Private Bank,1.33,Online,Kerala,Mangalore,Urban,4,Processing,Rejected,Previous Loan Default,29955.13,0.28,Low,1.51
2185,61,Female,Non-Graduate,Salaried,10,628537,18111,0.49,682,28.9,No,606343,Personal,Personal,12,10.18,Medium,Finance Company,1.98,Offline,Punjab,Maharashtra District,Rural,5,Processing,Approved,,7309.46,0.14,Low,0.96
2186,33,Female,Graduate,Salaried,15,922090,1473,0.68,846,56.31,No,1109404,Appliances,Appliances,2,8.87,Low,Private Bank,1.3,Online,Uttar Pradesh,Ajmer,Urban,7,Processing,Approved,,50616.69,0.66,High,1.2
2187,36,Male,Graduate,Salaried,28,464773,702,0.29,665,38.11,No,325224,Agriculture,Agriculture,3,11.04,Medium,Government Bank,0.36,Online,Uttar Pradesh,Bhilai,Urban,20,Done,Approved,,10653.58,0.28,Low,0.7
2188,54,Female,Non-Graduate,Pensioner,21,418411,23059,0.81,640,32.98,No,344795,Personal,Personal,13,15.93,High,Private Bank,1.54,Offline,Uttar Pradesh,Nagaland District,Rural,6,Processing,Pending,,5247.84,0.15,Low,0.82
2189,60,Female,Graduate,Salaried,22,863990,23085,0.47,760,16.8,No,955026,Business,Business,10,6.47,Low,Private Bank,1.08,Offline,Rajasthan,Haryana District,Rural,9,Processing,Approved,,10829.56,0.15,Low,1.11
2190,52,Male,Graduate,Salaried,23,754125,8644,0.27,639,35.97,Yes,557712,Business,Business,12,15.17,High,Government Bank,0.54,Online,Uttar Pradesh,Aurangabad,Urban,14,Processing,Rejected,Previous Loan Default,8431.68,0.13,Low,0.74
2191,38,Male,Graduate,Salaried,5,927779,2465,0.28,639,60.34,No,1185285,Vehicle,Vehicle,14,17.78,High,Government Bank,0.68,Offline,Karnataka,Haryana District,Rural,20,Processing,Rejected,Previous Loan Default,19183.04,0.25,Low,1.28
2192,35,Male,Graduate,Salaried,27,847771,8222,0.78,517,89.57,No,956450,Business,Business,2,16.7,High,Finance Company,2.81,Online,Uttar Pradesh,Sultan Pur Majra,Urban,1,Done,Rejected,High Existing EMI,47151.3,0.67,High,1.13
2193,53,Male,Graduate,Salaried,17,501568,19709,0.61,698,82.36,No,327997,Vehicle,Vehicle,6,9.41,Medium,Finance Company,2.71,Online,Maharashtra,Pune,Urban,3,Processing,Approved,,5979.29,0.14,Low,0.65
2194,50,Female,Graduate,Salaried,22,983059,15346,0.43,520,57.44,No,599953,Agriculture,Agriculture,3,12.55,High,Finance Company,2.71,Offline,Bihar,Tripura District,Rural,3,Processing,Rejected,High Existing EMI,20084.99,0.25,Low,0.61
2195,59,Male,Graduate,Salaried,14,960361,10148,0.28,648,12.02,No,851630,Appliances,Appliances,15,15.01,High,Finance Company,2.23,Online,Rajasthan,Kavali,Urban,3,Done,Pending,,11925.14,0.15,Low,0.89
2196,29,Male,Non-Graduate,Salaried,7,462974,1303,0.28,816,86.15,No,379829,Business,Business,4,8.61,Low,Finance Company,2.92,Offline,Madhya Pradesh,Himachal Pradesh District,Rural,1,Done,Approved,,9381.88,0.24,Low,0.82
2197,42,Male,Non-Graduate,Pensioner,23,203668,11518,0.73,521,25.17,No,54891,Home,Home,9,15.19,High,Private Bank,1.5,Offline,Delhi,West Bengal District,Rural,7,Processing,Rejected,Low Income,935.22,0.06,Low,0.27
2198,38,Male,Non-Graduate,Pensioner,20,319906,22178,1.01,545,25.97,No,324928,Education,Education,17,16.8,High,Government Bank,0.68,Offline,Rajasthan,Gujarat District,Rural,16,Processing,Pending,,4832.41,0.18,Low,1.02
2199,46,Male,Graduate,Pensioner,15,221928,21371,1.19,616,36.49,No,50644,Home,Home,13,14.57,High,Government Bank,0.34,Online,Uttar Pradesh,Karimnagar,Urban,22,Processing,Rejected,Low Income,725.27,0.04,Low,0.23
2200,58,Male,Graduate,Self-employed,29,857044,23276,0.54,647,26.36,No,600927,Personal,Personal,5,17.5,High,Finance Company,1.54,Online,Telangana,Saharsa,Urban,1,Done,Pending,,15096.62,0.21,Low,0.7
2201,46,Male,Non-Graduate,Salaried,17,597193,6260,0.14,661,89.61,No,112163,Vehicle,Vehicle,20,8.01,Medium,Finance Company,2.36,Offline,Rajasthan,West Bengal District,Rural,5,Processing,Pending,,938.87,0.02,Low,0.19
2202,51,Male,Graduate,Salaried,15,925734,13217,0.23,672,12.58,No,231373,Appliances,Appliances,6,9.89,Medium,Private Bank,1.18,Online,Maharashtra,Kollam,Urban,4,Done,Pending,,4273.56,0.06,Low,0.25
2203,40,Male,Graduate,Self-employed,15,935631,17676,0.28,744,77.01,No,383435,Business,Business,15,9.36,Medium,Government Bank,0.55,Offline,Delhi,Assam District,Rural,19,Done,Approved,,3971.59,0.05,Low,0.41
2204,40,Female,Non-Graduate,Salaried,6,996281,3786,0.1,760,29.13,No,616657,Personal,Personal,20,6.95,Low,Finance Company,2.92,Offline,Uttar Pradesh,Gujarat District,Rural,3,Processing,Approved,,4762.45,0.06,Low,0.62
2205,59,Female,Non-Graduate,Salaried,21,526014,9134,0.41,532,81.07,No,302225,Business,Business,4,17.22,High,Private Bank,1.35,Offline,Tamil Nadu,Tripura District,Rural,4,Done,Pending,,8755.15,0.2,Low,0.57
2206,52,Male,Graduate,Salaried,27,734384,16485,0.55,550,16.11,No,1185254,Education,Education,20,16.95,High,Finance Company,2.77,Online,Delhi,Pallavaram,Urban,4,Done,Pending,,17340.26,0.28,Low,1.61
2207,39,Female,Graduate,Salaried,23,808632,19876,0.5,578,42.57,No,948028,Business,Business,11,13.92,High,Government Bank,0.66,Online,Madhya Pradesh,Kulti,Urban,13,Done,Rejected,Low Income,14066.24,0.21,Low,1.17
2208,62,Male,Graduate,Salaried,27,544509,17624,0.47,643,43.19,No,230271,Education,Education,14,16.54,High,Government Bank,0.53,Online,Maharashtra,Jalandhar,Urban,21,Done,Pending,,3527.66,0.08,Low,0.42
2209,48,Female,Graduate,Self-employed,20,1476825,22942,0.36,641,63.12,No,1354732,Business,Business,15,17.29,High,Private Bank,1.33,Offline,Maharashtra,Jharkhand District,Rural,9,Done,Pending,,21128.45,0.17,Low,0.92
2210,33,Male,Graduate,Salaried,6,416299,2676,0.19,627,24.09,No,182126,Appliances,Appliances,6,17.33,High,Government Bank,0.47,Online,Delhi,Dhanbad,Urban,17,Done,Pending,,4085.21,0.12,Low,0.44
2211,51,Male,Graduate,Salaried,29,801016,7163,0.26,706,55.09,No,597354,Personal,Personal,7,10.11,Medium,Private Bank,1.26,Online,Telangana,Gangtok,Urban,8,Processing,Approved,,9950.77,0.15,Low,0.75
2212,33,Female,Graduate,Salaried,22,417422,13627,0.5,521,43.56,No,300878,Personal,Personal,20,14.32,High,Government Bank,0.38,Online,Delhi,Vadodara,Urban,17,Processing,Pending,,3811.61,0.11,Low,0.72
2213,45,Male,Non-Graduate,Salaried,18,525714,17988,0.52,586,85.19,No,309930,Agriculture,Agriculture,14,15.93,High,Government Bank,0.68,Offline,Kerala,Jharkhand District,Rural,20,Processing,Pending,,4618.14,0.11,Low,0.59
2214,34,Female,Graduate,Salaried,20,617017,15937,0.65,530,41.36,No,647018,Appliances,Appliances,4,12.78,High,Finance Company,1.87,Online,Kerala,Khandwa,Urban,5,Done,Rejected,High Existing EMI,17287.31,0.34,Medium,1.05
2215,39,Female,Graduate,Salaried,23,871453,14990,0.29,649,61.14,No,437677,Education,Education,20,16.16,High,Government Bank,0.48,Online,Tamil Nadu,Khammam,Urban,14,Processing,Pending,,6141.81,0.08,Low,0.5
2216,43,Male,Graduate,Salaried,10,825342,13239,0.67,507,79.84,No,662115,Education,Education,2,16.92,High,Government Bank,0.53,Online,West Bengal,Saharsa,Urban,18,Done,Rejected,Low CIBIL Score,32711.02,0.48,High,0.8
2217,45,Male,Graduate,Salaried,12,716690,7119,0.39,846,42.57,No,1098699,Education,Education,7,6.41,Low,Finance Company,2.06,Online,Madhya Pradesh,Guntur,Urban,2,Processing,Approved,,16267.23,0.27,Low,1.53
2218,28,Male,Graduate,Salaried,24,849089,10288,0.27,645,50.9,No,534940,Appliances,Appliances,13,17.11,High,Finance Company,2.19,Online,Telangana,Ujjain,Urban,5,Done,Rejected,High Existing EMI,8568.67,0.12,Low,0.63
2219,59,Male,Graduate,Pensioner,23,277024,16808,1.05,669,25.46,No,370883,Education,Education,6,12.65,Medium,Finance Company,1.89,Online,Kerala,Bidhannagar,Urban,1,Done,Pending,,7376.81,0.32,Medium,1.34
2220,27,Female,Graduate,Salaried,28,775387,8847,0.29,809,72.91,Yes,382755,Appliances,Appliances,4,11.62,Medium,Private Bank,1.06,Online,Uttar Pradesh,Tirupati,Urban,5,Processing,Pending,,10008.14,0.15,Low,0.49
2221,33,Male,Graduate,Self-employed,14,753098,17928,0.53,545,15.78,No,725820,Education,Education,7,17.68,High,Private Bank,1.15,Online,Kerala,Dehri,Urban,6,Processing,Rejected,Low Income,15119.33,0.24,Low,0.96
2222,48,Male,Graduate,Salaried,14,601027,1610,0.27,715,10.02,No,1199729,Vehicle,Vehicle,20,10.24,Medium,Private Bank,1.17,Online,West Bengal,Erode,Urban,9,Done,Pending,,11769.06,0.23,Low,2
2223,39,Female,Graduate,Salaried,16,608568,9025,0.35,654,43.75,No,736817,Home,Home,14,11.36,Medium,Private Bank,0.8,Offline,Madhya Pradesh,Meghalaya District,Rural,7,Done,Pending,,8777.97,0.17,Low,1.21
2224,32,Female,Graduate,Salaried,15,700685,3842,0.19,779,64.11,No,914088,Home,Home,20,6.86,Low,Private Bank,1.34,Online,Madhya Pradesh,Vijayanagaram,Urban,9,Processing,Approved,,7010.3,0.12,Low,1.3
2225,54,Male,Non-Graduate,Pensioner,23,412206,18870,0.7,571,35.22,No,380645,Business,Business,15,14.68,High,Government Bank,0.32,Offline,Punjab,Madhya Pradesh District,Rural,13,Done,Rejected,High Loan Amount Request,5244.28,0.15,Low,0.92
2226,40,Female,Graduate,Salaried,5,461626,12992,0.37,763,57.74,No,168044,Business,Business,18,5.94,Low,Government Bank,0.73,Online,Rajasthan,Bidar,Urban,18,Done,Approved,,1268.38,0.03,Low,0.36
2227,55,Male,Non-Graduate,Self-employed,20,1557878,8705,0.1,775,65.26,No,724206,Personal,Personal,20,5.1,Low,Finance Company,2.49,Offline,West Bengal,Karnataka District,Rural,4,Processing,Approved,,4819.54,0.04,Low,0.46
2228,44,Male,Graduate,Salaried,11,431642,11374,0.41,503,25.91,No,246426,Business,Business,14,15.21,High,Government Bank,0.27,Online,Punjab,Noida,Urban,18,Processing,Pending,,3551.43,0.1,Low,0.57
2229,59,Male,Graduate,Salaried,11,685679,12140,0.7,638,54.91,No,835989,Agriculture,Agriculture,3,12.49,High,Finance Company,1.51,Online,Punjab,Bharatpur,Urban,1,Done,Rejected,Low Income,27962.85,0.49,High,1.22
2230,25,Male,Graduate,Self-employed,13,1156808,14988,0.29,648,69.01,Yes,967937,Appliances,Appliances,17,15.42,High,Private Bank,0.95,Online,Karnataka,Ratlam,Urban,5,Processing,Rejected,High Loan Amount Request,13430.87,0.14,Low,0.84
2231,43,Male,Graduate,Salaried,23,515786,19915,0.48,760,77.11,No,80690,Education,Education,13,6.9,Low,Finance Company,2.62,Online,Karnataka,Anantapur,Urban,3,Done,Approved,,784.84,0.02,Low,0.16
2232,33,Male,Graduate,Salaried,24,406624,16764,0.71,818,54.41,No,372620,Agriculture,Agriculture,5,5.77,Low,Finance Company,1.85,Online,Telangana,Sangli-Miraj & Kupwad,Urban,4,Processing,Approved,,7164.01,0.21,Low,0.92
2233,33,Male,Graduate,Salaried,21,590869,11070,0.25,530,42.96,No,95827,Appliances,Appliances,9,12.03,High,Private Bank,1.45,Online,Punjab,Panchkula,Urban,9,Done,Pending,,1456.68,0.03,Low,0.16
2234,54,Male,Graduate,Self-employed,13,1603873,4303,0.19,554,50.93,No,1358462,Appliances,Appliances,12,16.08,High,Private Bank,1.17,Online,Telangana,Patiala,Urban,5,Done,Pending,,21342.41,0.16,Low,0.85
2235,28,Female,Graduate,Self-employed,10,1262467,7854,0.27,784,79.45,No,2256312,Appliances,Appliances,15,7.08,Low,Private Bank,1.27,Online,Tamil Nadu,Malegaon,Urban,7,Done,Approved,,20381.42,0.19,Low,1.79
2236,52,Female,Graduate,Salaried,29,714230,8067,0.29,769,12.91,No,387920,Appliances,Appliances,4,7.78,Low,Government Bank,0.68,Online,Rajasthan,Jalgaon,Urban,15,Processing,Approved,,9430.25,0.16,Low,0.54
2237,27,Male,Graduate,Salaried,14,813055,12681,0.28,613,76.11,No,237220,Agriculture,Agriculture,5,17.79,High,Finance Company,1.92,Online,Delhi,Tiruppur,Urban,2,Processing,Pending,,5996.76,0.09,Low,0.29
2238,47,Male,Non-Graduate,Self-employed,30,1997687,13076,0.36,692,29.02,No,2533047,Appliances,Appliances,6,9.63,Medium,Finance Company,1.73,Offline,Kerala,Andhra Pradesh District,Rural,1,Processing,Pending,,46455.57,0.28,Low,1.27
2239,41,Male,Non-Graduate,Salaried,29,604918,8959,0.27,845,34.68,No,566779,Agriculture,Agriculture,19,7.57,Low,Finance Company,1.74,Offline,Karnataka,Assam District,Rural,5,Done,Approved,,4694.66,0.09,Low,0.94
2240,31,Male,Graduate,Salaried,21,710393,10569,0.65,714,78.12,No,1035944,Personal,Personal,4,12.84,Medium,Private Bank,1.1,Online,Telangana,Hindupur,Urban,9,Processing,Approved,,27709.59,0.47,High,1.46
2241,46,Male,Graduate,Pensioner,6,351395,8491,0.39,695,16.98,No,296959,Personal,Personal,20,10.54,Medium,Finance Company,2.84,Online,Karnataka,Singrauli,Urban,5,Done,Approved,,2972.76,0.1,Low,0.85
2242,62,Male,Graduate,Salaried,30,870018,14537,0.24,840,72.21,No,330336,Home,Home,17,8.86,Low,Finance Company,1.89,Online,Madhya Pradesh,Eluru,Urban,5,Done,Approved,,3138.9,0.04,Low,0.38
2243,61,Female,Graduate,Salaried,8,828550,19276,0.4,771,52.13,No,1010437,Agriculture,Agriculture,17,7.04,Low,Private Bank,1.34,Online,Gujarat,Kalyan-Dombivli,Urban,8,Processing,Approved,,8507.54,0.12,Low,1.22
2244,54,Male,Graduate,Pensioner,7,372699,13406,0.52,733,70.04,No,277779,Appliances,Appliances,17,10.08,Medium,Finance Company,1.98,Online,Telangana,Ajmer,Urban,2,Done,Approved,,2850.79,0.09,Low,0.75
2245,30,Male,Non-Graduate,Salaried,24,517152,23138,0.63,549,14.99,No,123746,Personal,Personal,3,12.92,High,Government Bank,0.57,Offline,Punjab,Uttar Pradesh District,Rural,15,Done,Pending,,4164.73,0.1,Low,0.24
2246,30,Male,Non-Graduate,Salaried,22,794193,17725,0.38,699,40.59,No,582368,Appliances,Appliances,10,8.28,Medium,Finance Company,1.67,Offline,Gujarat,Goa District,Rural,1,Done,Approved,,7152.19,0.11,Low,0.73
2247,41,Male,Graduate,Self-employed,26,1208971,19564,0.61,759,55.83,No,1925762,Education,Education,5,10.71,Medium,Private Bank,1.39,Online,Punjab,Tadipatri,Urban,9,Processing,Pending,,41592.76,0.41,Medium,1.59
2248,38,Female,Graduate,Self-employed,6,925803,7764,0.16,828,24.3,No,501080,Home,Home,14,6.16,Low,Government Bank,0.39,Online,Bihar,Patna,Urban,15,Processing,Approved,,4458.52,0.06,Low,0.54
2249,43,Male,Non-Graduate,Salaried,16,990905,8617,0.24,714,72.17,No,812610,Agriculture,Agriculture,10,10.95,Medium,Finance Company,2.05,Offline,Bihar,Bihar District,Rural,2,Processing,Approved,,11170.72,0.14,Low,0.82
2250,30,Male,Non-Graduate,Salaried,21,923630,16302,0.42,850,21.55,Yes,1163399,Business,Business,12,12.62,Medium,Finance Company,2.54,Offline,Rajasthan,Chhattisgarh District,Rural,1,Done,Pending,,15719.98,0.2,Low,1.26
2251,37,Male,Graduate,Salaried,24,763246,507,0.07,620,22.34,No,293688,Agriculture,Agriculture,16,14.13,High,Finance Company,2.47,Online,Punjab,Chandrapur,Urban,5,Processing,Pending,,3866.71,0.06,Low,0.38
2252,45,Female,Graduate,Salaried,27,620124,15146,0.66,651,67.44,No,1165313,Personal,Personal,7,9.19,Medium,Finance Company,2.88,Online,Punjab,Rampur,Urban,4,Processing,Approved,,18861.37,0.36,Medium,1.88
2253,62,Male,Non-Graduate,Salaried,29,414768,21115,0.65,791,21.19,No,132187,Vehicle,Vehicle,19,8.94,Low,Private Bank,0.87,Offline,West Bengal,Karnataka District,Rural,8,Done,Approved,,1206.99,0.03,Low,0.32
2254,47,Male,Graduate,Salaried,9,689527,21964,0.63,731,80.17,No,1190805,Appliances,Appliances,19,12.82,Medium,Finance Company,1.5,Online,Madhya Pradesh,Shimla,Urban,1,Done,Approved,,13959.5,0.24,Low,1.73
2255,43,Female,Graduate,Salaried,24,770744,8322,0.63,621,29.74,No,671102,Vehicle,Vehicle,2,14.42,High,Finance Company,1.58,Online,Uttar Pradesh,Karnal,Urban,1,Processing,Rejected,High Loan Amount Request,32354.86,0.5,High,0.87
2256,62,Male,Graduate,Salaried,22,512937,9583,0.26,507,88.26,No,98353,Education,Education,17,14.77,High,Private Bank,1.42,Online,Punjab,Pudukkottai,Urban,7,Processing,Rejected,Previous Loan Default,1319.34,0.03,Low,0.19
2257,48,Male,Graduate,Pensioner,7,217544,20798,1.28,800,44.78,No,201147,Home,Home,9,5.24,Low,Finance Company,1.95,Online,Punjab,Proddatur,Urban,4,Processing,Approved,,2340.02,0.13,Low,0.92
2258,38,Male,Graduate,Salaried,6,501647,14533,0.41,684,43.92,No,195180,Personal,Personal,9,9.25,Medium,Finance Company,2.78,Online,Bihar,Hajipur,Urban,1,Done,Approved,,2669.24,0.06,Low,0.39
2259,38,Female,Graduate,Salaried,27,612564,8719,0.3,555,70.36,No,411583,Education,Education,13,17.89,High,Finance Company,2.89,Online,Telangana,Ratlam,Urban,2,Processing,Pending,,6813.31,0.13,Low,0.67
2260,42,Male,Graduate,Self-employed,9,969347,7259,0.16,828,36.72,No,755504,Appliances,Appliances,16,5.43,Low,Government Bank,0.59,Offline,Uttar Pradesh,Assam District,Rural,14,Done,Approved,,5897.05,0.07,Low,0.78
2261,25,Male,Non-Graduate,Salaried,21,713747,17419,0.36,566,81.19,No,317622,Appliances,Appliances,20,13.51,High,Finance Company,1.56,Offline,Karnataka,Chhattisgarh District,Rural,5,Done,Pending,,3837.17,0.06,Low,0.45
2262,56,Female,Graduate,Pensioner,8,201334,19022,1.62,711,49.56,No,392716,Business,Business,5,9.2,Medium,Private Bank,0.97,Online,Telangana,Giridih,Urban,7,Done,Approved,,8190.31,0.49,High,1.95
2263,61,Male,Graduate,Salaried,30,939253,24645,0.41,597,35,No,590339,Vehicle,Vehicle,15,13.58,High,Private Bank,1.18,Offline,Madhya Pradesh,Bihar District,Rural,6,Processing,Rejected,Low CIBIL Score,7695.91,0.1,Low,0.63
2264,62,Male,Graduate,Salaried,27,974284,9672,0.27,847,34.14,No,1034325,Education,Education,10,7.96,Low,Private Bank,1.02,Online,Madhya Pradesh,Uluberia,Urban,8,Done,Approved,,12527.37,0.15,Low,1.06
2265,27,Male,Graduate,Self-employed,28,1312050,22901,0.3,762,32.87,No,945250,Agriculture,Agriculture,11,6.42,Low,Government Bank,0.56,Online,Gujarat,Bijapur,Urban,16,Done,Approved,,10003.06,0.09,Low,0.72
2266,51,Male,Graduate,Salaried,23,904399,8483,0.69,658,33.2,No,953842,Appliances,Appliances,2,9.07,Medium,Government Bank,0.52,Online,Madhya Pradesh,Jalandhar,Urban,22,Done,Approved,,43606.67,0.58,High,1.05
2267,48,Female,Graduate,Salaried,13,961563,23686,0.45,735,46.63,No,1095998,Appliances,Appliances,13,10.29,Medium,Private Bank,0.81,Online,Bihar,Dhanbad,Urban,5,Done,Pending,,12768.4,0.16,Low,1.14
2268,45,Female,Graduate,Salaried,8,435673,12602,0.38,769,32.97,No,102628,Vehicle,Vehicle,9,7.9,Low,Government Bank,0.28,Offline,Punjab,Goa District,Rural,21,Processing,Approved,,1330.77,0.04,Low,0.24
2269,54,Male,Graduate,Salaried,21,862995,6414,0.34,779,39.52,No,564451,Education,Education,3,8.3,Low,Finance Company,2.85,Online,Maharashtra,Gaya,Urban,3,Done,Approved,,17766.06,0.25,Low,0.65
2270,25,Male,Graduate,Salaried,6,787177,17576,0.52,807,11.18,No,1106858,Vehicle,Vehicle,7,7.13,Low,Government Bank,0.61,Online,Telangana,Maheshtala,Urban,16,Processing,Approved,,16775.88,0.26,Low,1.41
2271,56,Female,Graduate,Salaried,17,550562,23421,0.79,592,58.63,No,383417,Personal,Personal,3,12.53,High,Private Bank,1.46,Online,Tamil Nadu,Amaravati,Urban,8,Processing,Rejected,High Existing EMI,12832.21,0.28,Low,0.7
2272,39,Female,Graduate,Salaried,17,443710,10674,0.57,814,66.28,No,338994,Agriculture,Agriculture,3,5.76,Low,Government Bank,0.28,Offline,Tamil Nadu,West Bengal District,Rural,14,Processing,Approved,,10276.03,0.28,Low,0.76
2273,51,Female,Non-Graduate,Salaried,6,711215,11020,0.27,841,81.68,No,717313,Agriculture,Agriculture,18,5.51,Low,Finance Company,1.8,Offline,Bihar,Gujarat District,Rural,4,Processing,Approved,,5242.61,0.09,Low,1.01
2274,44,Male,Graduate,Salaried,12,888761,20370,0.6,621,83.88,No,1147317,Vehicle,Vehicle,6,14.64,High,Finance Company,2.77,Online,Uttar Pradesh,Nellore,Urban,3,Done,Rejected,Previous Loan Default,24036.29,0.32,Medium,1.29
2275,55,Male,Graduate,Self-employed,10,829879,8968,0.43,653,88.48,No,637162,Education,Education,3,11.83,Medium,Government Bank,0.37,Online,Madhya Pradesh,Gopalpur,Urban,13,Processing,Pending,,21111.2,0.31,Medium,0.77
2276,39,Male,Non-Graduate,Salaried,5,561725,3490,0.09,666,73.47,No,61085,Appliances,Appliances,11,11.92,Medium,Finance Company,2.01,Offline,Gujarat,Himachal Pradesh District,Rural,5,Processing,Pending,,832.62,0.02,Low,0.11
2277,59,Male,Graduate,Salaried,16,906353,16638,0.34,721,38.6,No,929241,Appliances,Appliances,18,9.76,Medium,Government Bank,0.26,Offline,Rajasthan,Punjab District,Rural,13,Done,Pending,,9148,0.12,Low,1.03
2278,55,Male,Graduate,Self-employed,26,1039440,383,0.13,826,20.44,No,1119227,Business,Business,11,5.33,Low,Government Bank,0.61,Offline,Telangana,Nagaland District,Rural,16,Done,Approved,,11224.4,0.13,Low,1.08
2279,51,Female,Graduate,Salaried,9,537157,6862,0.37,714,39.53,No,377730,Appliances,Appliances,4,9.69,Medium,Government Bank,0.34,Online,Bihar,Bhilai,Urban,17,Processing,Approved,,9524.07,0.21,Low,0.7
2280,29,Female,Graduate,Salaried,6,891595,16217,0.38,740,52.67,No,786356,Business,Business,9,11.76,Medium,Private Bank,1.53,Online,Tamil Nadu,Bhiwandi,Urban,6,Processing,Pending,,11834.04,0.16,Low,0.88
2281,55,Female,Non-Graduate,Self-employed,9,786815,2389,0.21,604,80.8,No,900957,Vehicle,Vehicle,17,14.14,High,Private Bank,1.41,Offline,Telangana,Bihar District,Rural,9,Done,Pending,,11687.47,0.18,Low,1.15
2282,51,Female,Graduate,Salaried,15,532527,9724,0.33,629,44.09,No,328391,Appliances,Appliances,19,17.74,High,Government Bank,0.43,Online,Madhya Pradesh,Vijayanagaram,Urban,22,Processing,Pending,,5031.98,0.11,Low,0.62
2283,29,Male,Graduate,Salaried,26,810399,9760,0.19,648,39.54,No,229931,Business,Business,17,13.28,High,Private Bank,0.97,Offline,Gujarat,Goa District,Rural,4,Done,Pending,,2845.98,0.04,Low,0.28
2284,26,Female,Graduate,Salaried,19,633556,18584,0.53,796,85.7,No,1054950,Agriculture,Agriculture,13,5.37,Low,Government Bank,0.52,Online,Tamil Nadu,Guwahati,Urban,19,Done,Approved,,9409.91,0.18,Low,1.67
2285,35,Male,Graduate,Salaried,16,497340,12492,0.35,574,40.15,No,139565,Education,Education,15,16.13,High,Government Bank,0.35,Online,Tamil Nadu,Etawah,Urban,12,Done,Rejected,Low CIBIL Score,2062.46,0.05,Low,0.28
2286,40,Male,Graduate,Salaried,7,781423,16565,0.5,806,64.67,No,357616,Personal,Personal,2,7.06,Low,Private Bank,1.44,Online,Telangana,Munger,Urban,6,Processing,Approved,,16021.12,0.25,Low,0.46
2287,54,Male,Graduate,Salaried,16,540199,10351,0.35,568,65.2,Yes,277378,Vehicle,Vehicle,7,15.58,High,Private Bank,1.24,Online,Delhi,Mysore,Urban,8,Done,Pending,,5443.15,0.12,Low,0.51
2288,46,Female,Graduate,Self-employed,25,1922703,10037,0.21,653,66.46,No,2057683,Appliances,Appliances,12,8.96,Medium,Government Bank,0.64,Offline,Tamil Nadu,Mizoram District,Rural,16,Processing,Pending,,23370.73,0.15,Low,1.07
2289,34,Male,Graduate,Self-employed,7,1201272,13907,0.56,850,69.02,Yes,2963014,Education,Education,9,10.42,Medium,Government Bank,0.75,Offline,Bihar,Arunachal Pradesh District,Rural,14,Done,Pending,,42392.2,0.42,Medium,2.47
2290,53,Male,Graduate,Salaried,19,510490,18761,0.58,591,72.58,No,399761,Personal,Personal,13,15.94,High,Private Bank,0.95,Online,Bihar,Shimoga,Urban,8,Done,Pending,,6087.1,0.14,Low,0.78
2291,32,Female,Non-Graduate,Salaried,5,648838,499,0.14,550,60.03,No,256825,Home,Home,4,16.11,High,Finance Company,1.73,Offline,Karnataka,Bihar District,Rural,3,Done,Pending,,7292.97,0.13,Low,0.4
2292,58,Female,Graduate,Salaried,9,504553,4346,0.14,800,47.45,No,129373,Business,Business,11,5.91,Low,Private Bank,1.43,Offline,Kerala,Meghalaya District,Rural,8,Done,Approved,,1335.29,0.03,Low,0.26
2293,28,Male,Graduate,Salaried,30,708420,11856,0.25,682,12.74,No,273200,Business,Business,14,10.03,Medium,Government Bank,0.76,Online,Bihar,South Dumdum,Urban,19,Done,Pending,,3032.53,0.05,Low,0.39
2294,41,Male,Graduate,Self-employed,14,1381614,3749,0.26,848,42.71,No,2018695,Appliances,Appliances,9,8.33,Low,Finance Company,2.78,Online,Gujarat,Bongaigaon,Urban,1,Processing,Approved,,26627.41,0.23,Low,1.46
2295,51,Female,Graduate,Salaried,9,849493,4505,0.2,812,89.06,No,954429,Personal,Personal,14,8.99,Low,Finance Company,1.95,Online,Punjab,Srikakulam,Urban,1,Processing,Approved,,10005.79,0.14,Low,1.12
2296,53,Male,Graduate,Salaried,21,401151,5243,0.19,740,75.41,No,118972,Vehicle,Vehicle,19,9.7,Medium,Private Bank,0.82,Online,Bihar,Srinagar,Urban,4,Done,Pending,,1144.21,0.03,Low,0.3
2297,53,Male,Graduate,Salaried,28,924832,6823,0.15,603,15.33,No,296339,Personal,Personal,10,13.59,High,Private Bank,0.82,Online,Tamil Nadu,Muzaffarnagar,Urban,8,Done,Rejected,Low CIBIL Score,4528.38,0.06,Low,0.32
2298,56,Male,Graduate,Salaried,22,626517,15679,0.76,739,58.4,No,1158293,Appliances,Appliances,5,8.96,Medium,Finance Company,1.79,Online,Kerala,Mangalore,Urban,5,Processing,Pending,,24021.78,0.46,High,1.85
2299,34,Female,Graduate,Salaried,14,636766,9143,0.38,695,45.91,No,1173480,Appliances,Appliances,18,8.8,Medium,Private Bank,1.23,Online,West Bengal,Bathinda,Urban,4,Done,Pending,,10842.86,0.2,Low,1.84
2300,57,Male,Graduate,Self-employed,30,1352551,10,0.15,645,26.14,No,1161073,Agriculture,Agriculture,11,13.65,High,Finance Company,1.56,Online,Telangana,Kanpur,Urban,5,Processing,Rejected,Previous Loan Default,17034.79,0.15,Low,0.86
2301,41,Male,Graduate,Salaried,29,998114,23048,0.33,842,79.87,No,437084,Vehicle,Vehicle,14,7.24,Low,Private Bank,0.92,Online,Rajasthan,Etawah,Urban,8,Processing,Approved,,4146.45,0.05,Low,0.44
2302,55,Male,Graduate,Salaried,5,708096,21337,0.43,594,36.1,No,287498,Vehicle,Vehicle,17,14.64,High,Government Bank,0.39,Online,Rajasthan,Pudukkottai,Urban,21,Done,Rejected,Previous Loan Default,3830.25,0.06,Low,0.41
2303,50,Male,Graduate,Self-employed,24,1066572,18540,0.48,751,20.97,No,972203,Education,Education,4,9.33,Medium,Finance Company,1.97,Offline,Rajasthan,Odisha District,Rural,4,Processing,Approved,,24345.94,0.27,Low,0.91
2304,25,Male,Graduate,Pensioner,25,395821,15640,0.53,602,44.14,No,95997,Education,Education,8,17.98,High,Government Bank,0.63,Offline,Madhya Pradesh,Gujarat District,Rural,12,Done,Rejected,Previous Loan Default,1892.21,0.06,Low,0.24
2305,31,Male,Graduate,Salaried,25,662874,13208,0.38,614,69.46,No,225353,Agriculture,Agriculture,3,16.74,High,Finance Company,1.58,Online,Kerala,Rewa,Urban,4,Done,Pending,,8005.32,0.14,Low,0.34
2306,34,Male,Graduate,Salaried,25,488205,22125,0.64,553,65.3,No,244426,Appliances,Appliances,11,15.72,High,Finance Company,2.64,Offline,Telangana,Jharkhand District,Rural,1,Processing,Rejected,Low Income,3902.14,0.1,Low,0.5
2307,46,Female,Graduate,Salaried,9,885624,18641,0.35,733,52.73,No,631454,Personal,Personal,15,11.58,Medium,Government Bank,0.27,Online,Rajasthan,Ramagundam,Urban,17,Done,Pending,,7408.73,0.1,Low,0.71
2308,34,Male,Non-Graduate,Salaried,14,537924,23491,0.59,711,69.54,No,238959,Personal,Personal,11,9.39,Medium,Finance Company,1.81,Offline,Delhi,Mizoram District,Rural,5,Done,Pending,,2909.86,0.06,Low,0.44
2309,54,Female,Graduate,Salaried,18,652741,19860,0.73,588,34.54,No,947013,Home,Home,6,14.54,High,Private Bank,0.92,Online,Rajasthan,South Dumdum,Urban,8,Done,Rejected,High Loan Amount Request,19788.79,0.36,Medium,1.45
2310,29,Male,Graduate,Salaried,19,766657,16196,0.41,621,65.33,No,778151,Agriculture,Agriculture,17,13.88,High,Government Bank,0.32,Offline,Tamil Nadu,Uttarakhand District,Rural,16,Processing,Pending,,9953.63,0.16,Low,1.01
2311,61,Male,Non-Graduate,Pensioner,17,305077,8291,0.43,786,85.64,No,187105,Home,Home,8,7.39,Low,Finance Company,2.8,Offline,Rajasthan,Haryana District,Rural,4,Processing,Approved,,2587.4,0.1,Low,0.61
2312,32,Male,Graduate,Self-employed,22,1098250,23853,0.4,673,87.9,No,1060322,Education,Education,14,11.16,Medium,Government Bank,0.78,Online,Karnataka,Hubli–Dharwad,Urban,20,Processing,Approved,,12500.49,0.14,Low,0.97
2313,46,Male,Graduate,Salaried,16,429055,7203,0.32,509,20.96,No,292656,Appliances,Appliances,15,15.8,High,Government Bank,0.31,Online,Delhi,Aligarh,Urban,22,Processing,Pending,,4257.5,0.12,Low,0.68
2314,43,Male,Non-Graduate,Self-employed,11,1694053,21070,0.27,800,56.14,No,2396435,Agriculture,Agriculture,17,5.03,Low,Private Bank,1.56,Offline,Uttar Pradesh,Haryana District,Rural,6,Done,Approved,,17500.14,0.12,Low,1.41
2315,49,Male,Graduate,Salaried,22,937782,16810,0.38,598,22.09,No,557261,Education,Education,5,12.36,High,Private Bank,1.53,Offline,Bihar,Telangana District,Rural,5,Processing,Pending,,12497.58,0.16,Low,0.59
2316,31,Male,Graduate,Salaried,6,484734,22773,0.72,639,15.22,No,383526,Appliances,Appliances,10,15.32,High,Government Bank,0.57,Online,Delhi,Panvel,Urban,14,Processing,Pending,,6262.99,0.16,Low,0.79
2317,35,Male,Graduate,Self-employed,29,1823450,5252,0.18,749,34.85,No,1808477,Agriculture,Agriculture,11,9.01,Medium,Private Bank,1.05,Online,Bihar,Nanded,Urban,7,Done,Approved,,21640.83,0.14,Low,0.99
2318,32,Male,Non-Graduate,Salaried,17,637786,23658,0.62,760,69.98,No,837387,Agriculture,Agriculture,11,7.77,Low,Private Bank,1.29,Offline,Kerala,Goa District,Rural,8,Done,Approved,,9455.76,0.18,Low,1.31
2319,29,Male,Graduate,Self-employed,29,1374222,7044,1.18,654,23.04,No,2819165,Personal,Personal,2,8.11,Medium,Finance Company,2.32,Online,Karnataka,Giridih,Urban,5,Done,Pending,,127644.68,1.11,High,2.05
2320,44,Female,Graduate,Self-employed,26,1923896,22492,0.34,516,44.69,No,2161241,Appliances,Appliances,15,15.92,High,Private Bank,1.49,Online,Karnataka,Kolhapur,Urban,7,Processing,Rejected,Low Income,31621.7,0.2,Low,1.12
2321,35,Female,Graduate,Salaried,27,870272,19419,0.37,802,17.65,No,1039735,Education,Education,18,5.26,Low,Private Bank,1.5,Online,West Bengal,Rajpur Sonarpur,Urban,9,Done,Approved,,7456.46,0.1,Low,1.19
2322,32,Male,Graduate,Salaried,29,498456,11588,0.35,801,31.58,No,261605,Business,Business,11,7.84,Low,Finance Company,2.44,Online,Bihar,Bidhannagar,Urban,1,Done,Approved,,2963.85,0.07,Low,0.52
2323,61,Male,Graduate,Self-employed,25,1432861,24299,0.35,535,29.58,No,729071,Home,Home,5,16.15,High,Government Bank,0.78,Online,Madhya Pradesh,Salem,Urban,14,Done,Rejected,Previous Loan Default,17787.75,0.15,Low,0.51
2324,39,Male,Graduate,Self-employed,11,1093653,22750,0.35,612,62.24,No,387266,Vehicle,Vehicle,5,13.53,High,Private Bank,1.41,Offline,Bihar,Manipur District,Rural,8,Processing,Rejected,Low Income,8916.92,0.1,Low,0.35
2325,45,Male,Graduate,Salaried,21,640248,15720,0.71,599,70.86,No,1157559,Business,Business,8,17.12,High,Finance Company,1.59,Online,Maharashtra,Guna,Urban,3,Done,Rejected,Low CIBIL Score,22217.25,0.42,Medium,1.81
2326,52,Male,Graduate,Salaried,22,433321,7179,0.43,616,34.08,Yes,325750,Appliances,Appliances,5,17.71,High,Private Bank,1.07,Online,Gujarat,Phusro,Urban,4,Processing,Pending,,8220.6,0.23,Low,0.75
2327,45,Female,Non-Graduate,Self-employed,18,1969155,16113,0.49,796,66.65,No,2715704,Education,Education,4,5.97,Low,Private Bank,0.98,Offline,Kerala,Tripura District,Rural,8,Processing,Approved,,63741.04,0.39,Medium,1.38
2328,35,Male,Graduate,Salaried,14,871325,13889,0.47,622,60.06,Yes,1156473,Business,Business,10,17.36,High,Finance Company,1.89,Online,Rajasthan,Mau,Urban,2,Processing,Rejected,Low Income,20363.81,0.28,Low,1.33
2329,31,Female,Graduate,Self-employed,12,656828,22988,0.5,592,34.98,No,306886,Appliances,Appliances,20,15.77,High,Private Bank,0.86,Online,Maharashtra,Haridwar,Urban,7,Processing,Rejected,High Loan Amount Request,4216.7,0.08,Low,0.47
2330,48,Female,Graduate,Self-employed,12,1865101,23605,0.28,754,16.59,No,1599096,Education,Education,13,11.27,Medium,Government Bank,0.71,Online,Gujarat,Chennai,Urban,16,Processing,Pending,,19571.23,0.13,Low,0.86
2331,39,Female,Graduate,Salaried,16,500919,14639,0.36,700,52.18,No,52180,Business,Business,19,8.07,Medium,Government Bank,0.63,Online,Maharashtra,Satna,Urban,13,Processing,Pending,,448.12,0.01,Low,0.1
2332,55,Male,Graduate,Salaried,14,412436,1287,0.22,632,19.23,No,399324,Personal,Personal,12,15.92,High,Government Bank,0.73,Online,Maharashtra,Jamshedpur,Urban,12,Done,Rejected,High Existing EMI,6231.8,0.18,Low,0.97
2333,62,Male,Graduate,Salaried,8,894744,13904,0.48,658,86.78,No,459448,Home,Home,2,12.08,Medium,Finance Company,2.28,Online,Karnataka,Kishanganj,Urban,4,Processing,Approved,,21644.98,0.29,Low,0.51
2334,50,Female,Graduate,Salaried,20,487881,20045,0.55,584,22.08,No,161110,Education,Education,19,16.42,High,Private Bank,1.22,Online,Telangana,Bikaner,Urban,8,Done,Pending,,2308.67,0.06,Low,0.33
2335,53,Female,Graduate,Salaried,12,996547,18945,0.36,751,49.45,No,951548,Home,Home,15,11.72,Medium,Government Bank,0.42,Online,Madhya Pradesh,Katihar,Urban,19,Processing,Pending,,11249.33,0.14,Low,0.95
2336,27,Male,Non-Graduate,Salaried,15,830080,21709,0.53,508,52.1,No,1108090,Business,Business,15,14.05,High,Private Bank,1.34,Offline,Maharashtra,Chhattisgarh District,Rural,9,Processing,Rejected,Previous Loan Default,14794.14,0.21,Low,1.33
2337,30,Male,Graduate,Salaried,23,908779,23327,0.52,723,28.58,No,1058855,Vehicle,Vehicle,9,11.39,Medium,Finance Company,1.58,Online,Punjab,Bathinda,Urban,5,Done,Pending,,15715.85,0.21,Low,1.17
2338,28,Male,Graduate,Salaried,8,907833,15321,0.32,724,85.48,No,694803,Agriculture,Agriculture,14,12.94,Medium,Government Bank,0.62,Offline,Karnataka,Haryana District,Rural,16,Done,Approved,,8972.64,0.12,Low,0.77
2339,54,Female,Graduate,Self-employed,27,900021,24930,0.52,548,52.65,No,834305,Home,Home,9,14.75,High,Finance Company,2.34,Offline,Telangana,Bihar District,Rural,3,Done,Rejected,Previous Loan Default,13996.05,0.19,Low,0.93
2340,42,Male,Graduate,Salaried,14,727772,18474,0.5,528,88.75,No,747846,Business,Business,15,17.5,High,Government Bank,0.73,Online,Gujarat,Sonipat,Urban,17,Done,Pending,,11775.42,0.19,Low,1.03
2341,44,Female,Graduate,Self-employed,7,1601954,14879,0.54,520,20.56,No,1980716,Business,Business,4,16.55,High,Government Bank,0.35,Online,Uttar Pradesh,Gudivada,Urban,14,Processing,Pending,,56693.55,0.42,Medium,1.24
2342,31,Male,Graduate,Pensioner,23,222348,11052,0.88,541,76.04,No,318742,Appliances,Appliances,10,15.79,High,Private Bank,1.33,Online,Tamil Nadu,Gandhidham,Urban,7,Done,Rejected,Previous Loan Default,5297.71,0.29,Low,1.43
2343,28,Female,Graduate,Salaried,26,696507,10916,0.4,571,29.33,No,861032,Business,Business,14,14.59,High,Finance Company,1.82,Online,Uttar Pradesh,Deoghar,Urban,3,Processing,Pending,,12050.99,0.21,Low,1.24
2344,46,Male,Graduate,Self-employed,12,691160,24991,0.56,589,57.02,Yes,445886,Vehicle,Vehicle,11,15.23,High,Government Bank,0.49,Online,West Bengal,Shimoga,Urban,14,Processing,Pending,,6979.89,0.12,Low,0.65
2345,55,Male,Graduate,Salaried,28,490413,23032,0.6,683,89.24,Yes,56103,Business,Business,4,8.25,Medium,Government Bank,0.35,Online,Uttar Pradesh,Amritsar,Urban,18,Done,Approved,,1376.23,0.03,Low,0.11
2346,59,Male,Graduate,Salaried,25,985681,11099,0.23,821,55.87,No,768643,Appliances,Appliances,14,8.24,Low,Government Bank,0.44,Offline,Karnataka,Andhra Pradesh District,Rural,20,Done,Approved,,7724.81,0.09,Low,0.78
2347,32,Female,Non-Graduate,Salaried,9,554934,459,0.07,626,47.15,No,205711,Business,Business,14,14.14,High,Private Bank,1.07,Offline,Madhya Pradesh,Maharashtra District,Rural,8,Done,Pending,,2817.68,0.06,Low,0.37
2348,56,Female,Graduate,Self-employed,12,977778,1874,0.13,729,89.65,No,715433,Vehicle,Vehicle,11,9.76,Medium,Government Bank,0.76,Online,Karnataka,Orai,Urban,18,Processing,Pending,,8860.26,0.11,Low,0.73
2349,44,Female,Graduate,Salaried,19,472184,920,0.21,811,13.51,No,313022,Appliances,Appliances,4,6.86,Low,Finance Company,2.61,Online,Tamil Nadu,Karimnagar,Urban,4,Processing,Approved,,7475.39,0.19,Low,0.66
2350,46,Female,Graduate,Self-employed,8,812207,21475,0.42,734,55.41,No,772030,Vehicle,Vehicle,19,8.91,Medium,Private Bank,0.81,Offline,Punjab,Tripura District,Rural,6,Done,Approved,,7034.73,0.1,Low,0.95
2351,28,Female,Non-Graduate,Self-employed,22,955549,1267,0.23,594,60.5,No,1178024,Personal,Personal,16,16.12,High,Government Bank,0.49,Offline,Delhi,Haryana District,Rural,22,Processing,Pending,,17147.7,0.22,Low,1.23
2352,52,Male,Non-Graduate,Salaried,25,511059,5516,0.15,707,33.15,No,106106,Home,Home,15,8.79,Medium,Private Bank,1.24,Offline,Telangana,Manipur District,Rural,7,Processing,Approved,,1062.98,0.02,Low,0.21
2353,30,Female,Graduate,Self-employed,20,1657504,10033,0.2,532,32.84,No,1026612,Vehicle,Vehicle,12,17.42,High,Government Bank,0.69,Offline,Telangana,Assam District,Rural,22,Done,Pending,,17041.91,0.12,Low,0.62
2354,60,Female,Graduate,Salaried,19,497204,21070,0.68,600,21.3,No,254775,Personal,Personal,4,13.63,High,Finance Company,2.76,Online,Telangana,Bidhannagar,Urban,5,Done,Rejected,High Loan Amount Request,6914.91,0.17,Low,0.51
2355,47,Male,Graduate,Salaried,21,964872,16691,0.27,673,37,No,467397,Appliances,Appliances,15,11.02,Medium,Government Bank,0.49,Online,Gujarat,Hazaribagh,Urban,16,Done,Approved,,5318.29,0.07,Low,0.48
2356,29,Female,Graduate,Salaried,24,481418,13109,0.47,783,22.33,No,337006,Education,Education,6,6.13,Low,Private Bank,1.47,Offline,Bihar,Bihar District,Rural,5,Processing,Approved,,5605.87,0.14,Low,0.7
2357,44,Female,Graduate,Salaried,15,617762,13199,0.62,525,63.88,No,1168606,Agriculture,Agriculture,10,14.54,High,Finance Company,2.59,Offline,Delhi,Tripura District,Rural,5,Done,Rejected,Low CIBIL Score,18525.87,0.36,Medium,1.89
2358,57,Male,Graduate,Salaried,11,865630,7977,0.46,689,84,No,765517,Appliances,Appliances,3,11.4,Medium,Government Bank,0.28,Offline,Bihar,Mizoram District,Rural,13,Done,Approved,,25207.3,0.35,Medium,0.88
2359,33,Female,Graduate,Salaried,23,882338,17087,0.42,628,42.92,No,835957,Appliances,Appliances,13,17.54,High,Finance Company,2.69,Online,Madhya Pradesh,Haldia,Urban,1,Processing,Rejected,Low CIBIL Score,13636.65,0.19,Low,0.95
2360,37,Male,Graduate,Salaried,26,869827,15140,0.31,742,58.39,No,760941,Agriculture,Agriculture,20,9.33,Medium,Private Bank,1.1,Online,Karnataka,Panvel,Urban,6,Processing,Pending,,7008.71,0.1,Low,0.87
2361,62,Male,Graduate,Salaried,11,538521,3427,0.12,512,33.15,No,133804,Business,Business,14,15.42,High,Government Bank,0.59,Online,Tamil Nadu,Guntur,Urban,17,Processing,Rejected,Previous Loan Default,1947.34,0.04,Low,0.25
2362,40,Male,Graduate,Pensioner,18,340021,17418,0.71,703,14.77,No,172931,Education,Education,9,12.75,Medium,Private Bank,1.12,Offline,Punjab,Tripura District,Rural,9,Done,Approved,,2699.49,0.1,Low,0.51
2363,25,Male,Graduate,Pensioner,13,294329,4889,0.24,804,49.02,Yes,99027,Education,Education,16,10.78,Medium,Finance Company,2.18,Online,Kerala,Kolkata,Urban,5,Done,Approved,,1084.32,0.04,Low,0.34
2364,37,Male,Graduate,Self-employed,27,1002600,17073,0.38,677,87.47,No,714754,Vehicle,Vehicle,5,8.19,Medium,Private Bank,1.39,Offline,Uttar Pradesh,Bihar District,Rural,4,Done,Pending,,14557.71,0.17,Low,0.71
2365,43,Male,Graduate,Self-employed,15,1609203,3055,0.17,684,77.5,No,1799464,Vehicle,Vehicle,18,11.57,Medium,Finance Company,1.99,Online,West Bengal,Farrukhabad,Urban,3,Processing,Pending,,19847.78,0.15,Low,1.12
2366,56,Female,Graduate,Salaried,20,578033,17148,0.46,536,31.17,No,238591,Personal,Personal,7,16.38,High,Government Bank,0.44,Online,Kerala,Bijapur,Urban,17,Done,Pending,,4790.69,0.1,Low,0.41
2367,44,Male,Graduate,Salaried,12,476436,3982,0.21,657,12.78,No,204394,Vehicle,Vehicle,5,11.63,Medium,Finance Company,1.78,Online,Uttar Pradesh,Bikaner,Urban,1,Processing,Pending,,4508.51,0.11,Low,0.43
2368,57,Male,Graduate,Salaried,10,646597,12532,0.51,640,50.71,No,880096,Vehicle,Vehicle,11,16.97,High,Finance Company,1.73,Online,Madhya Pradesh,Ozhukarai,Urban,4,Done,Rejected,Low Income,14758.16,0.27,Low,1.36
2369,45,Female,Non-Graduate,Salaried,26,905147,17371,0.41,754,68.44,No,1106069,Appliances,Appliances,13,11.65,Medium,Private Bank,0.95,Offline,Maharashtra,Manipur District,Rural,4,Done,Approved,,13793.84,0.18,Low,1.22
2370,53,Male,Non-Graduate,Salaried,11,546883,326,0.02,711,16.48,No,57618,Education,Education,13,12.33,Medium,Government Bank,0.6,Offline,West Bengal,Tripura District,Rural,18,Done,Pending,,742.78,0.02,Low,0.11
2371,59,Male,Graduate,Salaried,7,982207,12878,0.19,694,32.79,No,238456,Business,Business,18,12.43,Medium,Finance Company,2.73,Online,Telangana,Sri Ganganagar,Urban,3,Processing,Approved,,2768.98,0.03,Low,0.24
2372,59,Male,Graduate,Salaried,16,833393,21279,0.39,739,14.02,No,522390,Vehicle,Vehicle,20,11.88,Medium,Finance Company,2.46,Online,Telangana,Panvel,Urban,1,Processing,Pending,,5708.32,0.08,Low,0.63
2373,38,Female,Graduate,Salaried,20,931187,22046,0.37,743,73.31,No,558965,Appliances,Appliances,11,8.23,Medium,Private Bank,1,Online,Uttar Pradesh,Rajpur Sonarpur,Urban,9,Done,Pending,,6450.26,0.08,Low,0.6
2374,60,Male,Graduate,Salaried,5,948596,9289,0.8,512,22.81,Yes,1104621,Home,Home,2,16.31,High,Government Bank,0.26,Offline,Delhi,Andhra Pradesh District,Rural,15,Processing,Pending,,54249.44,0.69,High,1.16
2375,41,Male,Graduate,Salaried,17,966458,52,0.03,675,53.16,No,206119,Appliances,Appliances,12,10.56,Medium,Government Bank,0.75,Offline,Maharashtra,Andhra Pradesh District,Rural,17,Processing,Pending,,2530.42,0.03,Low,0.21
2376,55,Male,Graduate,Salaried,26,440919,4509,0.26,644,44.26,No,190524,Education,Education,4,13.7,High,Finance Company,2.89,Online,Rajasthan,Bulandshahr,Urban,5,Done,Rejected,Low CIBIL Score,5177.72,0.14,Low,0.43
2377,50,Female,Graduate,Salaried,19,868763,13975,0.29,574,38.9,No,534991,Appliances,Appliances,15,14.56,High,Private Bank,1.17,Online,Gujarat,Kolhapur,Urban,7,Done,Pending,,7327.1,0.1,Low,0.62
2378,30,Male,Graduate,Salaried,27,559120,20445,0.71,745,81.62,No,373154,Business,Business,3,12.86,Medium,Private Bank,0.85,Online,West Bengal,Amaravati,Urban,5,Processing,Pending,,12547.88,0.27,Low,0.67
2379,49,Male,Graduate,Salaried,21,932564,15385,0.26,771,26.25,No,568369,Education,Education,18,8.04,Low,Private Bank,1.51,Online,Telangana,Delhi,Urban,6,Processing,Approved,,4986.78,0.06,Low,0.61
2380,38,Female,Graduate,Self-employed,13,1458778,1007,0.44,646,89.21,No,1562561,Agriculture,Agriculture,3,13.41,High,Finance Company,1.64,Online,Maharashtra,Sasaram,Urban,5,Processing,Rejected,Low CIBIL Score,52957.96,0.44,Medium,1.07
2381,41,Male,Graduate,Salaried,8,481352,22891,0.66,570,14.59,No,183702,Education,Education,9,17.91,High,Private Bank,1.21,Online,Maharashtra,Bhilwara,Urban,8,Processing,Rejected,Low CIBIL Score,3435.34,0.09,Low,0.38
2382,42,Male,Graduate,Salaried,6,704640,73,0.62,849,50.2,No,831582,Home,Home,2,5.22,Low,Finance Company,2.18,Online,Punjab,Jalandhar,Urban,4,Processing,Approved,,36564.65,0.62,High,1.18
2383,56,Male,Graduate,Self-employed,16,1089275,6017,0.14,827,74.37,No,990028,Appliances,Appliances,20,5.04,Low,Government Bank,0.73,Offline,Rajasthan,Sikkim District,Rural,14,Processing,Approved,,6555.64,0.07,Low,0.91
2384,41,Male,Graduate,Salaried,10,975149,9649,0.18,511,13.47,No,318823,Home,Home,10,12.9,High,Government Bank,0.67,Online,Karnataka,Kirari Suleman Nagar,Urban,18,Done,Pending,,4741.58,0.06,Low,0.33
2385,50,Male,Graduate,Salaried,30,429266,21451,0.82,590,71.14,No,373147,Home,Home,7,17.59,High,Finance Company,2.57,Online,Telangana,Avadi,Urban,4,Done,Pending,,7753.33,0.22,Low,0.87
2386,36,Male,Non-Graduate,Salaried,24,789574,4529,0.27,719,29.7,No,1124147,Personal,Personal,15,11.21,Medium,Private Bank,1.43,Offline,Uttar Pradesh,Gujarat District,Rural,4,Done,Pending,,12925.65,0.2,Low,1.42
2387,29,Female,Graduate,Self-employed,21,1610900,2713,0.12,585,30.29,No,1079894,Business,Business,19,14.04,High,Finance Company,2.63,Online,Madhya Pradesh,Ulhasnagar,Urban,5,Processing,Rejected,High Existing EMI,13593.1,0.1,Low,0.67
2388,49,Female,Graduate,Salaried,17,843037,24545,0.82,535,42.06,No,989685,Vehicle,Vehicle,3,12.72,High,Government Bank,0.38,Offline,Madhya Pradesh,Jharkhand District,Rural,17,Processing,Rejected,High Loan Amount Request,33213.08,0.47,High,1.17
2389,59,Female,Graduate,Salaried,22,787712,1444,0.16,752,32.83,No,665951,Education,Education,10,11.29,Medium,Government Bank,0.71,Offline,Rajasthan,Nagaland District,Rural,21,Done,Pending,,9283.14,0.14,Low,0.85
2390,50,Female,Non-Graduate,Salaried,23,923644,8643,0.18,830,21.7,No,374337,Education,Education,8,6.91,Low,Government Bank,0.35,Offline,Maharashtra,Gujarat District,Rural,15,Done,Approved,,5086.86,0.07,Low,0.41
2391,58,Female,Graduate,Salaried,9,565100,19863,0.43,724,74.3,No,55285,Home,Home,19,10.05,Medium,Private Bank,1.12,Online,Tamil Nadu,Ozhukarai,Urban,7,Processing,Approved,,544.3,0.01,Low,0.1
2392,55,Female,Graduate,Salaried,17,754879,9814,0.21,520,87.41,No,228773,Vehicle,Vehicle,13,14.75,High,Private Bank,1.17,Online,Punjab,Mango,Urban,6,Processing,Rejected,High Loan Amount Request,3303.19,0.05,Low,0.3
2393,60,Male,Non-Graduate,Salaried,20,554582,19133,0.49,653,75.92,No,367132,Education,Education,20,9,Medium,Private Bank,0.97,Offline,Rajasthan,Karnataka District,Rural,7,Processing,Pending,,3303.18,0.07,Low,0.66
2394,25,Male,Graduate,Self-employed,26,1588602,528,0.21,740,80.88,No,2510522,Vehicle,Vehicle,15,10.31,Medium,Private Bank,1.37,Offline,Kerala,Manipur District,Rural,5,Done,Approved,,27456.3,0.21,Low,1.58
2395,25,Female,Graduate,Salaried,14,738866,21244,0.78,727,63.36,No,860515,Personal,Personal,3,8.2,Medium,Government Bank,0.77,Online,West Bengal,Tadipatri,Urban,16,Done,Approved,,27044.88,0.44,Medium,1.16
2396,57,Female,Graduate,Salaried,5,575788,10231,0.26,808,60.6,No,265040,Education,Education,17,6.19,Low,Government Bank,0.72,Online,Telangana,Amaravati,Urban,15,Done,Approved,,2103.59,0.04,Low,0.46
2397,62,Female,Graduate,Salaried,6,561050,24612,0.62,747,60.71,No,355369,Agriculture,Agriculture,13,11.26,Medium,Private Bank,1.48,Online,Karnataka,Thanjavur,Urban,6,Done,Approved,,4347.18,0.09,Low,0.63
2398,55,Female,Graduate,Salaried,24,642783,18925,0.62,508,67.97,No,297472,Agriculture,Agriculture,2,14,High,Finance Company,2.36,Online,Madhya Pradesh,Bhilwara,Urban,1,Done,Pending,,14282.49,0.27,Low,0.46
2399,48,Male,Graduate,Self-employed,23,1420210,8075,0.16,533,60.23,No,769684,Appliances,Appliances,12,12.54,High,Government Bank,0.56,Online,West Bengal,Hospet,Urban,17,Processing,Pending,,10362.31,0.09,Low,0.54
2400,37,Female,Non-Graduate,Self-employed,9,702696,3702,0.18,639,13.4,No,396877,Education,Education,8,14.94,High,Private Bank,1.29,Offline,West Bengal,Kerala District,Rural,8,Done,Pending,,7108.35,0.12,Low,0.56
2401,48,Female,Graduate,Self-employed,22,1616048,4119,0.12,801,89.96,No,1316658,Home,Home,18,7.9,Low,Government Bank,0.56,Offline,Tamil Nadu,Jharkhand District,Rural,15,Done,Approved,,11440.76,0.08,Low,0.81
2402,58,Male,Graduate,Salaried,28,475260,21265,0.59,751,39.15,Yes,174909,Business,Business,20,12.44,Medium,Finance Company,1.65,Online,Rajasthan,Jhansi,Urban,3,Done,Pending,,1979.82,0.05,Low,0.37
2403,34,Male,Graduate,Self-employed,14,886575,3355,0.83,531,53.35,No,1177733,Agriculture,Agriculture,2,16.37,High,Government Bank,0.79,Online,West Bengal,Tezpur,Urban,14,Done,Pending,,57873.9,0.78,High,1.33
2404,46,Female,Graduate,Self-employed,22,792717,10482,0.58,532,67.35,No,1155256,Personal,Personal,5,15.06,High,Private Bank,1.57,Online,Karnataka,Bongaigaon,Urban,4,Processing,Rejected,Previous Loan Default,27519.86,0.42,Medium,1.46
2405,44,Male,Graduate,Salaried,30,693018,18019,0.38,756,42.8,No,442193,Appliances,Appliances,19,9.19,Medium,Finance Company,2.92,Online,Tamil Nadu,Visakhapatnam,Urban,5,Done,Approved,,4107.88,0.07,Low,0.64
2406,49,Male,Graduate,Salaried,5,845470,14457,0.34,822,20.83,No,1021295,Appliances,Appliances,15,7.93,Low,Private Bank,1.41,Online,Madhya Pradesh,Nellore,Urban,8,Done,Approved,,9718.8,0.14,Low,1.21
2407,43,Male,Graduate,Salaried,27,680726,3026,0.34,626,51.03,No,1176074,Personal,Personal,11,12.6,High,Private Bank,1.41,Online,Rajasthan,Haldia,Urban,9,Done,Rejected,High Existing EMI,16506.57,0.29,Low,1.73
2408,38,Male,Graduate,Salaried,7,825507,16054,0.3,726,39.33,No,346811,Personal,Personal,12,12.01,Medium,Finance Company,1.66,Online,Karnataka,Bangalore,Urban,2,Processing,Pending,,4557.18,0.07,Low,0.42
2409,29,Male,Non-Graduate,Salaried,26,417343,4179,0.21,603,77.31,No,247129,Appliances,Appliances,20,14.45,High,Government Bank,0.42,Offline,Karnataka,Odisha District,Rural,22,Processing,Pending,,3154.2,0.09,Low,0.59
2410,54,Male,Graduate,Salaried,28,662445,1036,0.08,807,58.37,No,393910,Home,Home,19,7.71,Low,Private Bank,1.1,Offline,Karnataka,Goa District,Rural,8,Processing,Approved,,3296.21,0.06,Low,0.59
2411,57,Female,Graduate,Salaried,9,932238,21096,0.45,531,64.53,No,687482,Business,Business,6,12.59,High,Private Bank,0.82,Online,Bihar,Jaunpur,Urban,9,Processing,Pending,,13652.27,0.18,Low,0.74
2412,48,Female,Non-Graduate,Salaried,12,499400,17510,0.61,570,45.06,No,275364,Business,Business,4,16.2,High,Finance Company,2.22,Offline,Bihar,Himachal Pradesh District,Rural,4,Done,Rejected,Low CIBIL Score,7832.13,0.19,Low,0.55
2413,47,Female,Graduate,Salaried,20,922006,10771,0.73,561,29.97,No,941013,Personal,Personal,2,14.84,High,Finance Company,2.69,Online,Karnataka,Bhopal,Urban,3,Processing,Rejected,Previous Loan Default,45555.06,0.59,High,1.02
2414,50,Male,Non-Graduate,Salaried,19,787603,2802,0.11,810,77.06,No,528623,Education,Education,14,5.84,Low,Government Bank,0.68,Offline,Tamil Nadu,Karnataka District,Rural,18,Done,Approved,,4613.48,0.07,Low,0.67
2415,57,Male,Non-Graduate,Salaried,7,453338,5095,0.21,849,75.73,No,280163,Personal,Personal,15,8.61,Low,Government Bank,0.75,Offline,Maharashtra,Assam District,Rural,14,Done,Approved,,2776.97,0.07,Low,0.62
2416,25,Male,Non-Graduate,Self-employed,16,1803055,16027,0.35,601,76.27,No,2851788,Appliances,Appliances,16,13.75,High,Private Bank,0.83,Offline,Bihar,Haryana District,Rural,5,Processing,Rejected,Previous Loan Default,36806.33,0.24,Low,1.58
2417,28,Female,Graduate,Salaried,6,513313,8321,0.36,531,12.07,Yes,361141,Vehicle,Vehicle,8,17.93,High,Finance Company,2,Online,Karnataka,Chinsurah,Urban,5,Processing,Pending,,7107.54,0.17,Low,0.7
2418,38,Male,Graduate,Salaried,19,548131,24689,0.77,633,71.65,No,219881,Home,Home,2,14.25,High,Finance Company,2.01,Offline,Punjab,Gujarat District,Rural,5,Processing,Pending,,10583.11,0.23,Low,0.4
2419,31,Male,Graduate,Salaried,27,406444,19049,0.69,841,36.47,No,375872,Home,Home,10,6.67,Low,Government Bank,0.57,Online,Delhi,Kumbakonam,Urban,20,Done,Approved,,4300.53,0.13,Low,0.92
2420,39,Female,Non-Graduate,Self-employed,17,791084,7011,0.27,752,17.53,No,931014,Appliances,Appliances,12,9.24,Medium,Finance Company,2.61,Offline,Tamil Nadu,Telangana District,Rural,5,Done,Pending,,10721.46,0.16,Low,1.18
2421,41,Male,Graduate,Self-employed,13,822408,15511,0.38,751,18.76,No,897848,Education,Education,19,12.53,Medium,Private Bank,1.6,Online,Bihar,Secunderabad,Urban,6,Done,Pending,,10343.54,0.15,Low,1.09
2422,33,Male,Non-Graduate,Salaried,18,524028,13710,0.56,625,30.46,No,313376,Business,Business,3,14.21,High,Government Bank,0.8,Offline,Delhi,West Bengal District,Rural,15,Done,Pending,,10742.44,0.25,Low,0.6
2423,49,Male,Graduate,Salaried,8,455751,14452,0.53,607,51.73,No,388497,Education,Education,17,16.3,High,Private Bank,1.45,Online,Karnataka,Shivpuri,Urban,7,Processing,Rejected,High Existing EMI,5636.57,0.15,Low,0.85
2424,46,Male,Non-Graduate,Self-employed,22,999394,10688,0.21,588,10.49,No,480529,Home,Home,19,15.22,High,Government Bank,0.47,Offline,Tamil Nadu,Gujarat District,Rural,16,Processing,Pending,,6459.64,0.08,Low,0.48
2425,25,Male,Graduate,Self-employed,14,1964403,23713,0.19,816,51.51,No,658220,Business,Business,13,7.75,Low,Government Bank,0.62,Online,Uttar Pradesh,Jhansi,Urban,20,Processing,Approved,,6708.39,0.04,Low,0.34
2426,50,Male,Graduate,Self-employed,21,767630,14526,0.5,608,15.58,Yes,359918,Appliances,Appliances,2,14.29,High,Government Bank,0.59,Offline,Uttar Pradesh,Jharkhand District,Rural,15,Done,Pending,,17330.05,0.27,Low,0.47
2427,59,Male,Graduate,Salaried,5,811309,5979,0.23,540,81.21,No,620794,Education,Education,11,14.76,High,Private Bank,1.08,Online,Kerala,Surat,Urban,8,Processing,Rejected,Low Income,9534.58,0.14,Low,0.77
2428,49,Male,Graduate,Salaried,17,432856,14121,0.51,711,28.86,No,350648,Agriculture,Agriculture,13,11.67,Medium,Finance Company,1.62,Online,West Bengal,Kanpur,Urban,2,Processing,Pending,,4377.25,0.12,Low,0.81
2429,42,Female,Graduate,Salaried,26,893959,9947,0.25,724,34.22,No,485643,Personal,Personal,7,12.48,Medium,Government Bank,0.38,Offline,Delhi,Meghalaya District,Rural,22,Done,Pending,,8698.09,0.12,Low,0.54
2430,28,Male,Graduate,Salaried,20,633418,3733,0.19,653,49.24,No,513552,Appliances,Appliances,11,10.44,Medium,Government Bank,0.67,Offline,Kerala,Gujarat District,Rural,14,Processing,Pending,,6558.13,0.12,Low,0.81
2431,38,Male,Graduate,Salaried,10,460722,18631,0.54,636,77.7,No,144717,Personal,Personal,14,16.23,High,Private Bank,1.45,Online,Madhya Pradesh,Thanjavur,Urban,6,Processing,Pending,,2186.11,0.06,Low,0.31
2432,35,Female,Graduate,Salaried,16,548224,24180,0.64,612,53.25,No,394231,Education,Education,20,14.42,High,Finance Company,1.74,Online,Madhya Pradesh,Agra,Urban,3,Processing,Rejected,High Loan Amount Request,5023.05,0.11,Low,0.72
2433,54,Female,Graduate,Salaried,9,537876,8940,0.26,823,54,No,119435,Appliances,Appliances,4,7.38,Low,Finance Company,2.35,Online,West Bengal,Nangloi Jat,Urban,3,Processing,Approved,,2881.12,0.06,Low,0.22
2434,62,Male,Graduate,Salaried,28,696162,9468,0.35,598,80,No,860520,Agriculture,Agriculture,19,14.3,High,Finance Company,2.66,Online,Karnataka,Mau,Urban,1,Done,Rejected,Low Income,10992.6,0.19,Low,1.24
2435,27,Male,Graduate,Salaried,26,511519,17008,0.48,848,53.43,No,74042,Appliances,Appliances,2,6.95,Low,Private Bank,1.48,Offline,Karnataka,Bihar District,Rural,8,Done,Approved,,3313.37,0.08,Low,0.14
2436,33,Male,Graduate,Self-employed,25,767661,18711,0.41,524,46.86,Yes,351502,Home,Home,6,15.6,High,Finance Company,2.02,Online,Telangana,Singrauli,Urban,3,Done,Rejected,Low CIBIL Score,7547.52,0.12,Low,0.46
2437,49,Male,Non-Graduate,Salaried,14,516948,11197,0.28,704,35.16,No,112462,Agriculture,Agriculture,18,9.35,Medium,Finance Company,2.61,Offline,Maharashtra,Tripura District,Rural,5,Processing,Pending,,1077.86,0.03,Low,0.22
2438,55,Male,Non-Graduate,Salaried,30,770519,14015,0.78,848,70.73,No,824537,Home,Home,2,5.01,Low,Government Bank,0.71,Offline,Uttar Pradesh,Tripura District,Rural,22,Done,Approved,,36177.28,0.56,High,1.07
2439,49,Male,Graduate,Self-employed,28,1022244,3273,0.18,769,46.6,No,1159407,Vehicle,Vehicle,10,5.32,Low,Private Bank,1.34,Online,Kerala,Hubli–Dharwad,Urban,6,Done,Approved,,12479.46,0.15,Low,1.13
2440,62,Female,Graduate,Self-employed,25,1255206,7473,0.27,713,65.52,No,1682871,Home,Home,11,10.01,Medium,Government Bank,0.61,Online,Delhi,Vijayawada,Urban,21,Processing,Pending,,21078.86,0.2,Low,1.34
2441,41,Male,Graduate,Salaried,27,527670,14330,0.4,741,75.02,No,283818,Personal,Personal,14,11.08,Medium,Government Bank,0.76,Online,Tamil Nadu,Alappuzha,Urban,22,Done,Approved,,3331.99,0.08,Low,0.54
2442,51,Female,Graduate,Salaried,16,847438,19547,0.33,655,73.66,No,345165,Agriculture,Agriculture,17,10.42,Medium,Government Bank,0.32,Online,Bihar,Bharatpur,Urban,15,Done,Approved,,3617.17,0.05,Low,0.41
2443,27,Female,Non-Graduate,Salaried,27,411474,24242,0.74,540,68.08,No,92624,Appliances,Appliances,19,12.94,High,Finance Company,2.24,Offline,West Bengal,West Bengal District,Rural,5,Processing,Pending,,1093.6,0.03,Low,0.23
2444,47,Female,Graduate,Self-employed,21,661383,12149,0.35,673,48.33,Yes,282820,Education,Education,4,10.83,Medium,Government Bank,0.31,Online,Maharashtra,Kottayam,Urban,16,Done,Pending,,7286.3,0.13,Low,0.43
2445,47,Female,Graduate,Salaried,12,937007,22236,0.35,605,74.5,No,214435,Education,Education,5,17.05,High,Government Bank,0.5,Online,Rajasthan,South Dumdum,Urban,16,Done,Pending,,5335.03,0.07,Low,0.23
2446,36,Male,Non-Graduate,Salaried,20,909596,15320,0.43,633,12.72,No,1120970,Home,Home,11,15.37,High,Private Bank,1.07,Offline,Karnataka,Sikkim District,Rural,9,Processing,Pending,,17646.78,0.23,Low,1.23
2447,47,Female,Graduate,Salaried,26,661865,23052,0.53,818,26.16,No,713328,Appliances,Appliances,15,6.91,Low,Private Bank,0.82,Offline,West Bengal,Bihar District,Rural,6,Processing,Approved,,6375.75,0.12,Low,1.08
2448,25,Male,Graduate,Pensioner,15,309628,10067,0.48,544,54.64,No,105382,Personal,Personal,6,15.24,High,Finance Company,2.33,Online,Telangana,Tiruppur,Urban,3,Processing,Rejected,Low Income,2242.06,0.09,Low,0.34
2449,58,Female,Graduate,Salaried,13,673304,14184,0.56,510,56.24,No,983706,Appliances,Appliances,8,14.44,High,Government Bank,0.31,Offline,Maharashtra,Maharashtra District,Rural,14,Done,Rejected,Low CIBIL Score,17335.69,0.31,Medium,1.46
2450,40,Female,Non-Graduate,Salaried,19,913070,7409,0.15,572,64.76,No,299203,Agriculture,Agriculture,20,15.04,High,Government Bank,0.38,Offline,Tamil Nadu,Madhya Pradesh District,Rural,16,Done,Pending,,3948.72,0.05,Low,0.33
2451,31,Male,Graduate,Salaried,14,716789,15445,0.4,528,68.7,No,599461,Vehicle,Vehicle,19,15.68,High,Government Bank,0.37,Offline,Karnataka,Sikkim District,Rural,22,Processing,Rejected,High Loan Amount Request,8261.08,0.14,Low,0.84
2452,58,Male,Graduate,Salaried,9,702595,16888,0.61,636,63.94,No,766761,Business,Business,5,17.1,High,Finance Company,1.54,Online,Madhya Pradesh,Bidhannagar,Urban,3,Processing,Rejected,High Existing EMI,19097.24,0.33,Medium,1.09
2453,35,Male,Graduate,Self-employed,5,1514383,15807,0.26,769,86.39,No,1698948,Home,Home,13,6.74,Low,Private Bank,1.47,Online,Kerala,Orai,Urban,9,Done,Approved,,16378.58,0.13,Low,1.12
2454,48,Female,Graduate,Self-employed,28,1463017,2478,0.31,715,85.76,No,2702266,Home,Home,9,8.11,Medium,Government Bank,0.65,Offline,Delhi,Jharkhand District,Rural,19,Done,Pending,,35334.3,0.29,Low,1.85
2455,42,Female,Non-Graduate,Salaried,24,587981,459,0.09,545,76.62,No,251354,Business,Business,16,17.98,High,Finance Company,2.54,Offline,Maharashtra,Kerala District,Rural,1,Processing,Rejected,Previous Loan Default,3996.01,0.08,Low,0.43
2456,54,Male,Graduate,Pensioner,15,213593,24979,1.54,850,37.7,No,195004,Home,Home,10,7.8,Low,Private Bank,1.24,Online,Madhya Pradesh,Dindigul,Urban,5,Done,Approved,,2345.38,0.13,Low,0.91
2457,55,Male,Graduate,Salaried,28,772400,15848,0.33,526,71.92,No,227936,Home,Home,5,15.16,High,Finance Company,2.49,Online,Bihar,Bettiah,Urban,5,Processing,Pending,,5441.74,0.08,Low,0.3
2458,60,Male,Graduate,Salaried,26,734791,7154,0.16,681,42.09,No,229178,Business,Business,20,11.98,Medium,Private Bank,1.16,Online,Kerala,Bijapur,Urban,9,Done,Pending,,2520.25,0.04,Low,0.31
2459,42,Male,Graduate,Salaried,6,920211,9678,0.33,567,23.9,No,1065191,Appliances,Appliances,11,13.96,High,Government Bank,0.72,Online,Karnataka,Mumbai,Urban,15,Processing,Pending,,15830.88,0.21,Low,1.16
2460,41,Male,Non-Graduate,Salaried,14,695058,9713,0.55,576,56.75,No,620449,Business,Business,3,17.1,High,Finance Company,2.52,Offline,Punjab,Kerala District,Rural,3,Done,Pending,,22151.59,0.38,Medium,0.89
2461,40,Female,Graduate,Salaried,11,548773,23103,0.52,680,50.45,No,68211,Education,Education,16,12.32,Medium,Government Bank,0.77,Offline,Uttar Pradesh,Uttar Pradesh District,Rural,14,Done,Pending,,814.96,0.02,Low,0.12
2462,44,Male,Graduate,Salaried,29,746469,11995,0.3,657,65.64,No,538285,Vehicle,Vehicle,11,9.68,Medium,Finance Company,2.61,Online,West Bengal,Gangtok,Urban,1,Done,Approved,,6642.17,0.11,Low,0.72
2463,35,Male,Graduate,Salaried,28,776569,2455,0.61,804,71.6,No,807508,Agriculture,Agriculture,2,8.88,Low,Finance Company,1.71,Online,Maharashtra,Bhalswa Jahangir Pur,Urban,3,Done,Approved,,36846.35,0.57,High,1.04
2464,48,Male,Graduate,Salaried,21,412065,17649,0.91,638,13.63,No,271567,Agriculture,Agriculture,2,17.22,High,Government Bank,0.54,Online,Delhi,Karaikudi,Urban,16,Processing,Rejected,Low Income,13455.61,0.39,Medium,0.66
2465,49,Male,Graduate,Self-employed,25,1361286,2375,0.08,752,20.61,No,687982,Education,Education,15,8.55,Medium,Finance Company,2.74,Online,Tamil Nadu,Raichur,Urban,3,Done,Pending,,6795.01,0.06,Low,0.51
2466,52,Male,Graduate,Salaried,18,897062,21448,0.71,796,80.88,Yes,680501,Personal,Personal,2,11.1,Medium,Finance Company,2.72,Online,West Bengal,Ahmednagar,Urban,3,Done,Pending,,31748.28,0.42,Medium,0.76
2467,40,Male,Graduate,Salaried,22,504908,7434,0.25,534,63.24,No,178148,Agriculture,Agriculture,13,17.57,High,Finance Company,3,Online,Kerala,Kochi,Urban,2,Processing,Pending,,2909.74,0.07,Low,0.35
2468,55,Female,Non-Graduate,Salaried,16,578387,22148,0.5,713,81.37,No,141298,Home,Home,12,11.41,Medium,Finance Company,2.59,Offline,West Bengal,Sikkim District,Rural,1,Processing,Approved,,1805.7,0.04,Low,0.24
2469,48,Male,Graduate,Salaried,20,589112,754,0.06,558,20.2,No,141300,Education,Education,12,14.86,High,Private Bank,1.44,Offline,Maharashtra,Telangana District,Rural,4,Processing,Pending,,2108.02,0.04,Low,0.24
2470,42,Male,Non-Graduate,Salaried,7,841260,3525,0.17,715,42.72,No,797544,Home,Home,19,10.74,Medium,Government Bank,0.59,Offline,Madhya Pradesh,West Bengal District,Rural,22,Done,Approved,,8215.34,0.12,Low,0.95
2471,36,Female,Non-Graduate,Self-employed,13,704692,14506,0.93,820,60.67,No,905788,Appliances,Appliances,2,5.3,Low,Private Bank,1.6,Offline,Tamil Nadu,Rajasthan District,Rural,7,Processing,Approved,,39859.99,0.68,High,1.29
2472,52,Male,Non-Graduate,Salaried,30,473281,872,0.12,793,59.08,Yes,335555,Appliances,Appliances,19,12.71,Medium,Government Bank,0.7,Offline,Rajasthan,Manipur District,Rural,21,Done,Pending,,3907.82,0.1,Low,0.71
2473,51,Female,Graduate,Self-employed,22,685962,3344,0.14,659,20.61,No,408303,Education,Education,16,11.69,Medium,Finance Company,2.19,Online,Gujarat,Saharsa,Urban,1,Processing,Approved,,4709.74,0.08,Low,0.6
2474,49,Female,Graduate,Salaried,30,534762,23336,0.68,541,23.92,No,246962,Education,Education,4,14.05,High,Private Bank,0.97,Offline,Gujarat,Maharashtra District,Rural,7,Processing,Rejected,Previous Loan Default,6754.8,0.15,Low,0.46
2475,33,Female,Non-Graduate,Self-employed,10,619125,1616,0.14,719,22.08,No,354323,Agriculture,Agriculture,7,9.74,Medium,Government Bank,0.79,Offline,Gujarat,Tamil Nadu District,Rural,13,Done,Approved,,5834.69,0.11,Low,0.57
2476,32,Female,Graduate,Self-employed,30,1738704,2402,0.06,752,34.99,Yes,505213,Agriculture,Agriculture,11,12.11,Medium,Private Bank,1.44,Online,Tamil Nadu,Muzaffarnagar,Urban,6,Processing,Pending,,6943.18,0.05,Low,0.29
2477,37,Male,Graduate,Salaried,25,658667,15466,0.45,831,68.08,No,475293,Education,Education,5,6.37,Low,Finance Company,1.84,Offline,Karnataka,Jharkhand District,Rural,5,Processing,Approved,,9270.74,0.17,Low,0.72
2478,40,Female,Graduate,Salaried,13,741942,8523,0.29,726,10.97,No,970974,Home,Home,15,8.12,Medium,Private Bank,1.25,Online,Maharashtra,Satara,Urban,7,Done,Approved,,9346.52,0.15,Low,1.31
2479,38,Female,Graduate,Pensioner,7,286339,23376,1.13,593,49.62,Yes,283157,Appliances,Appliances,15,12.76,High,Private Bank,1.25,Offline,Bihar,Odisha District,Rural,7,Done,Pending,,3538.02,0.15,Low,0.99
2480,38,Male,Graduate,Self-employed,15,1650589,16118,0.28,725,36.7,No,722899,Business,Business,3,8.52,Medium,Government Bank,0.5,Online,Telangana,Thiruvananthapuram,Urban,12,Done,Pending,,22826.84,0.17,Low,0.44
2481,36,Male,Non-Graduate,Self-employed,26,938986,13104,0.27,850,15.62,No,951189,Home,Home,13,5.04,Low,Government Bank,0.72,Offline,Kerala,Himachal Pradesh District,Rural,18,Done,Approved,,8323.79,0.11,Low,1.01
2482,41,Female,Non-Graduate,Salaried,12,838238,12565,0.25,660,56.04,No,509619,Agriculture,Agriculture,14,8.22,Medium,Finance Company,1.8,Offline,Telangana,Mizoram District,Rural,2,Done,Approved,,5115.81,0.07,Low,0.61
2483,33,Female,Graduate,Salaried,13,645016,17871,1.36,645,87.07,No,1149027,Appliances,Appliances,2,13.72,High,Finance Company,1.68,Online,Bihar,Kurnool,Urban,1,Done,Pending,,55016.23,1.02,High,1.78
2484,60,Male,Non-Graduate,Self-employed,25,1864529,2806,0.11,508,80.84,No,971880,Personal,Personal,12,14.03,High,Finance Company,2.05,Offline,Maharashtra,Manipur District,Rural,2,Processing,Pending,,13985.56,0.09,Low,0.52
2485,53,Female,Graduate,Salaried,13,892919,8505,0.53,740,34.47,Yes,916663,Education,Education,3,12.37,Medium,Private Bank,1.11,Offline,Telangana,Arunachal Pradesh District,Rural,4,Processing,Approved,,30608.57,0.41,Medium,1.03
2486,31,Male,Graduate,Self-employed,23,1620039,14930,0.24,836,47.25,No,2054155,Home,Home,16,7.05,Low,Government Bank,0.36,Offline,Delhi,Kerala District,Rural,15,Done,Approved,,17872.14,0.13,Low,1.27
2487,59,Female,Graduate,Salaried,26,831323,5492,0.22,521,67.3,Yes,555030,Vehicle,Vehicle,9,15.22,High,Finance Company,2.45,Online,Telangana,Singrauli,Urban,5,Processing,Rejected,High Loan Amount Request,9466.41,0.14,Low,0.67
2488,49,Female,Graduate,Self-employed,22,1579790,17876,0.28,733,21.72,No,2156146,Vehicle,Vehicle,18,8.57,Medium,Government Bank,0.26,Online,Gujarat,Rampur,Urban,19,Done,Pending,,19615.89,0.15,Low,1.36
2489,60,Male,Graduate,Pensioner,19,301067,22002,1.02,514,83.05,Yes,224673,Appliances,Appliances,11,15.65,High,Government Bank,0.52,Offline,Rajasthan,Tripura District,Rural,13,Processing,Pending,,3576.79,0.14,Low,0.75
2490,32,Male,Graduate,Salaried,7,481449,24486,0.7,608,79.08,No,189667,Agriculture,Agriculture,8,17.07,High,Private Bank,1.53,Online,Bihar,Khandwa,Urban,5,Done,Pending,,3634.64,0.09,Low,0.39
2491,30,Female,Graduate,Salaried,30,430710,8541,0.43,834,46.39,No,346055,Business,Business,5,6.98,Low,Private Bank,0.99,Online,Maharashtra,Nangloi Jat,Urban,9,Done,Approved,,6849.04,0.19,Low,0.8
2492,27,Female,Graduate,Salaried,6,406128,22519,0.84,555,18.67,No,293801,Vehicle,Vehicle,7,16.33,High,Government Bank,0.3,Online,Uttar Pradesh,Bihar Sharif,Urban,14,Processing,Rejected,Low Income,5890.85,0.17,Low,0.72
2493,38,Male,Graduate,Salaried,5,711973,18734,0.57,551,48.94,No,991501,Appliances,Appliances,14,16.62,High,Private Bank,1.37,Online,Rajasthan,Kamarhati,Urban,4,Done,Pending,,15244.18,0.26,Low,1.39
2494,32,Male,Graduate,Salaried,30,837380,23591,0.5,699,32.98,No,1059247,Education,Education,17,10.24,Medium,Finance Company,1.63,Online,West Bengal,Buxar,Urban,2,Processing,Pending,,10978.61,0.16,Low,1.26
2495,31,Male,Graduate,Self-employed,22,1682053,3208,0.27,622,88.87,No,1739350,Vehicle,Vehicle,7,16.07,High,Finance Company,2.71,Online,Punjab,Erode,Urban,5,Done,Pending,,34616.46,0.25,Low,1.03
2496,30,Female,Graduate,Salaried,12,598067,8961,0.42,647,45.48,No,250696,Business,Business,2,12.62,High,Private Bank,1.51,Online,Maharashtra,Chittoor,Urban,8,Processing,Rejected,Low CIBIL Score,11873.85,0.24,Low,0.42
2497,26,Male,Graduate,Self-employed,11,1747995,23357,0.47,710,62.47,No,2064772,Business,Business,5,11.17,Medium,Private Bank,1.26,Online,Karnataka,Bidhannagar,Urban,4,Processing,Pending,,45068.4,0.31,Medium,1.18
2498,39,Male,Graduate,Salaried,6,581911,6389,0.23,676,54.17,No,354401,Appliances,Appliances,13,12.42,Medium,Private Bank,1.24,Online,Maharashtra,Jaipur,Urban,9,Done,Pending,,4588.67,0.09,Low,0.61
2499,31,Male,Graduate,Salaried,9,741934,19688,0.44,560,36.99,No,605604,Business,Business,17,13.56,High,Finance Company,2.46,Online,Karnataka,Gopalpur,Urban,4,Processing,Pending,,7612.46,0.12,Low,0.82
2500,60,Male,Graduate,Self-employed,23,1693850,23897,0.66,795,61.54,No,2943260,Home,Home,4,5.97,Low,Government Bank,0.67,Online,Tamil Nadu,Allahabad,Urban,14,Done,Approved,,69082.07,0.49,High,1.74
2501,40,Female,Graduate,Self-employed,8,1336444,920,0.13,661,56.78,No,1650509,Agriculture,Agriculture,20,8.24,Medium,Finance Company,1.8,Online,West Bengal,Jamnagar,Urban,5,Done,Approved,,14053.06,0.13,Low,1.24
2502,40,Male,Non-Graduate,Salaried,21,971982,24239,0.39,832,63.49,No,808094,Home,Home,14,7.29,Low,Finance Company,2.72,Offline,Telangana,Nagaland District,Rural,5,Processing,Approved,,7688.52,0.09,Low,0.83
2503,62,Male,Graduate,Salaried,25,993294,19573,0.27,808,48.22,No,352519,Vehicle,Vehicle,16,5.46,Low,Private Bank,1.17,Online,Maharashtra,Raebareli,Urban,7,Done,Approved,,2757.25,0.03,Low,0.35
2504,41,Female,Graduate,Self-employed,17,1241113,21579,0.42,846,11.54,No,1918548,Personal,Personal,9,5.26,Low,Government Bank,0.67,Online,Maharashtra,Jehanabad,Urban,16,Processing,Approved,,22337.87,0.22,Low,1.55
2505,38,Female,Graduate,Self-employed,12,906610,9230,0.19,807,23.82,No,530124,Home,Home,14,7.98,Low,Private Bank,0.84,Online,Karnataka,Nandyal,Urban,4,Processing,Approved,,5249.2,0.07,Low,0.58
2506,45,Male,Graduate,Salaried,15,457480,1977,0.09,770,85.71,No,104541,Vehicle,Vehicle,8,7.06,Low,Finance Company,2.16,Online,Punjab,Rajkot,Urban,3,Done,Approved,,1428.41,0.04,Low,0.23
2507,46,Male,Graduate,Salaried,28,724573,5568,0.31,516,17.71,No,815631,Education,Education,13,17.67,High,Private Bank,1.53,Online,Karnataka,Darbhanga,Urban,7,Done,Pending,,13378.05,0.22,Low,1.13
2508,46,Female,Non-Graduate,Pensioner,24,320597,13988,0.58,721,78.68,No,140761,Business,Business,20,10.8,Medium,Private Bank,1.1,Offline,Uttar Pradesh,Himachal Pradesh District,Rural,4,Processing,Approved,,1433.81,0.05,Low,0.44
2509,56,Male,Graduate,Salaried,20,895245,6772,0.45,780,47.51,No,1148973,Education,Education,4,5.37,Low,Government Bank,0.44,Offline,Madhya Pradesh,Mizoram District,Rural,14,Processing,Approved,,26653.04,0.36,Medium,1.28
2510,43,Female,Graduate,Salaried,27,866831,8190,0.2,590,43.73,No,398988,Home,Home,12,17.17,High,Private Bank,1.14,Online,Rajasthan,Adoni,Urban,8,Processing,Rejected,High Loan Amount Request,6556.45,0.09,Low,0.46
2511,61,Female,Non-Graduate,Salaried,21,413196,22369,0.71,773,22.52,No,129883,Vehicle,Vehicle,7,7.05,Low,Finance Company,2.24,Offline,Tamil Nadu,Assam District,Rural,3,Processing,Approved,,1963.46,0.06,Low,0.31
2512,31,Male,Non-Graduate,Salaried,15,429377,11329,0.66,656,61.32,No,260212,Home,Home,2,11.83,Medium,Government Bank,0.74,Offline,Rajasthan,Tripura District,Rural,20,Processing,Approved,,12228.43,0.34,Medium,0.61
2513,62,Male,Non-Graduate,Self-employed,6,1770318,23074,0.5,649,53.76,No,1892828,Personal,Personal,4,12.17,High,Private Bank,1.4,Offline,Maharashtra,Uttar Pradesh District,Rural,7,Processing,Pending,,50003.56,0.34,Medium,1.07
2514,55,Male,Graduate,Salaried,20,616915,19284,0.58,724,90,No,223884,Business,Business,2,10.28,Medium,Government Bank,0.74,Online,Telangana,Jabalpur,Urban,18,Done,Pending,,10360.07,0.2,Low,0.36
2515,53,Female,Graduate,Salaried,19,477431,3242,0.16,593,69.35,No,225665,Home,Home,15,13.82,High,Private Bank,1.28,Online,Bihar,Hazaribagh,Urban,7,Done,Rejected,Low CIBIL Score,2978.03,0.07,Low,0.47
2516,34,Female,Graduate,Self-employed,12,1846264,23384,0.6,714,87.15,No,2728111,Home,Home,4,10.19,Medium,Government Bank,0.34,Online,Kerala,Jamalpur,Urban,21,Done,Pending,,69441.14,0.45,High,1.48
2517,62,Male,Non-Graduate,Self-employed,19,1221871,18178,0.56,740,83.42,No,2535558,Agriculture,Agriculture,9,12.06,Medium,Government Bank,0.34,Offline,Bihar,Maharashtra District,Rural,22,Processing,Pending,,38586.34,0.38,Medium,2.08
2518,62,Male,Graduate,Salaried,27,806522,2797,0.25,712,13.51,No,1157761,Personal,Personal,13,10.99,Medium,Finance Company,2.65,Offline,Madhya Pradesh,Sikkim District,Rural,5,Done,Approved,,13973.29,0.21,Low,1.44
2519,40,Male,Graduate,Salaried,10,624240,10921,0.35,785,74.57,No,841590,Vehicle,Vehicle,17,7.6,Low,Government Bank,0.66,Online,Gujarat,Parbhani,Urban,22,Done,Approved,,7360.37,0.14,Low,1.35
2520,30,Male,Graduate,Salaried,13,421531,12189,0.36,718,85.27,No,51794,Vehicle,Vehicle,20,9.54,Medium,Government Bank,0.49,Online,Kerala,Nagaon,Urban,14,Done,Approved,,484.14,0.01,Low,0.12
2521,28,Male,Graduate,Salaried,6,820409,13625,0.31,838,73.92,No,610504,Education,Education,8,5.56,Low,Private Bank,1.2,Online,Madhya Pradesh,Firozabad,Urban,8,Done,Approved,,7892.74,0.12,Low,0.74
2522,61,Female,Graduate,Salaried,19,953159,19730,0.28,813,18.71,No,392927,Business,Business,19,5.45,Low,Government Bank,0.46,Offline,Bihar,Assam District,Rural,15,Processing,Approved,,2770.52,0.03,Low,0.41
2523,50,Female,Graduate,Self-employed,26,671089,18273,0.54,813,31.2,No,387874,Home,Home,3,6.03,Low,Government Bank,0.6,Offline,Punjab,Nagaland District,Rural,19,Processing,Approved,,11805.15,0.21,Low,0.58
2524,38,Male,Graduate,Salaried,17,499098,22788,0.67,531,72.05,No,373402,Business,Business,14,14.77,High,Finance Company,1.99,Online,Gujarat,Jamalpur,Urban,3,Processing,Pending,,5271.02,0.13,Low,0.75
2525,37,Female,Graduate,Salaried,19,636028,17611,0.47,839,37.25,No,739148,Business,Business,13,7.6,Low,Government Bank,0.76,Online,Tamil Nadu,Firozabad,Urban,14,Done,Approved,,7471.89,0.14,Low,1.16
2526,57,Female,Graduate,Self-employed,16,1697476,21382,0.28,696,18.43,No,732814,Personal,Personal,4,10.68,Medium,Finance Company,2.81,Online,Madhya Pradesh,Belgaum,Urban,4,Done,Pending,,18826.28,0.13,Low,0.43
2527,48,Male,Graduate,Salaried,25,930539,8880,0.37,539,51.8,No,994793,Appliances,Appliances,6,12.45,High,Government Bank,0.69,Online,Telangana,Dhanbad,Urban,17,Done,Pending,,19681.97,0.25,Low,1.07
2528,43,Female,Graduate,Self-employed,29,794556,5695,0.44,663,44.92,No,1143751,Vehicle,Vehicle,5,8.36,Medium,Government Bank,0.27,Online,Uttar Pradesh,Singrauli,Urban,15,Processing,Approved,,23388.7,0.35,Medium,1.44
2529,55,Male,Graduate,Salaried,30,807583,11086,0.21,658,72.97,No,272906,Agriculture,Agriculture,19,12.94,Medium,Private Bank,1.05,Online,Maharashtra,Thanjavur,Urban,4,Done,Pending,,3222.16,0.05,Low,0.34
2530,57,Female,Graduate,Salaried,12,758725,22542,0.54,612,36.05,No,1025252,Appliances,Appliances,18,12.19,High,Private Bank,1.35,Online,Tamil Nadu,Bidar,Urban,8,Done,Rejected,High Existing EMI,11737.53,0.19,Low,1.35
2531,43,Male,Graduate,Salaried,9,618247,5542,0.43,508,78.98,No,947177,Personal,Personal,8,14.19,High,Government Bank,0.63,Online,Kerala,Hospet,Urban,12,Processing,Rejected,Previous Loan Default,16556.47,0.32,Medium,1.53
2532,49,Female,Non-Graduate,Salaried,28,444791,16241,0.51,524,48.26,No,141483,Business,Business,8,14.79,High,Government Bank,0.78,Offline,Madhya Pradesh,West Bengal District,Rural,16,Done,Pending,,2521.81,0.07,Low,0.32
2533,49,Female,Graduate,Salaried,16,640036,18651,0.5,540,23.67,No,589246,Agriculture,Agriculture,13,13.56,High,Private Bank,1.27,Online,Karnataka,Saharsa,Urban,9,Done,Rejected,Low CIBIL Score,8053.98,0.15,Low,0.92
2534,60,Male,Graduate,Salaried,20,699686,2603,0.2,793,52.65,No,789686,Vehicle,Vehicle,10,6.87,Low,Finance Company,1.91,Online,Gujarat,Mangalore,Urban,1,Done,Approved,,9116.1,0.16,Low,1.13
2535,48,Male,Graduate,Self-employed,15,1131704,184,0.25,675,48.55,Yes,502435,Business,Business,2,11.51,Medium,Finance Company,2.15,Online,West Bengal,Mirzapur,Urban,4,Processing,Approved,,23536.55,0.25,Low,0.44
2536,51,Male,Graduate,Self-employed,7,1765507,17112,0.28,572,61.34,No,1601408,Personal,Personal,12,15.49,High,Private Bank,1.57,Online,Delhi,Deoghar,Urban,4,Processing,Rejected,Low Income,24542.46,0.17,Low,0.91
2537,52,Female,Non-Graduate,Salaried,20,653288,4533,0.35,731,46.61,No,310908,Agriculture,Agriculture,2,10.09,Medium,Private Bank,1.49,Offline,West Bengal,Goa District,Rural,8,Done,Approved,,14359.75,0.26,Low,0.48
2538,32,Male,Non-Graduate,Salaried,17,463408,19194,0.65,782,80.63,No,399634,Vehicle,Vehicle,7,5.46,Low,Finance Company,1.61,Offline,Gujarat,Bihar District,Rural,5,Processing,Approved,,5735.17,0.15,Low,0.86
2539,60,Male,Graduate,Salaried,24,489525,12921,0.45,705,86.9,No,343273,Home,Home,9,12.67,Medium,Government Bank,0.46,Online,Tamil Nadu,Phusro,Urban,15,Done,Pending,,5342.87,0.13,Low,0.7
2540,55,Female,Graduate,Salaried,5,760031,21136,0.73,726,23.26,No,1007252,Appliances,Appliances,4,9.66,Medium,Finance Company,1.52,Online,West Bengal,Ahmedabad,Urban,5,Processing,Pending,,25382.36,0.4,Medium,1.33
2541,53,Female,Graduate,Salaried,20,466938,11539,0.36,684,48.2,No,269684,Home,Home,15,8.12,Medium,Finance Company,2.95,Online,Bihar,Nagaon,Urban,5,Done,Pending,,2595.96,0.07,Low,0.58
2542,44,Male,Non-Graduate,Salaried,14,621787,8019,0.24,658,85.38,Yes,437975,Vehicle,Vehicle,20,10.41,Medium,Government Bank,0.6,Offline,Karnataka,Telangana District,Rural,19,Done,Approved,,4346.21,0.08,Low,0.7
2543,56,Female,Non-Graduate,Self-employed,25,1540832,2281,0.25,703,20.72,No,2645754,Appliances,Appliances,17,11.83,Medium,Government Bank,0.45,Offline,Telangana,Sikkim District,Rural,15,Done,Pending,,30159.23,0.23,Low,1.72
2544,39,Male,Graduate,Self-employed,11,1153733,4166,0.2,688,64.56,Yes,952399,Business,Business,9,12.69,Medium,Private Bank,1.13,Offline,Punjab,West Bengal District,Rural,7,Done,Pending,,14834.5,0.15,Low,0.83
2545,32,Male,Graduate,Salaried,30,883252,3579,0.19,565,87.37,No,479041,Agriculture,Agriculture,6,15.11,High,Government Bank,0.73,Online,Uttar Pradesh,Malegaon,Urban,20,Done,Rejected,Low Income,10157.97,0.14,Low,0.54
2546,29,Female,Graduate,Salaried,21,969343,9121,0.21,786,21.62,No,985892,Vehicle,Vehicle,20,6.9,Low,Government Bank,0.26,Online,Karnataka,Gwalior,Urban,19,Processing,Approved,,7584.54,0.09,Low,1.02
2547,54,Female,Graduate,Salaried,25,574405,12706,0.29,805,65.31,No,121960,Education,Education,13,7.72,Low,Finance Company,2.14,Online,Telangana,Bhopal,Urban,1,Processing,Approved,,1240.96,0.03,Low,0.21
2548,39,Female,Graduate,Self-employed,5,1405848,11057,0.22,637,81.92,No,1306170,Appliances,Appliances,17,12.14,High,Finance Company,2.36,Online,Delhi,Kavali,Urban,3,Processing,Rejected,Low Income,15158.88,0.13,Low,0.93
2549,30,Female,Graduate,Salaried,22,517608,20373,0.49,521,30.39,No,71310,Business,Business,15,12.44,High,Government Bank,0.27,Online,Punjab,Kolhapur,Urban,15,Processing,Rejected,High Existing EMI,876.13,0.02,Low,0.14
2550,61,Male,Graduate,Salaried,29,838689,16178,0.29,690,33.98,No,435146,Education,Education,14,8.31,Medium,Finance Company,2.74,Online,Delhi,Dhanbad,Urban,4,Processing,Approved,,4390.63,0.06,Low,0.52
2551,51,Male,Graduate,Salaried,7,647395,6590,0.36,552,75.2,No,624499,Agriculture,Agriculture,7,17.47,High,Finance Company,2.07,Online,Punjab,Asansol,Urban,4,Done,Rejected,High Existing EMI,12932.34,0.24,Low,0.96
2552,30,Female,Graduate,Self-employed,20,782543,18422,0.33,520,39.54,No,263710,Home,Home,16,12.24,High,Private Bank,0.95,Online,Punjab,Chinsurah,Urban,6,Processing,Rejected,High Loan Amount Request,3136.81,0.05,Low,0.34
2553,50,Female,Non-Graduate,Pensioner,29,246121,14149,0.79,717,57.22,No,108058,Vehicle,Vehicle,7,12.96,Medium,Private Bank,0.8,Offline,Uttar Pradesh,Uttar Pradesh District,Rural,4,Processing,Approved,,1963.44,0.1,Low,0.44
2554,52,Male,Graduate,Salaried,28,750713,11896,0.63,798,86.62,No,1120761,Education,Education,4,7.82,Low,Private Bank,1.27,Offline,Maharashtra,Odisha District,Rural,9,Done,Approved,,27266.45,0.44,Medium,1.49
2555,34,Male,Graduate,Salaried,21,756576,13505,0.38,579,86.54,No,585809,Personal,Personal,8,15.24,High,Finance Company,2.25,Online,Karnataka,North Dumdum,Urban,1,Done,Rejected,Low CIBIL Score,10594.1,0.17,Low,0.77
2556,40,Male,Non-Graduate,Salaried,13,967991,19451,0.42,722,83.87,No,671524,Agriculture,Agriculture,5,10.13,Medium,Finance Company,2.76,Offline,Punjab,Odisha District,Rural,1,Processing,Pending,,14310.89,0.18,Low,0.69
2557,61,Female,Graduate,Self-employed,25,982436,7962,0.21,710,58.82,No,971606,Home,Home,15,8.46,Medium,Private Bank,0.87,Online,Karnataka,Sultan Pur Majra,Urban,4,Done,Pending,,9545.02,0.12,Low,0.99
2558,28,Male,Non-Graduate,Salaried,15,483014,14962,0.52,553,30.69,No,388143,Personal,Personal,10,13.04,High,Finance Company,2.37,Offline,Maharashtra,Odisha District,Rural,1,Done,Rejected,High Existing EMI,5804.55,0.14,Low,0.8
2559,57,Female,Graduate,Salaried,17,574005,1110,0.23,582,69.31,No,201896,Education,Education,2,15.54,High,Government Bank,0.46,Online,West Bengal,Berhampur,Urban,20,Done,Pending,,9841.14,0.21,Low,0.35
2560,26,Male,Graduate,Self-employed,26,915773,23176,1.04,533,41.46,No,1133878,Home,Home,2,17.61,High,Private Bank,1.07,Online,Gujarat,Jalgaon,Urban,4,Done,Pending,,56394.4,0.74,High,1.24
2561,42,Male,Non-Graduate,Salaried,15,886501,8737,0.23,512,62.73,No,573111,Business,Business,15,15.26,High,Government Bank,0.49,Offline,Karnataka,Karnataka District,Rural,20,Done,Pending,,8123.49,0.11,Low,0.65
2562,55,Female,Non-Graduate,Salaried,7,676457,10036,0.29,763,38.8,No,570952,Vehicle,Vehicle,10,5.18,Low,Finance Company,2.12,Offline,Uttar Pradesh,West Bengal District,Rural,3,Processing,Approved,,6106.19,0.11,Low,0.84
2563,54,Male,Graduate,Salaried,10,846999,15459,0.44,609,19.59,No,864735,Home,Home,7,12.76,High,Government Bank,0.63,Online,West Bengal,Kavali,Urban,12,Processing,Rejected,Low Income,15618.62,0.22,Low,1.02
2564,62,Male,Graduate,Salaried,6,665520,17398,0.42,743,65.98,No,544459,Agriculture,Agriculture,15,10.24,Medium,Government Bank,0.38,Online,Rajasthan,Jehanabad,Urban,21,Done,Approved,,5930.98,0.11,Low,0.82
2565,40,Male,Graduate,Self-employed,26,970461,16188,0.34,527,79.06,No,793092,Agriculture,Agriculture,11,13.67,High,Finance Company,1.64,Online,Delhi,Rajpur Sonarpur,Urban,2,Processing,Rejected,High Loan Amount Request,11645.64,0.14,Low,0.82
2566,31,Male,Graduate,Self-employed,9,706148,13829,0.31,814,52.8,No,339154,Personal,Personal,8,6.55,Low,Private Bank,1.5,Online,Punjab,Srikakulam,Urban,5,Done,Approved,,4548.35,0.08,Low,0.48
2567,50,Male,Graduate,Self-employed,25,1092368,7657,0.22,810,74.4,No,876411,Personal,Personal,7,5.07,Low,Finance Company,2.96,Online,Gujarat,Kavali,Urban,4,Done,Approved,,12415.96,0.14,Low,0.8
2568,27,Male,Graduate,Self-employed,19,716650,17666,0.43,686,50.41,No,609895,Education,Education,12,12.5,Medium,Private Bank,0.97,Offline,Telangana,Mizoram District,Rural,4,Processing,Approved,,8196.12,0.14,Low,0.85
2569,50,Male,Graduate,Salaried,21,551130,11738,0.38,573,21.72,No,389015,Agriculture,Agriculture,14,14.76,High,Private Bank,0.94,Online,Uttar Pradesh,Katihar,Urban,8,Processing,Pending,,5488.81,0.12,Low,0.71
2570,44,Female,Graduate,Salaried,20,457636,19671,0.69,710,11.42,No,263352,Education,Education,4,9.31,Medium,Private Bank,1.15,Online,Uttar Pradesh,Mangalore,Urban,5,Done,Pending,,6592.36,0.17,Low,0.58
2571,36,Female,Graduate,Salaried,8,827445,22942,0.6,805,52.02,No,407506,Home,Home,2,6.19,Low,Private Bank,1.08,Online,West Bengal,Bangalore,Urban,4,Done,Approved,,18095.82,0.26,Low,0.49
2572,31,Male,Graduate,Salaried,24,459243,12833,0.39,821,24.31,No,169242,Education,Education,10,8.62,Low,Finance Company,2.69,Online,Uttar Pradesh,Jalna,Urban,4,Done,Approved,,2109.24,0.06,Low,0.37
2573,35,Male,Graduate,Salaried,14,931311,5625,0.24,508,77.88,No,935156,Personal,Personal,19,16.31,High,Private Bank,0.86,Online,Madhya Pradesh,Amritsar,Urban,9,Done,Pending,,13323.89,0.17,Low,1
2574,30,Male,Non-Graduate,Salaried,17,587228,2207,0.14,649,54.01,No,346289,Agriculture,Agriculture,15,14.1,High,Private Bank,1.3,Offline,Tamil Nadu,Andhra Pradesh District,Rural,4,Done,Rejected,High Existing EMI,4634.96,0.09,Low,0.59
2575,57,Female,Graduate,Salaried,7,584174,6689,0.33,824,67.64,No,299600,Agriculture,Agriculture,3,7.01,Low,Private Bank,0.88,Online,Gujarat,Bidhannagar,Urban,9,Done,Approved,,9252.15,0.19,Low,0.51
2576,31,Female,Graduate,Salaried,25,613084,19780,0.67,850,56.27,No,728923,Vehicle,Vehicle,5,7.23,Low,Government Bank,0.67,Offline,Tamil Nadu,Jharkhand District,Rural,17,Processing,Approved,,14512.78,0.28,Low,1.19
2577,49,Female,Graduate,Salaried,11,957471,14213,0.22,832,83.31,No,368449,Agriculture,Agriculture,17,8.7,Low,Private Bank,1.01,Online,Bihar,Hyderabad,Urban,4,Done,Approved,,3465.04,0.04,Low,0.38
2578,59,Female,Graduate,Salaried,19,618784,4339,1.06,591,54.52,No,1055053,Personal,Personal,2,13.37,High,Finance Company,1.71,Online,Gujarat,Bokaro,Urban,1,Done,Rejected,Low Income,50342.7,0.98,High,1.71
2579,50,Female,Graduate,Salaried,22,992349,16631,0.32,694,29.33,No,761719,Personal,Personal,10,9.51,Medium,Government Bank,0.69,Online,Madhya Pradesh,Karimnagar,Urban,21,Processing,Pending,,9860.63,0.12,Low,0.77
2580,56,Female,Graduate,Salaried,24,424262,19901,0.7,550,58.82,No,234929,Personal,Personal,6,14.51,High,Private Bank,0.86,Online,Kerala,Tiruchirappalli,Urban,6,Done,Pending,,4905.28,0.14,Low,0.55
2581,54,Female,Graduate,Salaried,18,906230,16020,0.27,515,56.9,No,248727,Education,Education,10,16.89,High,Government Bank,0.61,Offline,West Bengal,Jharkhand District,Rural,19,Processing,Pending,,4305.5,0.06,Low,0.27
2582,55,Female,Graduate,Salaried,22,855320,5952,0.18,763,73.11,No,747407,Personal,Personal,16,8.58,Low,Government Bank,0.43,Online,Telangana,Tinsukia,Urban,22,Done,Approved,,7169.61,0.1,Low,0.87
2583,59,Male,Non-Graduate,Salaried,14,442965,5915,0.24,670,20.62,No,250058,Education,Education,19,12.54,Medium,Government Bank,0.67,Offline,Rajasthan,Odisha District,Rural,17,Done,Approved,,2882.5,0.08,Low,0.56
2584,32,Male,Graduate,Salaried,14,990464,16836,0.42,538,59.57,No,1073851,Education,Education,13,17.89,High,Government Bank,0.68,Online,West Bengal,Imphal,Urban,21,Done,Rejected,Low Income,17776.43,0.22,Low,1.08
2585,36,Female,Graduate,Salaried,11,608595,371,0.09,600,21.68,Yes,302892,Business,Business,14,13.4,High,Private Bank,1.53,Offline,Kerala,Meghalaya District,Rural,7,Processing,Rejected,Previous Loan Default,4001.78,0.08,Low,0.5
2586,61,Male,Graduate,Self-employed,25,1323789,5282,0.57,530,39.19,No,2721140,Education,Education,6,15.29,High,Private Bank,1.12,Online,Uttar Pradesh,Karawal Nagar,Urban,8,Processing,Pending,,57967.95,0.53,High,2.06
2587,54,Male,Graduate,Self-employed,22,646835,1346,0.17,559,44.43,No,647777,Business,Business,14,12.01,High,Private Bank,1.27,Online,Telangana,Pondicherry,Urban,4,Processing,Pending,,7981.01,0.15,Low,1
2588,52,Female,Graduate,Salaried,11,945029,474,0.11,799,44.4,No,536652,Vehicle,Vehicle,7,8.25,Low,Finance Company,2.93,Online,Bihar,Jalgaon,Urban,3,Done,Approved,,8431.37,0.11,Low,0.57
2589,58,Male,Graduate,Salaried,13,618868,23068,0.6,643,26.14,No,429885,Education,Education,9,17.74,High,Finance Company,1.78,Online,Gujarat,Bettiah,Urban,3,Done,Pending,,7993.53,0.15,Low,0.69
2590,46,Male,Graduate,Salaried,26,667340,4241,0.43,721,76.48,No,423016,Vehicle,Vehicle,2,10.22,Medium,Government Bank,0.35,Offline,Kerala,Rajasthan District,Rural,14,Done,Pending,,19563.02,0.35,Medium,0.63
2591,47,Male,Graduate,Salaried,25,883595,18437,0.52,605,20.07,No,924378,Education,Education,6,15.15,High,Private Bank,1.16,Online,Uttar Pradesh,Anand,Urban,7,Done,Rejected,Previous Loan Default,19621.36,0.27,Low,1.05
2592,54,Female,Graduate,Salaried,25,993506,21972,0.47,566,62.23,No,1096665,Agriculture,Agriculture,10,13.44,High,Private Bank,1.5,Offline,Madhya Pradesh,Chhattisgarh District,Rural,5,Processing,Rejected,High Loan Amount Request,16660.22,0.2,Low,1.1
2593,48,Male,Non-Graduate,Salaried,29,421920,9702,0.37,569,39.07,No,271359,Appliances,Appliances,20,13.96,High,Finance Company,1.8,Offline,Delhi,Assam District,Rural,3,Done,Rejected,Previous Loan Default,3366.53,0.1,Low,0.64
2594,62,Male,Graduate,Salaried,27,837921,17029,0.37,736,78.33,No,729975,Personal,Personal,14,10.96,Medium,Finance Company,2.78,Online,Rajasthan,Gwalior,Urban,3,Processing,Approved,,8515.82,0.12,Low,0.87
2595,28,Male,Non-Graduate,Salaried,22,923183,20274,0.67,539,60.51,No,1157246,Agriculture,Agriculture,4,12.88,High,Finance Company,1.58,Offline,Tamil Nadu,Goa District,Rural,5,Processing,Pending,,30977.13,0.4,Medium,1.25
2596,45,Male,Graduate,Salaried,7,543571,10970,0.63,820,49.16,No,397288,Business,Business,2,5.43,Low,Private Bank,1.51,Offline,Punjab,Sikkim District,Rural,8,Done,Approved,,17506.18,0.39,Medium,0.73
2597,36,Male,Graduate,Salaried,29,408533,10255,0.58,545,89.29,No,194523,Home,Home,2,16.32,High,Private Bank,1.34,Online,Telangana,Karawal Nagar,Urban,8,Processing,Rejected,Low CIBIL Score,9554.22,0.28,Low,0.48
2598,52,Female,Graduate,Salaried,28,623111,10375,0.49,678,67.41,No,772506,Home,Home,6,11.9,Medium,Private Bank,1.49,Online,Bihar,Purnia,Urban,5,Processing,Pending,,15062.5,0.29,Low,1.24
2599,46,Male,Graduate,Self-employed,13,741560,9265,0.61,596,12.99,No,595382,Appliances,Appliances,2,13.93,High,Private Bank,1.45,Offline,Delhi,Tripura District,Rural,9,Processing,Rejected,High Existing EMI,28566.32,0.46,High,0.8
2600,37,Male,Graduate,Salaried,21,555385,17633,0.39,799,23.33,No,81466,Home,Home,20,7.33,Low,Private Bank,1.25,Offline,Karnataka,Meghalaya District,Rural,7,Done,Approved,,647.84,0.01,Low,0.15
2601,47,Male,Non-Graduate,Salaried,27,912943,13962,0.26,746,10.29,No,376509,Business,Business,9,11.38,Medium,Finance Company,1.69,Offline,Punjab,Odisha District,Rural,2,Done,Approved,,5586.16,0.07,Low,0.41
2602,55,Male,Graduate,Salaried,26,828614,9947,0.39,705,88.5,No,782809,Appliances,Appliances,5,10.17,Medium,Government Bank,0.38,Offline,Bihar,Himachal Pradesh District,Rural,18,Processing,Pending,,16697.93,0.24,Low,0.94
2603,54,Male,Graduate,Self-employed,25,1917096,23245,0.3,841,48.98,No,1821399,Home,Home,8,6.31,Low,Government Bank,0.39,Online,Madhya Pradesh,Bhalswa Jahangir Pur,Urban,13,Processing,Approved,,24211.66,0.15,Low,0.95
2604,34,Male,Graduate,Salaried,18,628737,6953,0.2,670,47.73,No,277819,Appliances,Appliances,10,10.62,Medium,Private Bank,1.33,Online,West Bengal,Kakinada,Urban,5,Processing,Approved,,3767.44,0.07,Low,0.44
2605,28,Male,Non-Graduate,Salaried,19,688970,16128,0.54,591,44.03,No,1117014,Agriculture,Agriculture,16,14.28,High,Finance Company,2.02,Offline,Madhya Pradesh,Bihar District,Rural,3,Processing,Rejected,Previous Loan Default,14821.72,0.26,Low,1.62
2606,59,Male,Graduate,Salaried,18,536923,14604,0.35,810,76.3,No,107946,Appliances,Appliances,14,6.77,Low,Government Bank,0.28,Online,Punjab,Anand,Urban,20,Done,Approved,,996.11,0.02,Low,0.2
2607,32,Female,Graduate,Self-employed,27,1278819,10886,0.19,685,81.31,No,830612,Vehicle,Vehicle,12,8.34,Medium,Finance Company,1.71,Offline,Karnataka,Arunachal Pradesh District,Rural,4,Done,Pending,,9146.55,0.09,Low,0.65
2608,54,Male,Graduate,Salaried,28,746794,5658,0.25,643,47.98,No,663731,Agriculture,Agriculture,11,13.85,High,Finance Company,2.36,Online,Uttar Pradesh,Nellore,Urban,4,Processing,Pending,,9819.44,0.16,Low,0.89
2609,52,Male,Non-Graduate,Salaried,25,820371,12517,0.34,818,66.77,No,1136060,Home,Home,13,6.15,Low,Government Bank,0.36,Offline,Telangana,Rajasthan District,Rural,12,Processing,Approved,,10595.12,0.15,Low,1.38
2610,48,Male,Non-Graduate,Salaried,30,985977,18973,0.41,559,11.35,No,1095915,Vehicle,Vehicle,12,12.98,High,Government Bank,0.63,Offline,Karnataka,Goa District,Rural,16,Processing,Pending,,15051.17,0.18,Low,1.11
2611,29,Male,Graduate,Self-employed,27,1556778,20260,0.45,604,15.58,No,2429463,Agriculture,Agriculture,15,17.76,High,Government Bank,0.63,Online,Madhya Pradesh,Tiruvottiyur,Urban,19,Done,Pending,,38705.8,0.3,Low,1.56
2612,35,Female,Graduate,Salaried,21,448096,4834,0.25,523,68.51,No,391709,Personal,Personal,17,12.55,High,Private Bank,0.83,Online,Uttar Pradesh,Etawah,Urban,8,Processing,Pending,,4653.89,0.12,Low,0.87
2613,44,Male,Graduate,Salaried,13,625854,1203,0.2,553,79.44,No,361023,Business,Business,5,17.59,High,Private Bank,1.08,Online,Karnataka,Ajmer,Urban,9,Done,Pending,,9087.28,0.17,Low,0.58
2614,45,Female,Graduate,Salaried,16,693217,20733,0.42,700,64.24,No,332643,Vehicle,Vehicle,15,8.82,Medium,Government Bank,0.62,Offline,Madhya Pradesh,Manipur District,Rural,18,Processing,Pending,,3338.36,0.06,Low,0.48
2615,49,Male,Graduate,Pensioner,17,407924,3935,0.23,681,55.06,No,346526,Personal,Personal,12,9.34,Medium,Finance Company,2.17,Offline,Karnataka,Bihar District,Rural,1,Processing,Pending,,4010.22,0.12,Low,0.85
2616,46,Male,Graduate,Salaried,24,853065,19195,0.44,552,86.35,No,999034,Business,Business,19,13.64,High,Finance Company,2.4,Online,Karnataka,Durg,Urban,3,Processing,Rejected,Previous Loan Default,12289.74,0.17,Low,1.17
2617,37,Male,Non-Graduate,Salaried,11,618491,24521,0.7,813,34.93,No,371149,Agriculture,Agriculture,3,7.59,Low,Government Bank,0.73,Offline,Uttar Pradesh,Goa District,Rural,19,Processing,Approved,,11560.39,0.22,Low,0.6
2618,40,Female,Graduate,Salaried,7,991249,21640,0.35,678,59.05,No,679136,Home,Home,14,9.12,Medium,Finance Company,2.79,Online,Tamil Nadu,Guntakal,Urban,2,Done,Pending,,7171.43,0.09,Low,0.69
2619,25,Female,Graduate,Salaried,13,918325,6476,0.16,767,82.3,No,414283,Vehicle,Vehicle,8,7.39,Low,Private Bank,1.39,Online,Maharashtra,Mysore,Urban,9,Done,Approved,,5728.96,0.07,Low,0.45
2620,37,Male,Graduate,Self-employed,14,778060,1964,0.21,692,24.48,No,953305,Personal,Personal,15,12.77,Medium,Finance Company,2.26,Online,Gujarat,Korba,Urban,4,Processing,Approved,,11917.71,0.18,Low,1.23
2621,54,Male,Graduate,Salaried,10,863252,15182,0.41,559,12.37,No,1016030,Appliances,Appliances,11,12.82,High,Finance Company,2.03,Online,Kerala,Kollam,Urban,5,Done,Pending,,14394.61,0.2,Low,1.18
2622,33,Male,Graduate,Salaried,19,708878,21050,0.42,563,32.67,No,249906,Home,Home,17,17.69,High,Government Bank,0.52,Online,Gujarat,Nashik,Urban,22,Done,Pending,,3880.06,0.07,Low,0.35
2623,62,Male,Graduate,Self-employed,24,768605,17418,0.37,765,65.06,No,570805,Home,Home,14,8.94,Low,Private Bank,1.16,Online,Maharashtra,Sagar,Urban,5,Processing,Approved,,5967.39,0.09,Low,0.74
2624,51,Male,Graduate,Salaried,22,975928,4539,0.3,740,87.76,No,931850,Education,Education,5,10.52,Medium,Finance Company,1.91,Online,Tamil Nadu,Jamnagar,Urban,3,Done,Approved,,20038.32,0.25,Low,0.95
2625,61,Female,Non-Graduate,Self-employed,10,1717287,20512,1.12,569,86.2,No,2805540,Vehicle,Vehicle,2,17.74,High,Private Bank,0.89,Offline,Rajasthan,Uttar Pradesh District,Rural,4,Processing,Rejected,Low CIBIL Score,139711.87,0.98,High,1.63
2626,39,Male,Graduate,Salaried,25,612353,8904,0.27,659,29.36,No,435152,Business,Business,17,10.71,Medium,Finance Company,1.77,Online,Telangana,Buxar,Urban,1,Processing,Pending,,4641.31,0.09,Low,0.71
2627,53,Male,Graduate,Salaried,15,955265,5,0.14,588,21.62,No,956308,Agriculture,Agriculture,20,12.36,High,Finance Company,2.34,Offline,Gujarat,Uttar Pradesh District,Rural,1,Done,Pending,,10770.77,0.14,Low,1
2628,33,Female,Non-Graduate,Salaried,15,565724,8040,0.33,688,47.77,No,280631,Appliances,Appliances,4,11.58,Medium,Private Bank,1.46,Offline,Madhya Pradesh,Andhra Pradesh District,Rural,6,Processing,Pending,,7332.35,0.16,Low,0.5
2629,49,Female,Non-Graduate,Salaried,19,745210,10209,0.31,713,72.73,No,908314,Agriculture,Agriculture,16,9.73,Medium,Finance Company,2.3,Offline,Telangana,Sikkim District,Rural,2,Processing,Approved,,9347.96,0.15,Low,1.22
2630,27,Male,Non-Graduate,Self-employed,28,1802462,14333,0.29,656,73.22,No,2268118,Business,Business,11,10.11,Medium,Private Bank,1.4,Offline,Telangana,Himachal Pradesh District,Rural,6,Processing,Approved,,28537.91,0.19,Low,1.26
2631,49,Male,Graduate,Self-employed,10,1519935,12613,0.39,508,75.32,No,2792807,Personal,Personal,17,14.55,High,Finance Company,2.92,Online,Telangana,Machilipatnam,Urban,4,Done,Pending,,37030.87,0.29,Low,1.84
2632,40,Male,Graduate,Self-employed,28,1451752,19412,0.49,627,14.21,No,1097801,Education,Education,3,17.65,High,Government Bank,0.33,Online,Maharashtra,Rajahmundry,Urban,19,Done,Rejected,Low Income,39495.65,0.33,Medium,0.76
2633,49,Male,Graduate,Salaried,14,763952,7727,0.27,758,55.27,No,1039979,Appliances,Appliances,20,9.56,Medium,Finance Company,1.67,Offline,Tamil Nadu,Punjab District,Rural,3,Done,Pending,,9734.75,0.15,Low,1.36
2634,48,Female,Non-Graduate,Salaried,29,647495,8486,0.36,680,46.53,Yes,924222,Business,Business,19,12.94,Medium,Private Bank,0.93,Offline,Bihar,Kerala District,Rural,9,Processing,Pending,,10912.15,0.2,Low,1.43
2635,48,Female,Non-Graduate,Self-employed,13,878171,3955,0.27,690,34.97,No,604045,Appliances,Appliances,4,10.8,Medium,Finance Company,2.61,Offline,Telangana,Gujarat District,Rural,5,Done,Pending,,15553.26,0.21,Low,0.69
2636,59,Male,Graduate,Salaried,5,432658,6078,0.18,737,30.77,No,53634,Appliances,Appliances,20,11.97,Medium,Finance Company,2.05,Online,Delhi,Lucknow,Urban,1,Done,Pending,,589.44,0.02,Low,0.12
2637,33,Male,Graduate,Salaried,27,402623,19028,0.62,687,78.72,No,88991,Appliances,Appliances,6,9.62,Medium,Government Bank,0.77,Offline,Tamil Nadu,Sikkim District,Rural,14,Done,Approved,,1631.63,0.05,Low,0.22
2638,56,Male,Non-Graduate,Salaried,25,597130,15285,0.36,760,60.41,No,258229,Personal,Personal,14,6.88,Low,Finance Company,2.35,Offline,Tamil Nadu,Bihar District,Rural,5,Done,Approved,,2398.45,0.05,Low,0.43
2639,48,Female,Graduate,Salaried,30,435704,3094,0.1,712,11.52,No,58799,Home,Home,17,8.56,Medium,Government Bank,0.64,Online,Rajasthan,Bijapur,Urban,22,Done,Pending,,547.96,0.02,Low,0.13
2640,27,Female,Graduate,Salaried,16,421252,17481,0.64,714,60.25,Yes,332712,Personal,Personal,9,11.92,Medium,Private Bank,1.25,Offline,Maharashtra,Manipur District,Rural,8,Done,Approved,,5036.98,0.14,Low,0.79
2641,40,Male,Graduate,Salaried,18,778616,15705,0.36,802,52.35,No,858997,Business,Business,19,8.39,Low,Private Bank,1.26,Online,Gujarat,Parbhani,Urban,5,Done,Approved,,7547.1,0.12,Low,1.1
2642,40,Female,Graduate,Salaried,8,861724,12166,0.35,682,24.64,No,1041959,Agriculture,Agriculture,14,12.67,Medium,Government Bank,0.29,Offline,Bihar,Kerala District,Rural,17,Done,Pending,,13274.99,0.18,Low,1.21
2643,28,Male,Non-Graduate,Salaried,9,675327,12273,0.27,776,22.87,No,237103,Home,Home,10,6.19,Low,Government Bank,0.52,Offline,Tamil Nadu,Himachal Pradesh District,Rural,19,Done,Approved,,2655.01,0.05,Low,0.35
2644,39,Male,Graduate,Salaried,26,747745,14869,0.29,843,46.39,No,264584,Education,Education,10,7.3,Low,Private Bank,1.51,Offline,Telangana,Manipur District,Rural,7,Processing,Approved,,3113.11,0.05,Low,0.35
2645,59,Female,Graduate,Salaried,17,603877,17976,0.47,788,29.63,No,599434,Business,Business,14,7.02,Low,Private Bank,1.32,Online,Delhi,Purnia,Urban,8,Done,Approved,,5613.71,0.11,Low,0.99
2646,55,Male,Non-Graduate,Salaried,8,777482,5961,0.28,730,25.88,No,785691,Appliances,Appliances,9,12.98,Medium,Private Bank,1.44,Offline,Kerala,Rajasthan District,Rural,9,Processing,Pending,,12368.42,0.19,Low,1.01
2647,47,Male,Graduate,Salaried,10,955104,21979,0.35,775,64.76,No,687209,Business,Business,19,8.24,Low,Government Bank,0.26,Online,Uttar Pradesh,Muzaffarnagar,Urban,13,Processing,Approved,,5973.84,0.08,Low,0.72
2648,37,Male,Graduate,Self-employed,26,1390137,24634,0.44,752,83.72,No,2259324,Vehicle,Vehicle,18,12.3,Medium,Private Bank,0.83,Offline,Telangana,Assam District,Rural,4,Done,Approved,,26034.96,0.22,Low,1.63
2649,42,Male,Graduate,Salaried,12,947659,22751,0.53,540,64,No,1006144,Business,Business,8,16.32,High,Private Bank,1.26,Online,Uttar Pradesh,Mehsana,Urban,9,Processing,Rejected,Low Income,18832.44,0.24,Low,1.06
2650,34,Female,Non-Graduate,Pensioner,29,235545,15867,0.85,807,63.66,No,103986,Vehicle,Vehicle,15,5.01,Low,Private Bank,1.46,Offline,Maharashtra,Punjab District,Rural,7,Done,Approved,,822.86,0.04,Low,0.44
2651,38,Female,Graduate,Salaried,10,556305,6226,0.26,641,55.32,No,381890,Agriculture,Agriculture,15,17.4,High,Private Bank,1.28,Online,Tamil Nadu,Singrauli,Urban,9,Done,Pending,,5985.9,0.13,Low,0.69
2652,53,Male,Graduate,Salaried,29,979329,19927,0.37,722,57.73,No,725479,Education,Education,9,9.11,Medium,Private Bank,0.94,Offline,Madhya Pradesh,Chhattisgarh District,Rural,7,Done,Approved,,9867.44,0.12,Low,0.74
2653,27,Male,Graduate,Salaried,25,716079,8508,0.21,752,55.02,No,481361,Personal,Personal,20,8.41,Medium,Private Bank,1.53,Online,Rajasthan,Chinsurah,Urban,8,Done,Pending,,4149.98,0.07,Low,0.67
2654,59,Male,Non-Graduate,Salaried,5,509410,2631,0.14,686,54.68,No,233300,Vehicle,Vehicle,10,10.31,Medium,Private Bank,1.58,Offline,Rajasthan,Himachal Pradesh District,Rural,6,Processing,Approved,,3123.26,0.07,Low,0.46
2655,57,Male,Graduate,Salaried,10,752499,19132,0.77,648,48.25,No,1034120,Agriculture,Agriculture,4,15.56,High,Private Bank,1.5,Online,Bihar,Pune,Urban,5,Done,Pending,,29074.74,0.46,High,1.37
2656,34,Male,Graduate,Salaried,17,621932,14369,0.51,686,83.97,Yes,765932,Home,Home,8,11.59,Medium,Private Bank,1.36,Offline,West Bengal,Assam District,Rural,8,Done,Pending,,12276.67,0.24,Low,1.23
2657,50,Male,Graduate,Salaried,10,602624,7778,0.21,836,23.54,No,409961,Agriculture,Agriculture,19,5.82,Low,Government Bank,0.55,Online,Rajasthan,Orai,Urban,20,Done,Approved,,2975.76,0.06,Low,0.68
2658,54,Male,Graduate,Salaried,12,724649,16833,0.44,529,35.21,No,680079,Personal,Personal,15,14.85,High,Finance Company,2.98,Online,Uttar Pradesh,Lucknow,Urban,3,Processing,Rejected,High Existing EMI,9448.52,0.16,Low,0.94
2659,30,Male,Non-Graduate,Salaried,11,867556,13097,0.4,811,19.04,No,1190287,Education,Education,8,6.88,Low,Private Bank,1.46,Offline,Maharashtra,Karnataka District,Rural,4,Processing,Approved,,16157.05,0.22,Low,1.37
2660,33,Female,Graduate,Salaried,13,706925,15145,0.69,540,63.39,No,720302,Business,Business,3,16.11,High,Finance Company,2.93,Online,Bihar,Morena,Urban,2,Processing,Pending,,25362.82,0.43,Medium,1.02
2661,43,Male,Non-Graduate,Salaried,27,415280,17879,0.59,583,24.55,No,176345,Personal,Personal,13,16.1,High,Government Bank,0.48,Offline,Delhi,Nagaland District,Rural,12,Processing,Pending,,2704.09,0.08,Low,0.42
2662,57,Male,Graduate,Salaried,21,650329,12390,0.33,828,15.08,No,614406,Personal,Personal,19,8.57,Low,Private Bank,1.31,Online,Madhya Pradesh,Amravati,Urban,5,Done,Approved,,5467.1,0.1,Low,0.94
2663,59,Male,Non-Graduate,Self-employed,11,1472879,5589,0.12,575,80.14,No,627553,Personal,Personal,14,15.4,High,Private Bank,1.05,Offline,Maharashtra,Maharashtra District,Rural,7,Done,Pending,,9124.72,0.07,Low,0.43
2664,45,Male,Graduate,Salaried,21,717352,22163,0.46,797,53.2,No,611157,Personal,Personal,14,5.66,Low,Government Bank,0.69,Online,Gujarat,Naihati,Urban,17,Done,Approved,,5275.68,0.09,Low,0.85
2665,62,Male,Graduate,Salaried,21,789434,20690,0.4,791,74.63,No,795797,Appliances,Appliances,19,6.04,Low,Government Bank,0.72,Online,Delhi,Hazaribagh,Urban,18,Done,Approved,,5875.88,0.09,Low,1.01
2666,39,Male,Graduate,Salaried,17,457062,15409,0.48,768,23.1,No,203724,Appliances,Appliances,7,6.76,Low,Government Bank,0.69,Offline,Uttar Pradesh,Telangana District,Rural,18,Done,Approved,,3050.9,0.08,Low,0.45
2667,57,Female,Graduate,Salaried,5,710827,21340,0.45,717,39.06,No,372359,Business,Business,11,12.83,Medium,Finance Company,2.21,Online,West Bengal,Meerut,Urban,5,Done,Pending,,5277.64,0.09,Low,0.52
2668,49,Male,Graduate,Salaried,18,435415,24657,0.84,559,84.71,No,362249,Agriculture,Agriculture,16,17.58,High,Private Bank,1.47,Online,Punjab,Amravati,Urban,8,Processing,Rejected,Low Income,5653.35,0.16,Low,0.83
2669,59,Female,Graduate,Self-employed,22,1503248,14411,0.28,616,41.6,No,568429,Agriculture,Agriculture,3,17.13,High,Private Bank,1.18,Online,Telangana,Surendranagar Dudhrej,Urban,8,Done,Rejected,High Loan Amount Request,20302.84,0.16,Low,0.38
2670,31,Male,Non-Graduate,Salaried,14,764090,21451,0.51,697,89.39,No,912505,Education,Education,19,12.89,Medium,Private Bank,1.52,Offline,Rajasthan,Kerala District,Rural,5,Done,Approved,,10741.8,0.17,Low,1.19
2671,25,Female,Graduate,Self-employed,9,1561054,3312,0.1,741,43.44,No,972031,Appliances,Appliances,17,10.36,Medium,Finance Company,2.94,Online,Madhya Pradesh,Uluberia,Urban,1,Done,Approved,,10149.11,0.08,Low,0.62
2672,61,Male,Graduate,Self-employed,25,1228416,492,0.22,675,17.51,No,1311441,Education,Education,8,12.58,Medium,Finance Company,1.92,Online,Tamil Nadu,Kadapa,Urban,5,Done,Pending,,21734.77,0.21,Low,1.07
2673,41,Male,Graduate,Self-employed,30,714155,7197,0.4,562,86.51,No,488671,Agriculture,Agriculture,3,14.52,High,Government Bank,0.63,Online,Tamil Nadu,Tiruchirappalli,Urban,21,Done,Rejected,Low CIBIL Score,16825.3,0.28,Low,0.68
2674,57,Male,Graduate,Self-employed,26,1180658,22453,0.35,659,62.02,No,976427,Appliances,Appliances,15,11.93,Medium,Finance Company,2.54,Online,Gujarat,Chinsurah,Urban,1,Processing,Approved,,11674.83,0.12,Low,0.83
2675,61,Female,Graduate,Salaried,6,928454,20649,0.4,568,68.48,No,724242,Education,Education,13,14.6,High,Government Bank,0.65,Online,Tamil Nadu,Dhule,Urban,14,Done,Rejected,High Loan Amount Request,10386.08,0.13,Low,0.78
2676,47,Male,Graduate,Salaried,14,719317,2740,0.49,674,33.79,No,1058318,Agriculture,Agriculture,4,9.38,Medium,Finance Company,1.78,Offline,Punjab,Odisha District,Rural,5,Processing,Pending,,26527.66,0.44,Medium,1.47
2677,45,Male,Graduate,Salaried,18,874498,176,0.13,757,60.76,No,1029802,Personal,Personal,18,8.1,Medium,Private Bank,1.37,Online,Madhya Pradesh,Bhagalpur,Urban,9,Done,Approved,,9072.78,0.12,Low,1.18
2678,33,Male,Graduate,Self-employed,9,1188600,8031,0.11,734,23.94,No,329920,Vehicle,Vehicle,18,8.37,Medium,Finance Company,1.64,Online,Tamil Nadu,Mangalore,Urban,5,Done,Pending,,2960.97,0.03,Low,0.28
2679,28,Male,Graduate,Self-employed,5,1981214,19642,0.2,702,81.44,No,1402579,Personal,Personal,19,10.15,Medium,Government Bank,0.39,Online,Rajasthan,Kakinada,Urban,17,Processing,Approved,,13900.61,0.08,Low,0.71
2680,54,Female,Non-Graduate,Salaried,26,790343,5752,0.32,548,40.65,No,1068254,Education,Education,14,15.3,High,Government Bank,0.62,Offline,Delhi,Rajasthan District,Rural,22,Done,Pending,,15460.33,0.23,Low,1.35
2681,52,Male,Graduate,Salaried,13,618607,14154,0.43,712,59.08,No,418750,Business,Business,6,12.19,Medium,Finance Company,1.99,Online,Delhi,Jabalpur,Urban,4,Processing,Approved,,8228.08,0.16,Low,0.68
2682,52,Male,Graduate,Salaried,6,509122,23024,0.74,552,13.31,No,360592,Agriculture,Agriculture,5,14.94,High,Private Bank,0.88,Online,Telangana,Orai,Urban,6,Done,Pending,,8567.11,0.2,Low,0.71
2683,39,Male,Graduate,Salaried,28,696628,20283,0.64,734,77.17,No,1064212,Vehicle,Vehicle,8,11.25,Medium,Government Bank,0.46,Online,Karnataka,Bijapur,Urban,21,Done,Pending,,16860.93,0.29,Low,1.53
2684,56,Female,Non-Graduate,Salaried,5,423630,5395,0.21,765,53.38,No,152631,Agriculture,Agriculture,9,6.34,Low,Private Bank,1.4,Offline,Tamil Nadu,Manipur District,Rural,6,Done,Approved,,1858.22,0.05,Low,0.36
2685,50,Male,Graduate,Self-employed,18,933067,17109,0.39,603,65.17,No,508425,Agriculture,Agriculture,4,12.27,High,Government Bank,0.67,Online,Kerala,Katni,Urban,15,Done,Pending,,13456.28,0.17,Low,0.54
2686,51,Male,Graduate,Self-employed,10,1634273,9874,0.24,798,32.46,No,2945357,Vehicle,Vehicle,20,7.27,Low,Finance Company,2.81,Online,Madhya Pradesh,Surat,Urban,3,Done,Approved,,23315.1,0.17,Low,1.8
2687,60,Female,Graduate,Salaried,17,466558,11939,0.34,789,25.85,No,99046,Business,Business,7,6.48,Low,Finance Company,1.77,Online,Rajasthan,Raichur,Urban,5,Done,Approved,,1469.82,0.04,Low,0.21
2688,55,Male,Non-Graduate,Salaried,28,445186,6655,0.2,784,65.48,No,114729,Appliances,Appliances,18,5.45,Low,Government Bank,0.26,Offline,Kerala,Jharkhand District,Rural,17,Done,Approved,,834.73,0.02,Low,0.26
2689,50,Male,Graduate,Salaried,15,894861,24034,0.37,638,56.75,No,233144,Home,Home,16,17.29,High,Private Bank,0.91,Online,Maharashtra,Haldia,Urban,8,Processing,Pending,,3589.45,0.05,Low,0.26
2690,41,Female,Graduate,Salaried,10,925837,23289,1.03,753,30.14,No,1175690,Home,Home,2,12.91,Medium,Private Bank,1.09,Online,Rajasthan,Aligarh,Urban,5,Done,Approved,,55844.76,0.72,High,1.27
2691,43,Male,Graduate,Salaried,30,875372,23968,0.5,576,57.51,No,510584,Home,Home,5,15.33,High,Private Bank,1.46,Online,West Bengal,Deoghar,Urban,7,Processing,Pending,,12235.38,0.17,Low,0.58
2692,29,Male,Non-Graduate,Self-employed,19,1174985,9506,0.57,669,41.11,No,986565,Personal,Personal,2,11.04,Medium,Government Bank,0.72,Offline,Rajasthan,Meghalaya District,Rural,13,Processing,Approved,,45999.99,0.47,High,0.84
2693,48,Male,Graduate,Self-employed,12,1289723,15881,0.28,840,52.06,No,1581763,Vehicle,Vehicle,18,8.62,Low,Government Bank,0.26,Online,Rajasthan,Shimoga,Urban,15,Done,Approved,,14439.12,0.13,Low,1.23
2694,54,Male,Non-Graduate,Self-employed,20,834403,21967,0.53,577,44.88,No,974838,Personal,Personal,18,17.7,High,Finance Company,1.67,Offline,Gujarat,Kerala District,Rural,3,Processing,Pending,,15014.11,0.22,Low,1.17
2695,61,Female,Graduate,Salaried,30,755572,23148,0.41,564,35.06,No,216860,Business,Business,18,13.37,High,Finance Company,2.09,Online,West Bengal,Muzaffarpur,Urban,5,Processing,Rejected,High Loan Amount Request,2659.03,0.04,Low,0.29
2696,30,Male,Non-Graduate,Salaried,28,418401,4799,0.29,819,34.87,No,333266,Vehicle,Vehicle,7,8.25,Low,Private Bank,1.28,Offline,Karnataka,Rajasthan District,Rural,5,Done,Approved,,5235.96,0.15,Low,0.8
2697,57,Male,Non-Graduate,Self-employed,12,1231991,14299,1.45,637,22.76,No,2806218,Personal,Personal,2,13.97,High,Finance Company,2.25,Offline,Tamil Nadu,Madhya Pradesh District,Rural,2,Processing,Pending,,134694.85,1.31,High,2.28
2698,57,Male,Graduate,Pensioner,27,264737,5372,0.68,743,46.57,No,388286,Business,Business,4,9.11,Medium,Finance Company,2.01,Online,Delhi,Guntur,Urban,3,Processing,Pending,,9682.81,0.44,Medium,1.47
2699,27,Male,Graduate,Self-employed,27,1324055,12265,0.44,575,84.28,No,2535376,Personal,Personal,12,13.77,High,Government Bank,0.78,Online,Kerala,Bulandshahr,Urban,17,Processing,Rejected,High Existing EMI,36069.26,0.33,Medium,1.91
2700,33,Female,Graduate,Salaried,27,864502,13691,0.25,670,11.08,No,446131,Home,Home,17,8.73,Medium,Private Bank,1.31,Online,Kerala,Bettiah,Urban,9,Done,Approved,,4203.75,0.06,Low,0.52
2701,36,Male,Graduate,Salaried,9,429865,13642,0.57,531,28.11,No,391347,Vehicle,Vehicle,8,14.19,High,Government Bank,0.35,Online,Karnataka,Udupi,Urban,22,Processing,Pending,,6840.67,0.19,Low,0.91
2702,55,Male,Graduate,Salaried,19,549414,740,0.03,569,40.8,No,50742,Appliances,Appliances,18,12.59,High,Government Bank,0.43,Offline,Kerala,Tamil Nadu District,Rural,13,Done,Pending,,594.78,0.01,Low,0.09
2703,44,Male,Graduate,Salaried,20,647210,21387,0.55,520,10.19,No,572407,Vehicle,Vehicle,13,14.19,High,Private Bank,1.6,Online,Madhya Pradesh,Bhagalpur,Urban,4,Processing,Rejected,Low CIBIL Score,8056,0.15,Low,0.88
2704,58,Male,Graduate,Self-employed,18,1855032,22637,0.24,654,42.36,No,1271463,Education,Education,17,11.55,Medium,Private Bank,1.33,Online,Madhya Pradesh,Kharagpur,Urban,7,Processing,Approved,,14258.06,0.09,Low,0.69
2705,40,Male,Graduate,Salaried,23,444401,21394,0.65,532,14.58,No,210144,Agriculture,Agriculture,20,13.69,High,Private Bank,1.08,Online,Karnataka,Jamalpur,Urban,8,Done,Pending,,2566.01,0.07,Low,0.47
2706,35,Male,Graduate,Salaried,26,625257,5581,0.53,549,59.64,No,999147,Home,Home,6,16.37,High,Private Bank,1.56,Online,Gujarat,Mangalore,Urban,9,Processing,Rejected,Low Income,21877.39,0.42,Medium,1.6
2707,41,Male,Graduate,Salaried,10,707111,16128,0.58,560,29.83,No,998143,Education,Education,9,17.23,High,Private Bank,1.48,Online,Bihar,Singrauli,Urban,7,Processing,Rejected,Low CIBIL Score,18244.15,0.31,Medium,1.41
2708,33,Male,Graduate,Salaried,22,921483,3009,0.24,664,29.86,No,1159787,Agriculture,Agriculture,11,11.91,Medium,Private Bank,1.44,Online,West Bengal,Tadepalligudem,Urban,5,Done,Pending,,15801.7,0.21,Low,1.26
2709,54,Female,Graduate,Salaried,20,971878,21503,0.41,705,40.16,No,953319,Business,Business,14,12.54,Medium,Private Bank,1.15,Online,Delhi,Kharagpur,Urban,7,Done,Approved,,12066.38,0.15,Low,0.98
2710,39,Male,Graduate,Salaried,22,826213,16353,0.68,670,19.86,No,1197009,Business,Business,4,10.31,Medium,Private Bank,0.94,Online,Delhi,Bongaigaon,Urban,5,Processing,Pending,,30537.76,0.44,Medium,1.45
2711,50,Male,Graduate,Salaried,22,772040,5041,0.18,792,81.43,No,860371,Home,Home,20,7.27,Low,Private Bank,0.97,Online,Tamil Nadu,Madhyamgram,Urban,5,Done,Approved,,6810.6,0.11,Low,1.11
2712,49,Male,Graduate,Salaried,6,605832,13316,0.36,536,57.23,Yes,286265,Personal,Personal,9,15.97,High,Private Bank,1.35,Online,Uttar Pradesh,Begusarai,Urban,8,Done,Rejected,Low Income,5011.66,0.1,Low,0.47
2713,28,Female,Graduate,Salaried,6,705469,13793,0.35,658,62.8,No,489535,Personal,Personal,10,12.15,Medium,Private Bank,1.28,Offline,Madhya Pradesh,Bihar District,Rural,5,Processing,Approved,,7065.92,0.12,Low,0.69
2714,43,Female,Graduate,Self-employed,5,1955963,23699,0.27,551,64.58,No,1312918,Education,Education,11,14.25,High,Private Bank,0.98,Online,Tamil Nadu,New Delhi,Urban,6,Done,Rejected,Low CIBIL Score,19747.84,0.12,Low,0.67
2715,58,Male,Non-Graduate,Salaried,5,762077,19612,0.79,724,69.54,No,1156012,Appliances,Appliances,4,11.88,Medium,Finance Company,2.12,Offline,West Bengal,Himachal Pradesh District,Rural,4,Processing,Approved,,30374.16,0.48,High,1.52
2716,52,Male,Graduate,Salaried,23,813451,23959,0.47,768,10.99,No,593601,Business,Business,8,6.54,Low,Finance Company,2.54,Online,Tamil Nadu,Bahraich,Urban,5,Processing,Approved,,7957.78,0.12,Low,0.73
2717,48,Male,Graduate,Salaried,24,646093,22643,0.59,669,59.35,No,711449,Home,Home,11,10.7,Medium,Finance Company,2.64,Online,Punjab,Bhalswa Jahangir Pur,Urban,1,Done,Pending,,9191.37,0.17,Low,1.1
2718,35,Male,Graduate,Salaried,26,769090,19584,0.36,621,19.69,No,275472,Home,Home,15,13.66,High,Government Bank,0.63,Online,Gujarat,Saharanpur,Urban,16,Done,Pending,,3605.86,0.06,Low,0.36
2719,28,Male,Graduate,Salaried,15,430924,13904,0.52,562,51.05,No,340445,Business,Business,13,13.6,High,Government Bank,0.35,Online,Karnataka,North Dumdum,Urban,13,Processing,Pending,,4662.01,0.13,Low,0.79
2720,26,Male,Graduate,Pensioner,24,241500,10926,0.61,745,44.79,No,98058,Personal,Personal,10,10.56,Medium,Private Bank,1.4,Online,West Bengal,Ambala,Urban,6,Processing,Approved,,1326.44,0.07,Low,0.41
2721,30,Female,Graduate,Salaried,7,679584,5794,0.59,779,51.98,Yes,1058876,Agriculture,Agriculture,4,11.45,Medium,Private Bank,1.42,Online,Punjab,Bally,Urban,4,Processing,Approved,,27599.18,0.49,High,1.56
2722,56,Male,Graduate,Salaried,23,636072,24724,0.66,679,23.9,No,1055503,Education,Education,20,9.82,Medium,Private Bank,1.24,Online,Telangana,Durgapur,Urban,7,Processing,Approved,,10060.28,0.19,Low,1.66
2723,50,Male,Graduate,Salaried,25,878932,11125,0.24,752,30.58,No,491606,Personal,Personal,12,12.33,Medium,Government Bank,0.35,Online,Uttar Pradesh,Amravati,Urban,18,Processing,Pending,,6555.42,0.09,Low,0.56
2724,37,Male,Non-Graduate,Self-employed,25,1152883,23391,0.4,610,13.37,No,955919,Home,Home,15,16.97,High,Government Bank,0.46,Offline,Telangana,Tamil Nadu District,Rural,21,Processing,Pending,,14691.31,0.15,Low,0.83
2725,49,Male,Graduate,Salaried,14,698910,17443,0.63,530,87.38,No,1009007,Personal,Personal,7,15.04,High,Government Bank,0.77,Online,Punjab,Tezpur,Urban,16,Done,Pending,,19493.21,0.33,Medium,1.44
2726,59,Male,Graduate,Salaried,7,774257,22897,0.45,743,48.57,Yes,465570,Home,Home,10,9.62,Medium,Government Bank,0.74,Online,Rajasthan,Thiruvananthapuram,Urban,13,Processing,Approved,,6054.99,0.09,Low,0.6
2727,34,Female,Graduate,Self-employed,30,1767284,7597,0.2,529,32.61,No,1326827,Appliances,Appliances,9,13.7,High,Finance Company,2.58,Online,Telangana,Mau,Urban,2,Done,Pending,,21439.6,0.15,Low,0.75
2728,34,Female,Graduate,Salaried,23,621389,12992,0.74,540,21.77,No,753220,Agriculture,Agriculture,3,12.9,High,Finance Company,1.58,Offline,Madhya Pradesh,Goa District,Rural,4,Done,Rejected,Previous Loan Default,25342.69,0.49,High,1.21
2729,57,Male,Non-Graduate,Salaried,18,590545,19973,0.45,659,83.43,No,214908,Appliances,Appliances,16,9.05,Medium,Finance Company,1.97,Offline,Maharashtra,Arunachal Pradesh District,Rural,3,Done,Approved,,2122.31,0.04,Low,0.36
2730,33,Female,Graduate,Salaried,7,859376,14510,0.61,822,74.57,No,655430,Vehicle,Vehicle,2,7.42,Low,Government Bank,0.26,Offline,Madhya Pradesh,Sikkim District,Rural,18,Processing,Approved,,29470.25,0.41,Medium,0.76
2731,52,Male,Graduate,Self-employed,11,1922475,18459,0.17,562,47.23,No,704164,Agriculture,Agriculture,17,12.71,High,Finance Company,2.93,Online,Bihar,Orai,Urban,4,Processing,Rejected,High Existing EMI,8442.32,0.05,Low,0.37
2732,40,Female,Graduate,Salaried,24,851981,5641,0.21,645,47.26,No,270709,Agriculture,Agriculture,3,14.52,High,Private Bank,0.92,Online,Kerala,Tiruvottiyur,Urban,6,Done,Rejected,Low Income,9320.71,0.13,Low,0.32
2733,54,Female,Graduate,Salaried,9,434996,24952,0.82,611,61.49,No,325709,Agriculture,Agriculture,19,17.39,High,Finance Company,2.25,Online,Punjab,Meerut,Urban,5,Done,Pending,,4904.54,0.14,Low,0.75
2734,38,Male,Graduate,Salaried,20,867316,19562,0.4,796,14.22,No,454378,Appliances,Appliances,5,8.02,Low,Finance Company,1.75,Offline,Maharashtra,Tamil Nadu District,Rural,1,Done,Approved,,9217.5,0.13,Low,0.52
2735,26,Male,Graduate,Self-employed,15,1358791,5373,0.32,806,27.36,No,2091143,Vehicle,Vehicle,8,8.88,Low,Government Bank,0.7,Online,Delhi,Tiruppur,Urban,12,Processing,Approved,,30505.65,0.27,Low,1.54
2736,48,Female,Graduate,Salaried,25,977818,17510,0.48,587,48.43,No,637777,Personal,Personal,3,12.42,High,Finance Company,2.02,Online,Punjab,Begusarai,Urban,2,Processing,Pending,,21311.49,0.26,Low,0.65
2737,57,Male,Non-Graduate,Salaried,24,932475,1498,0.2,650,10.81,No,845772,Vehicle,Vehicle,7,9.13,Medium,Government Bank,0.31,Offline,Rajasthan,Jharkhand District,Rural,21,Done,Approved,,13663.56,0.18,Low,0.91
2738,28,Male,Graduate,Salaried,7,523455,15688,0.41,785,44.88,No,249682,Home,Home,13,5.47,Low,Finance Company,1.81,Online,Punjab,Loni,Urban,1,Processing,Approved,,2239.97,0.05,Low,0.48
2739,50,Male,Non-Graduate,Self-employed,23,1569284,21076,0.29,769,17.2,No,2335246,Home,Home,17,5.19,Low,Government Bank,0.76,Offline,Uttar Pradesh,Meghalaya District,Rural,19,Processing,Approved,,17253.59,0.13,Low,1.49
2740,50,Female,Non-Graduate,Salaried,23,760090,14249,0.5,530,21.19,No,756852,Business,Business,5,14.04,High,Finance Company,2.51,Offline,Bihar,Goa District,Rural,4,Done,Rejected,Previous Loan Default,17626.32,0.28,Low,1
2741,40,Female,Graduate,Self-employed,23,1908771,6909,0.13,687,14.07,No,935845,Personal,Personal,8,8.19,Medium,Private Bank,0.96,Online,Punjab,Thanjavur,Urban,7,Processing,Pending,,13320.29,0.08,Low,0.49
2742,52,Male,Graduate,Salaried,26,741001,22418,0.53,833,12.69,No,704708,Home,Home,8,8.27,Low,Government Bank,0.47,Online,Punjab,Nanded,Urban,18,Done,Approved,,10059.21,0.16,Low,0.95
2743,45,Female,Graduate,Salaried,14,948473,3820,0.19,677,89.64,No,1148321,Education,Education,20,9.84,Medium,Finance Company,2.08,Online,Uttar Pradesh,Medininagar,Urban,3,Done,Approved,,10960.09,0.14,Low,1.21
2744,33,Female,Graduate,Salaried,7,972193,22026,0.3,504,42.05,No,205862,Personal,Personal,20,14.22,High,Finance Company,1.84,Online,Uttar Pradesh,Durgapur,Urban,3,Processing,Rejected,Low CIBIL Score,2592.9,0.03,Low,0.21
2745,48,Male,Non-Graduate,Self-employed,19,619727,12436,0.32,774,20.02,No,305726,Agriculture,Agriculture,8,7.26,Low,Finance Company,2.8,Offline,Gujarat,Nagaland District,Rural,5,Processing,Approved,,4207.85,0.08,Low,0.49
2746,34,Female,Graduate,Salaried,26,927714,22722,0.36,684,35.71,No,277560,Business,Business,6,9.24,Medium,Government Bank,0.56,Offline,Madhya Pradesh,West Bengal District,Rural,15,Done,Pending,,5036.29,0.07,Low,0.3
2747,25,Male,Graduate,Salaried,19,837039,19467,0.45,669,17.16,No,1084292,Business,Business,15,10.67,Medium,Finance Company,2.13,Online,Maharashtra,Meerut,Urban,2,Processing,Pending,,12100.28,0.17,Low,1.3
2748,27,Male,Graduate,Salaried,17,773045,17946,0.4,608,87.44,No,578806,Vehicle,Vehicle,15,15,High,Government Bank,0.26,Online,Telangana,Bhalswa Jahangir Pur,Urban,14,Processing,Pending,,8100.89,0.13,Low,0.75
2749,53,Male,Non-Graduate,Salaried,27,493082,22879,0.66,578,67.37,No,270586,Business,Business,17,17.95,High,Private Bank,1.28,Offline,Tamil Nadu,Goa District,Rural,4,Processing,Pending,,4253.24,0.1,Low,0.55
2750,36,Male,Graduate,Salaried,16,628552,7107,1.01,742,30.23,No,987996,Education,Education,2,9.95,Medium,Finance Company,2.9,Online,Telangana,Hindupur,Urban,2,Done,Pending,,45568.21,0.87,High,1.57
2751,52,Female,Graduate,Salaried,15,742033,5031,0.29,500,56.59,No,938215,Personal,Personal,19,15.62,High,Private Bank,1.04,Online,Maharashtra,Sonipat,Urban,8,Processing,Rejected,Previous Loan Default,12887.89,0.21,Low,1.26
2752,34,Male,Graduate,Self-employed,24,816454,14017,0.39,671,13.27,No,1121179,Agriculture,Agriculture,15,11.12,Medium,Government Bank,0.52,Online,Uttar Pradesh,Hubli–Dharwad,Urban,18,Processing,Pending,,12827.9,0.19,Low,1.37
2753,38,Male,Graduate,Salaried,26,410390,22077,0.91,768,13.31,No,203394,Vehicle,Vehicle,2,7.69,Low,Finance Company,1.9,Online,Rajasthan,Gandhidham,Urban,2,Processing,Approved,,9170.23,0.27,Low,0.5
2754,45,Male,Graduate,Salaried,17,480444,18485,0.5,809,64.06,No,160247,Vehicle,Vehicle,14,6.54,Low,Government Bank,0.44,Offline,Karnataka,Rajasthan District,Rural,16,Processing,Approved,,1458.67,0.04,Low,0.33
2755,39,Male,Graduate,Salaried,13,873782,8643,0.18,730,24.92,No,484819,Vehicle,Vehicle,20,10.2,Medium,Private Bank,1.52,Offline,Delhi,Andhra Pradesh District,Rural,7,Processing,Approved,,4743.03,0.07,Low,0.55
2756,42,Female,Graduate,Salaried,21,701561,24271,0.61,804,45.74,No,1037177,Business,Business,12,8.55,Low,Finance Company,2.61,Online,Rajasthan,Allahabad,Urban,5,Processing,Approved,,11542.08,0.2,Low,1.48
2757,51,Male,Graduate,Salaried,28,510258,7069,0.23,589,47.86,No,184159,Agriculture,Agriculture,14,14.14,High,Government Bank,0.39,Offline,Kerala,Haryana District,Rural,21,Done,Rejected,Previous Loan Default,2522.48,0.06,Low,0.36
2758,50,Female,Graduate,Self-employed,20,1141074,17403,0.22,837,86.64,No,247493,Appliances,Appliances,8,6.97,Low,Finance Company,1.57,Online,Gujarat,Tiruppur,Urban,5,Processing,Approved,,3370.56,0.04,Low,0.22
2759,55,Female,Graduate,Salaried,17,631798,1228,0.25,690,70.03,No,860547,Appliances,Appliances,10,10.87,Medium,Government Bank,0.7,Online,Uttar Pradesh,Gangtok,Urban,14,Done,Pending,,11790.8,0.22,Low,1.36
2760,28,Female,Non-Graduate,Salaried,14,932323,8340,0.27,571,79.55,No,688962,Home,Home,10,17.68,High,Private Bank,1.5,Offline,Punjab,Gujarat District,Rural,8,Done,Rejected,High Existing EMI,12272.49,0.16,Low,0.74
2761,28,Male,Graduate,Salaried,15,734986,4128,0.2,813,55.58,No,1007690,Appliances,Appliances,19,6.72,Low,Private Bank,1.55,Online,Karnataka,Dindigul,Urban,8,Done,Approved,,7836.76,0.13,Low,1.37
2762,29,Male,Graduate,Salaried,10,970848,20341,0.41,774,56.96,No,880547,Education,Education,7,5.28,Low,Private Bank,0.89,Online,Tamil Nadu,Kota,Urban,8,Processing,Approved,,12561.75,0.16,Low,0.91
2763,55,Male,Graduate,Salaried,22,776048,6476,0.17,617,89.99,No,271057,Appliances,Appliances,8,13.38,High,Private Bank,1.1,Online,Rajasthan,Gorakhpur,Urban,9,Processing,Pending,,4613.53,0.07,Low,0.35
2764,25,Male,Graduate,Self-employed,5,1484448,12494,0.19,766,82.84,No,1211989,Agriculture,Agriculture,16,8.31,Low,Government Bank,0.42,Online,West Bengal,Jaipur,Urban,16,Done,Approved,,11431.5,0.09,Low,0.82
2765,33,Male,Graduate,Self-employed,16,879999,22876,0.48,639,62.46,No,948872,Vehicle,Vehicle,13,12.42,High,Government Bank,0.49,Online,Delhi,Durg,Urban,18,Done,Rejected,High Existing EMI,12285.68,0.17,Low,1.08
2766,49,Female,Graduate,Salaried,12,625796,17042,0.36,832,53.8,No,242316,Agriculture,Agriculture,19,6.76,Low,Government Bank,0.67,Online,Punjab,Pondicherry,Urban,18,Processing,Approved,,1890.17,0.04,Low,0.39
2767,59,Male,Graduate,Pensioner,5,278166,878,0.23,731,68.08,No,352451,Vehicle,Vehicle,11,10.77,Medium,Private Bank,1.03,Online,Punjab,Bikaner,Urban,8,Processing,Approved,,4567.59,0.2,Low,1.27
2768,62,Male,Graduate,Salaried,14,845867,6272,0.32,581,43.6,No,885646,Personal,Personal,7,13.66,High,Government Bank,0.48,Online,Kerala,Panchkula,Urban,17,Done,Rejected,Previous Loan Default,16431.12,0.23,Low,1.05
2769,57,Male,Graduate,Salaried,8,872788,23751,0.69,641,82.7,No,939699,Business,Business,4,15.36,High,Finance Company,2.75,Online,Delhi,Karaikudi,Urban,1,Processing,Pending,,26324.33,0.36,Medium,1.08
2770,35,Male,Graduate,Salaried,20,927332,10995,0.41,772,25.51,No,1175701,Education,Education,6,8.04,Low,Finance Company,2.6,Online,Punjab,Latur,Urban,4,Done,Approved,,20636.82,0.27,Low,1.27
2771,32,Female,Graduate,Salaried,9,552522,2592,0.1,652,72.28,No,141278,Agriculture,Agriculture,13,12.81,Medium,Private Bank,1.47,Online,Telangana,Yamunanagar,Urban,6,Processing,Pending,,1863.77,0.04,Low,0.26
2772,33,Male,Graduate,Salaried,24,559881,22539,0.51,734,80.43,No,82907,Business,Business,8,11.43,Medium,Private Bank,1.22,Online,Bihar,Bahraich,Urban,6,Done,Approved,,1321.64,0.03,Low,0.15
2773,58,Female,Graduate,Self-employed,21,1552115,5642,0.33,772,66.35,No,2630681,Agriculture,Agriculture,7,5.11,Low,Government Bank,0.43,Online,Punjab,Vijayawada,Urban,21,Processing,Approved,,37317.93,0.29,Low,1.69
2774,60,Female,Non-Graduate,Salaried,25,542315,3073,0.16,604,79.31,No,347781,Business,Business,18,12.94,High,Government Bank,0.58,Offline,Bihar,Assam District,Rural,21,Done,Pending,,4160.44,0.09,Low,0.64
2775,37,Male,Graduate,Salaried,29,530949,6876,0.21,704,60.94,No,129576,Vehicle,Vehicle,6,11.66,Medium,Government Bank,0.68,Online,Delhi,Dindigul,Urban,13,Processing,Pending,,2510.38,0.06,Low,0.24
2776,52,Male,Graduate,Salaried,6,448612,4029,0.23,628,37.81,No,252082,Education,Education,8,15.37,High,Finance Company,2.67,Offline,Bihar,Tripura District,Rural,5,Done,Pending,,4577.85,0.12,Low,0.56
2777,62,Male,Graduate,Salaried,16,982704,12140,0.43,705,70.58,Yes,1125566,Home,Home,5,9.18,Medium,Government Bank,0.41,Online,Madhya Pradesh,Aurangabad,Urban,21,Done,Pending,,23463.35,0.29,Low,1.15
2778,55,Female,Graduate,Self-employed,22,1089905,11520,0.22,746,44.25,Yes,709511,Vehicle,Vehicle,12,10.22,Medium,Private Bank,1.47,Online,Maharashtra,Ghaziabad,Urban,8,Done,Approved,,8569.63,0.09,Low,0.65
2779,27,Male,Graduate,Salaried,28,785356,6291,0.17,732,40.35,No,389307,Appliances,Appliances,11,9.11,Medium,Finance Company,2.69,Online,Tamil Nadu,Vellore,Urban,3,Processing,Approved,,4680.11,0.07,Low,0.5
2780,62,Male,Graduate,Salaried,9,444968,14696,0.45,816,82.98,No,225750,Personal,Personal,13,6.55,Low,Government Bank,0.41,Offline,Punjab,Tripura District,Rural,18,Done,Approved,,2153.34,0.06,Low,0.51
2781,56,Male,Non-Graduate,Salaried,19,690044,7600,0.26,545,25.75,No,521466,Vehicle,Vehicle,13,14.76,High,Finance Company,2.28,Offline,Karnataka,Meghalaya District,Rural,4,Processing,Pending,,7532.73,0.13,Low,0.76
2782,34,Male,Graduate,Salaried,15,593033,23677,0.53,596,64.75,No,200984,Vehicle,Vehicle,20,13.1,High,Private Bank,1.27,Online,Gujarat,Panchkula,Urban,7,Processing,Pending,,2369.01,0.05,Low,0.34
2783,39,Female,Graduate,Self-employed,9,1187303,16393,0.23,693,87.51,No,536625,Appliances,Appliances,16,12.45,Medium,Finance Company,1.83,Offline,Kerala,Andhra Pradesh District,Rural,5,Processing,Approved,,6457.52,0.07,Low,0.45
2784,42,Male,Graduate,Salaried,27,704517,9681,0.53,635,20.33,No,452338,Business,Business,2,12.52,High,Finance Company,2.27,Online,Gujarat,Adoni,Urban,4,Done,Rejected,High Existing EMI,21403.13,0.36,Medium,0.64
2785,35,Male,Graduate,Salaried,8,719307,18908,0.34,753,56.67,No,203983,Home,Home,19,8.21,Medium,Government Bank,0.5,Online,Karnataka,Nagercoil,Urban,16,Processing,Pending,,1769.42,0.03,Low,0.28
2786,32,Female,Graduate,Salaried,16,480088,7426,0.31,847,33.45,No,151300,Home,Home,3,8.59,Low,Government Bank,0.38,Online,Karnataka,Deoghar,Urban,19,Processing,Approved,,4782.48,0.12,Low,0.32
2787,50,Male,Graduate,Self-employed,11,1282120,14901,0.54,724,41.67,No,2927181,Business,Business,9,10.84,Medium,Finance Company,2.53,Online,Kerala,Raichur,Urban,4,Done,Pending,,42554.06,0.4,Medium,2.28
2788,46,Male,Graduate,Salaried,21,800376,1488,0.64,806,57.64,No,928925,Agriculture,Agriculture,2,6.69,Low,Finance Company,2.54,Online,Telangana,Jhansi,Urban,1,Done,Approved,,41459.94,0.62,High,1.16
2789,36,Male,Graduate,Salaried,13,621128,3335,0.28,732,86.3,No,494052,Vehicle,Vehicle,5,12.52,Medium,Private Bank,1.08,Online,Uttar Pradesh,Latur,Urban,9,Processing,Approved,,11120.18,0.21,Low,0.8
2790,59,Female,Non-Graduate,Salaried,11,425251,8242,0.29,806,47.83,No,240261,Appliances,Appliances,16,5.7,Low,Finance Company,1.78,Offline,West Bengal,Kerala District,Rural,2,Done,Approved,,1910.31,0.05,Low,0.56
2791,29,Female,Graduate,Self-employed,18,1237931,16638,0.39,755,51.03,No,2193174,Agriculture,Agriculture,14,9.33,Medium,Government Bank,0.67,Online,Delhi,Udupi,Urban,22,Done,Pending,,23430.03,0.23,Low,1.77
2792,27,Male,Graduate,Salaried,22,638637,13149,0.56,581,12.55,No,1098371,Education,Education,18,17.64,High,Finance Company,2.1,Online,Gujarat,Rajkot,Urban,3,Done,Rejected,Previous Loan Default,16867.35,0.32,Medium,1.72
2793,41,Male,Graduate,Salaried,7,955375,14054,0.24,745,22.22,No,498020,Business,Business,20,10.93,Medium,Government Bank,0.37,Offline,Karnataka,Maharashtra District,Rural,13,Processing,Approved,,5116.8,0.06,Low,0.52
2794,43,Male,Non-Graduate,Pensioner,18,267755,24272,1.2,662,60.39,No,172806,Appliances,Appliances,10,12,Medium,Government Bank,0.29,Offline,Gujarat,Goa District,Rural,18,Done,Approved,,2479.26,0.11,Low,0.65
2795,51,Male,Graduate,Salaried,23,627744,19415,0.65,734,56.69,No,740418,Personal,Personal,6,12.68,Medium,Private Bank,1,Online,Telangana,Bhind,Urban,6,Processing,Pending,,14738.47,0.28,Low,1.18
2796,30,Female,Graduate,Salaried,15,831272,19456,0.36,813,57.69,No,785761,Vehicle,Vehicle,19,5.73,Low,Private Bank,1.1,Online,Maharashtra,Bettiah,Urban,4,Done,Approved,,5663.64,0.08,Low,0.95
2797,26,Female,Graduate,Salaried,19,695558,24658,0.59,513,23.86,No,772791,Vehicle,Vehicle,17,13.24,High,Finance Company,2.49,Online,Punjab,Malda,Urban,4,Done,Rejected,Low CIBIL Score,9544.06,0.16,Low,1.11
2798,33,Male,Graduate,Salaried,13,987064,13242,0.28,828,60.28,No,1157796,Business,Business,20,7.79,Low,Government Bank,0.48,Online,Kerala,Sri Ganganagar,Urban,16,Done,Approved,,9533.5,0.12,Low,1.17
2799,37,Male,Non-Graduate,Self-employed,23,649300,13883,0.47,707,88.16,No,949188,Business,Business,14,12.14,Medium,Government Bank,0.74,Offline,West Bengal,Tamil Nadu District,Rural,15,Processing,Pending,,11772.59,0.22,Low,1.46
2800,53,Male,Graduate,Salaried,18,950616,17033,0.35,793,24.19,No,1179537,Appliances,Appliances,15,6.63,Low,Government Bank,0.46,Offline,Karnataka,Goa District,Rural,15,Done,Approved,,10359.52,0.13,Low,1.24
2801,50,Male,Non-Graduate,Salaried,20,584487,23566,0.57,770,50.38,No,285455,Personal,Personal,8,8.26,Low,Finance Company,1.63,Offline,Gujarat,Bihar District,Rural,4,Processing,Approved,,4073.21,0.08,Low,0.49
2802,60,Male,Graduate,Salaried,27,678160,13851,0.52,841,69.81,No,893170,Business,Business,6,7.98,Low,Private Bank,0.86,Online,Tamil Nadu,Jorhat,Urban,8,Done,Approved,,15651.44,0.28,Low,1.32
2803,36,Male,Graduate,Salaried,19,885665,18705,0.28,833,23.03,No,227885,Education,Education,15,6,Low,Finance Company,2.15,Online,Madhya Pradesh,Jamnagar,Urban,1,Done,Approved,,1923.02,0.03,Low,0.26
2804,60,Female,Graduate,Salaried,24,929959,14487,0.35,724,88.62,No,1097366,Appliances,Appliances,17,12.3,Medium,Finance Company,2.14,Online,Kerala,Ambattur,Urban,3,Processing,Pending,,12853.18,0.17,Low,1.18
2805,44,Male,Graduate,Salaried,24,447284,4110,0.22,526,83.34,No,291232,Home,Home,19,16.37,High,Government Bank,0.52,Online,Uttar Pradesh,Tumkur,Urban,17,Processing,Pending,,4162.43,0.11,Low,0.65
2806,60,Female,Graduate,Salaried,28,683800,13386,0.42,654,86.12,No,757992,Agriculture,Agriculture,11,12.11,Medium,Government Bank,0.44,Offline,Gujarat,Telangana District,Rural,21,Processing,Pending,,10417.14,0.18,Low,1.11
2807,57,Male,Graduate,Salaried,21,443600,21432,0.77,575,42.79,No,382000,Vehicle,Vehicle,8,15.11,High,Finance Company,1.93,Online,Punjab,Saharsa,Urban,5,Processing,Rejected,Low CIBIL Score,6879.48,0.19,Low,0.86
2808,62,Female,Graduate,Salaried,17,861057,18777,0.43,620,49.92,No,690470,Vehicle,Vehicle,10,17.73,High,Government Bank,0.57,Online,Tamil Nadu,Noida,Urban,19,Processing,Rejected,High Existing EMI,12321.48,0.17,Low,0.8
2809,40,Female,Graduate,Self-employed,15,1279585,15784,0.85,526,76.49,No,1526859,Vehicle,Vehicle,2,16.34,High,Private Bank,1.09,Online,Maharashtra,Arrah,Urban,8,Processing,Pending,,75008.05,0.7,High,1.19
2810,56,Male,Non-Graduate,Salaried,21,624742,15162,0.54,506,40.73,No,874713,Business,Business,16,16.87,High,Private Bank,1.49,Offline,Tamil Nadu,Goa District,Rural,6,Processing,Rejected,High Existing EMI,13201.8,0.25,Low,1.4
2811,34,Female,Graduate,Salaried,25,865145,3774,0.27,664,56.68,No,1159834,Business,Business,13,12.98,Medium,Private Bank,1.19,Online,Rajasthan,Arrah,Urban,8,Done,Approved,,15425.17,0.21,Low,1.34
2812,49,Female,Non-Graduate,Self-employed,5,1816597,6930,0.1,555,42.97,No,620700,Vehicle,Vehicle,13,12.06,High,Finance Company,2.64,Offline,Tamil Nadu,Madhya Pradesh District,Rural,5,Done,Pending,,7897.66,0.05,Low,0.34
2813,47,Male,Graduate,Salaried,24,500337,19747,0.58,651,49.74,No,387412,Agriculture,Agriculture,13,9.35,Medium,Finance Company,2.62,Offline,Madhya Pradesh,Nagaland District,Rural,3,Done,Pending,,4299.75,0.1,Low,0.77
2814,39,Male,Non-Graduate,Salaried,24,759857,12704,0.31,650,31.15,No,493397,Agriculture,Agriculture,8,8.73,Medium,Finance Company,1.56,Offline,Uttar Pradesh,Mizoram District,Rural,1,Done,Approved,,7159.45,0.11,Low,0.65
2815,60,Female,Graduate,Salaried,26,523736,24210,0.63,765,11.99,No,160543,Vehicle,Vehicle,5,7.24,Low,Government Bank,0.73,Online,Karnataka,Jamalpur,Urban,18,Done,Approved,,3197.15,0.07,Low,0.31
2816,35,Male,Non-Graduate,Self-employed,25,1530043,4273,0.26,762,75.24,No,924993,Home,Home,3,7.49,Low,Private Bank,1.14,Offline,Madhya Pradesh,Nagaland District,Rural,8,Done,Approved,,28768.79,0.23,Low,0.6
2817,42,Male,Graduate,Salaried,24,458781,18875,0.7,632,30.02,No,233948,Agriculture,Agriculture,3,13.16,High,Government Bank,0.4,Online,Madhya Pradesh,Ahmednagar,Urban,19,Processing,Pending,,7900.67,0.21,Low,0.51
2818,36,Male,Graduate,Self-employed,23,1257467,20488,0.56,510,63.31,No,2161097,Appliances,Appliances,9,15.93,High,Finance Company,2.99,Online,Tamil Nadu,Ozhukarai,Urban,4,Processing,Rejected,High Loan Amount Request,37782.15,0.36,Medium,1.72
2819,41,Female,Graduate,Self-employed,7,1186661,17748,0.21,801,60.53,No,363832,Appliances,Appliances,20,7.58,Low,Finance Company,1.91,Online,Rajasthan,Rewa,Urban,5,Done,Approved,,2948.83,0.03,Low,0.31
2820,43,Female,Graduate,Self-employed,21,1081424,5239,0.15,821,57.71,No,906963,Education,Education,13,5.61,Low,Private Bank,1.11,Online,Uttar Pradesh,Dindigul,Urban,7,Done,Approved,,8202.32,0.09,Low,0.84
2821,30,Female,Graduate,Salaried,7,848939,23156,0.44,649,55.98,No,463141,Agriculture,Agriculture,11,17.71,High,Government Bank,0.69,Offline,Kerala,Madhya Pradesh District,Rural,12,Processing,Pending,,7990.53,0.11,Low,0.55
2822,33,Male,Graduate,Salaried,7,482690,22699,0.69,644,45.01,No,100469,Agriculture,Agriculture,2,17.43,High,Private Bank,1.2,Online,Tamil Nadu,Kolhapur,Urban,8,Processing,Rejected,Previous Loan Default,4988.2,0.12,Low,0.21
2823,28,Male,Graduate,Pensioner,22,273896,21539,1.1,505,53.84,No,249960,Agriculture,Agriculture,11,12.84,High,Finance Company,2.39,Online,Gujarat,Pondicherry,Urban,5,Done,Pending,,3544.32,0.16,Low,0.91
2824,48,Male,Graduate,Self-employed,22,1563689,12768,0.31,849,83.93,No,2867219,Personal,Personal,14,7.56,Low,Finance Company,1.76,Online,Punjab,Hubli–Dharwad,Urban,4,Done,Approved,,27711.72,0.21,Low,1.83
2825,60,Male,Graduate,Self-employed,25,1026846,3882,0.12,588,63.81,No,421731,Vehicle,Vehicle,11,14.27,High,Finance Company,2.13,Online,Bihar,Faridabad,Urban,3,Done,Pending,,6348.56,0.07,Low,0.41
2826,53,Male,Graduate,Self-employed,5,1939597,4510,0.23,660,60.22,No,2246223,Vehicle,Vehicle,9,11.04,Medium,Government Bank,0.72,Online,Gujarat,Shahjahanpur,Urban,20,Processing,Pending,,32902.63,0.2,Low,1.16
2827,37,Female,Non-Graduate,Salaried,20,665739,19455,0.62,541,41.92,No,945940,Education,Education,15,17.86,High,Private Bank,1.3,Offline,Tamil Nadu,Odisha District,Rural,5,Processing,Pending,,15138.43,0.27,Low,1.42
2828,59,Male,Graduate,Salaried,20,599593,21039,0.44,526,36.97,No,90276,Business,Business,15,12.05,High,Private Bank,0.87,Online,Telangana,Jammu,Urban,6,Processing,Pending,,1086.37,0.02,Low,0.15
2829,28,Male,Graduate,Salaried,29,753099,15716,0.4,784,11.02,No,780593,Education,Education,9,5.89,Low,Government Bank,0.44,Offline,Kerala,Karnataka District,Rural,14,Done,Approved,,9329.2,0.15,Low,1.04
2830,31,Female,Graduate,Self-employed,11,671347,22267,0.68,537,51.83,No,916401,Education,Education,8,13.56,High,Private Bank,1.43,Online,Madhya Pradesh,Unnao,Urban,8,Processing,Pending,,15690.65,0.28,Low,1.37
2831,58,Male,Graduate,Self-employed,16,970044,17865,0.39,545,86.92,No,1023319,Appliances,Appliances,15,14.52,High,Government Bank,0.46,Offline,Tamil Nadu,Uttar Pradesh District,Rural,21,Done,Pending,,13987.32,0.17,Low,1.05
2832,54,Female,Non-Graduate,Salaried,12,436325,13822,0.42,816,58.38,No,115414,Agriculture,Agriculture,11,8.66,Low,Finance Company,2.85,Offline,Uttar Pradesh,Uttar Pradesh District,Rural,4,Done,Approved,,1358.86,0.04,Low,0.26
2833,43,Male,Graduate,Self-employed,18,1551676,16339,0.34,523,62.26,No,2412591,Personal,Personal,19,12.8,High,Government Bank,0.32,Offline,Rajasthan,Assam District,Rural,12,Done,Rejected,High Loan Amount Request,28248.41,0.22,Low,1.55
2834,25,Male,Graduate,Self-employed,8,1408495,22710,0.35,693,19.05,No,1712314,Vehicle,Vehicle,14,9.75,Medium,Private Bank,0.99,Online,Kerala,Korba,Urban,7,Processing,Pending,,18719.62,0.16,Low,1.22
2835,38,Male,Graduate,Self-employed,11,1552727,10368,0.17,746,40.76,No,596060,Business,Business,6,11.95,Medium,Finance Company,2.53,Online,West Bengal,Patna,Urban,4,Done,Approved,,11637.6,0.09,Low,0.38
2836,49,Male,Graduate,Salaried,28,942457,6285,0.16,697,39.3,No,691969,Agriculture,Agriculture,19,9.05,Medium,Private Bank,1.27,Online,Maharashtra,Tenali,Urban,8,Done,Pending,,6366.59,0.08,Low,0.73
2837,41,Male,Graduate,Salaried,19,661281,19137,0.58,718,89.82,No,825945,Home,Home,7,8.19,Medium,Finance Company,1.79,Online,Telangana,Begusarai,Urban,5,Processing,Approved,,12951.68,0.24,Low,1.25
2838,29,Male,Graduate,Self-employed,29,1772857,3795,0.33,769,80.11,No,1891726,Personal,Personal,4,6.33,Low,Government Bank,0.73,Online,Madhya Pradesh,Sri Ganganagar,Urban,16,Done,Approved,,44714.02,0.3,Medium,1.07
2839,59,Male,Graduate,Self-employed,20,1017079,11419,0.2,817,48.23,No,769368,Education,Education,20,5.69,Low,Private Bank,1.18,Offline,Uttar Pradesh,Haryana District,Rural,6,Processing,Approved,,5375.29,0.06,Low,0.76
2840,39,Male,Non-Graduate,Salaried,30,615637,22934,0.69,778,84.1,No,1093059,Vehicle,Vehicle,11,7.9,Low,Private Bank,0.81,Offline,Karnataka,Chhattisgarh District,Rural,6,Processing,Approved,,12418.98,0.24,Low,1.78
2841,38,Male,Non-Graduate,Salaried,28,710846,3375,0.15,514,57.19,No,464365,Vehicle,Vehicle,19,13.39,High,Finance Company,1.74,Offline,Punjab,Punjab District,Rural,1,Processing,Pending,,5630.02,0.1,Low,0.65
2842,44,Male,Graduate,Self-employed,18,1236233,5180,0.27,722,70.83,No,2187412,Personal,Personal,14,9.14,Medium,Government Bank,0.55,Offline,Gujarat,Punjab District,Rural,15,Processing,Approved,,23123.94,0.22,Low,1.77
2843,58,Male,Graduate,Self-employed,12,1040215,17464,0.27,540,12.72,No,453480,Education,Education,20,15.29,High,Private Bank,0.88,Online,Punjab,Srikakulam,Urban,7,Done,Rejected,Low Income,6068.77,0.07,Low,0.44
2844,46,Female,Graduate,Self-employed,15,1788341,15705,0.18,505,53.02,No,888358,Agriculture,Agriculture,19,13.48,High,Private Bank,1.4,Online,Rajasthan,Tiruppur,Urban,5,Done,Pending,,10827.24,0.07,Low,0.5
2845,52,Male,Non-Graduate,Salaried,12,894967,15067,0.25,710,31.27,No,307897,Agriculture,Agriculture,13,11.28,Medium,Private Bank,1.54,Offline,Uttar Pradesh,Goa District,Rural,8,Done,Approved,,3770.2,0.05,Low,0.34
2846,32,Male,Non-Graduate,Salaried,6,480576,14121,0.5,525,35.7,No,332366,Agriculture,Agriculture,9,16.72,High,Finance Company,2.09,Offline,Punjab,Meghalaya District,Rural,2,Done,Rejected,High Existing EMI,5970.67,0.15,Low,0.69
2847,43,Female,Graduate,Salaried,24,743852,3446,0.34,668,47.3,No,698859,Home,Home,4,9.01,Medium,Finance Company,2.16,Online,Delhi,Eluru,Urban,3,Done,Pending,,17394.45,0.28,Low,0.94
2848,58,Male,Non-Graduate,Self-employed,12,1669877,10885,0.19,832,15.5,No,2104598,Home,Home,18,5.7,Low,Finance Company,2.46,Offline,Maharashtra,Himachal Pradesh District,Rural,2,Processing,Approved,,15603.23,0.11,Low,1.26
2849,33,Male,Graduate,Self-employed,11,1606963,11120,0.2,561,79.58,No,1063179,Personal,Personal,20,17.53,High,Government Bank,0.48,Online,Karnataka,Ongole,Urban,18,Done,Rejected,Low CIBIL Score,16024.64,0.12,Low,0.66
2850,56,Male,Non-Graduate,Salaried,28,715083,19153,0.53,808,72.85,Yes,828885,Vehicle,Vehicle,8,10.32,Medium,Private Bank,0.99,Offline,Delhi,Telangana District,Rural,4,Processing,Pending,,12718.42,0.21,Low,1.16
2851,50,Male,Graduate,Self-employed,18,872331,18906,0.38,827,44.58,No,795222,Personal,Personal,11,7.77,Low,Finance Company,2.41,Online,Karnataka,Sri Ganganagar,Urban,5,Processing,Approved,,8979.64,0.12,Low,0.91
2852,48,Female,Graduate,Salaried,19,439477,20016,0.65,571,18.57,No,319043,Appliances,Appliances,20,13.03,High,Private Bank,1,Online,Gujarat,Rampur,Urban,7,Done,Rejected,Low Income,3744.65,0.1,Low,0.73
2853,52,Female,Graduate,Salaried,29,896465,10571,0.29,643,12.13,No,743122,Appliances,Appliances,14,15.65,High,Private Bank,1.44,Online,Tamil Nadu,Gaya,Urban,6,Processing,Pending,,10931.14,0.15,Low,0.83
2854,36,Female,Non-Graduate,Self-employed,27,1205590,5957,0.15,747,55.17,No,859951,Business,Business,16,9.47,Medium,Finance Company,2.91,Offline,West Bengal,Jharkhand District,Rural,3,Processing,Pending,,8712.58,0.09,Low,0.71
2855,29,Male,Graduate,Salaried,26,447245,22973,0.7,673,58.92,No,189752,Appliances,Appliances,7,8.59,Medium,Government Bank,0.67,Online,West Bengal,Aurangabad,Urban,18,Done,Approved,,3013.6,0.08,Low,0.42
2856,46,Male,Graduate,Salaried,29,449401,16997,0.53,680,38.51,No,243002,Vehicle,Vehicle,18,11.68,Medium,Private Bank,1.58,Online,Tamil Nadu,Jehanabad,Urban,7,Processing,Pending,,2698.21,0.07,Low,0.54
2857,57,Female,Graduate,Self-employed,7,1994911,22763,0.29,847,42.74,No,2777194,Home,Home,13,6.17,Low,Finance Company,2.37,Online,Madhya Pradesh,Miryalaguda,Urban,3,Done,Approved,,25929.97,0.16,Low,1.39
2858,39,Female,Graduate,Salaried,21,986487,3620,0.2,627,34.26,No,895927,Agriculture,Agriculture,15,15.66,High,Finance Company,1.62,Online,Punjab,Nanded,Urban,4,Processing,Pending,,12946.72,0.16,Low,0.91
2859,50,Male,Graduate,Self-employed,17,1072724,2641,0.14,776,69.29,No,326135,Education,Education,3,6.2,Low,Finance Company,2.22,Online,Telangana,Bhagalpur,Urban,4,Processing,Approved,,9951.24,0.11,Low,0.3
2860,32,Male,Graduate,Pensioner,11,378764,24857,0.88,562,42.57,No,205026,Business,Business,19,17.23,High,Private Bank,1.56,Offline,Karnataka,Karnataka District,Rural,7,Processing,Rejected,Previous Loan Default,3062.53,0.1,Low,0.54
2861,26,Female,Graduate,Salaried,10,527404,10072,0.45,820,84.58,No,393398,Appliances,Appliances,4,8.19,Low,Finance Company,2.96,Online,Uttar Pradesh,Karawal Nagar,Urban,2,Processing,Approved,,9639.12,0.22,Low,0.75
2862,26,Male,Graduate,Salaried,6,470531,9299,0.31,553,27.55,No,146132,Business,Business,9,17.9,High,Government Bank,0.56,Online,West Bengal,Coimbatore,Urban,12,Processing,Pending,,2731.85,0.07,Low,0.31
2863,45,Female,Graduate,Salaried,29,663008,18997,0.48,833,80.32,No,919260,Personal,Personal,16,6.19,Low,Private Bank,1.46,Offline,Tamil Nadu,Maharashtra District,Rural,6,Done,Approved,,7555.23,0.14,Low,1.39
2864,43,Male,Graduate,Self-employed,26,837372,10056,0.32,568,39.93,No,537490,Business,Business,5,13.59,High,Private Bank,1.25,Online,Gujarat,Jorhat,Urban,6,Processing,Pending,,12392.5,0.18,Low,0.64
2865,49,Female,Graduate,Self-employed,28,648916,908,0.08,766,10.28,No,302337,Home,Home,13,8.35,Low,Finance Company,1.51,Online,Rajasthan,Howrah,Urban,5,Processing,Approved,,3182.72,0.06,Low,0.47
2866,25,Female,Non-Graduate,Salaried,23,557259,11246,0.3,638,42.88,No,166201,Home,Home,12,17.48,High,Finance Company,1.55,Offline,Uttar Pradesh,Himachal Pradesh District,Rural,1,Done,Rejected,Low Income,2765.66,0.06,Low,0.3
2867,27,Female,Graduate,Salaried,21,786677,3879,0.19,538,57.96,No,553291,Appliances,Appliances,17,17.15,High,Finance Company,1.78,Online,Punjab,Ajmer,Urban,3,Processing,Pending,,8370.39,0.13,Low,0.7
2868,55,Male,Graduate,Salaried,12,439943,6736,0.4,774,51.01,No,252740,Education,Education,3,7.61,Low,Private Bank,0.85,Online,Tamil Nadu,Katihar,Urban,8,Processing,Approved,,7874.56,0.21,Low,0.57
2869,31,Female,Graduate,Salaried,29,509778,16126,0.56,568,21.62,No,279506,Agriculture,Agriculture,4,13.77,High,Finance Company,2.54,Online,Gujarat,Gorakhpur,Urban,3,Done,Pending,,7605.71,0.18,Low,0.55
2870,38,Male,Graduate,Self-employed,27,1856437,5272,0.32,642,83.33,No,2834382,Education,Education,14,16.58,High,Private Bank,1.27,Offline,Maharashtra,Manipur District,Rural,6,Done,Pending,,43499.86,0.28,Low,1.53
2871,62,Male,Graduate,Self-employed,17,1165475,2693,0.44,686,89.83,Yes,850021,Appliances,Appliances,2,12.1,Medium,Government Bank,0.49,Offline,Uttar Pradesh,Gujarat District,Rural,16,Done,Pending,,40053.15,0.41,Medium,0.73
2872,31,Male,Graduate,Salaried,16,744883,22420,0.46,710,71.79,No,305236,Vehicle,Vehicle,5,8.74,Medium,Private Bank,1.05,Online,Rajasthan,Gandhinagar,Urban,9,Done,Pending,,6297.75,0.1,Low,0.41
2873,54,Male,Graduate,Salaried,9,597720,22343,0.56,602,87.45,No,157466,Vehicle,Vehicle,3,17.6,High,Finance Company,2.66,Offline,Rajasthan,West Bengal District,Rural,2,Processing,Pending,,5661.23,0.11,Low,0.26
2874,53,Male,Graduate,Self-employed,9,1790865,12763,0.28,653,76.23,No,1968094,Personal,Personal,10,12.09,Medium,Private Bank,1.2,Online,Uttar Pradesh,Cuttack,Urban,7,Done,Pending,,28338.92,0.19,Low,1.1
2875,32,Female,Graduate,Self-employed,8,774873,5365,0.2,800,36.15,No,826045,Business,Business,17,8.72,Low,Government Bank,0.37,Online,Delhi,Jammu,Urban,18,Processing,Approved,,7778.53,0.12,Low,1.07
2876,38,Male,Graduate,Self-employed,24,889989,21304,0.48,628,82.28,No,1096596,Vehicle,Vehicle,14,12.8,High,Government Bank,0.33,Offline,Bihar,Himachal Pradesh District,Rural,12,Done,Rejected,Previous Loan Default,14062.56,0.19,Low,1.23
2877,27,Male,Graduate,Salaried,19,870658,6771,0.16,776,11.24,No,294186,Appliances,Appliances,6,6.79,Low,Finance Company,2.71,Online,Kerala,Ballia,Urban,2,Processing,Approved,,4985.97,0.07,Low,0.34
2878,34,Female,Graduate,Salaried,20,852265,24217,0.53,805,18.23,No,1007650,Business,Business,9,8.57,Low,Finance Company,2.05,Online,Punjab,Saharanpur,Urban,2,Processing,Approved,,13417.94,0.19,Low,1.18
2879,56,Male,Non-Graduate,Salaried,21,709868,11637,0.37,806,28.7,No,902309,Personal,Personal,11,8.28,Low,Finance Company,2.77,Offline,Maharashtra,Karnataka District,Rural,1,Done,Approved,,10436.78,0.18,Low,1.27
2880,58,Male,Graduate,Salaried,28,519972,15306,0.45,653,62.94,Yes,366185,Personal,Personal,13,10.83,Medium,Government Bank,0.57,Offline,Kerala,Madhya Pradesh District,Rural,17,Done,Approved,,4384.25,0.1,Low,0.7
2881,57,Female,Graduate,Self-employed,22,1925858,17521,0.31,781,16.49,No,1645815,Vehicle,Vehicle,5,6.69,Low,Private Bank,1.58,Offline,Delhi,Chhattisgarh District,Rural,5,Processing,Approved,,32348.93,0.2,Low,0.85
2882,33,Female,Graduate,Salaried,20,907327,20950,0.31,758,45.16,No,202667,Appliances,Appliances,10,8.19,Medium,Government Bank,0.46,Online,Delhi,Moradabad,Urban,13,Done,Pending,,2479.3,0.03,Low,0.22
2883,55,Male,Graduate,Salaried,14,553673,21828,0.56,614,78.63,No,364473,Education,Education,19,12.47,High,Private Bank,1.14,Online,Karnataka,Pallavaram,Urban,5,Done,Rejected,Previous Loan Default,4183.66,0.09,Low,0.66
2884,61,Male,Non-Graduate,Salaried,8,977315,8057,0.35,706,82.76,No,889329,Personal,Personal,5,12.97,Medium,Finance Company,1.96,Offline,Tamil Nadu,Jharkhand District,Rural,1,Processing,Approved,,20221.31,0.25,Low,0.91
2885,53,Female,Graduate,Salaried,6,898080,21034,0.49,688,78.53,No,1192117,Personal,Personal,13,12.47,Medium,Finance Company,1.64,Online,Kerala,Bhiwani,Urban,1,Done,Pending,,15472.37,0.21,Low,1.33
2886,27,Male,Graduate,Self-employed,14,1149056,18065,0.23,774,70.57,No,352626,Home,Home,9,6.09,Low,Private Bank,1.15,Offline,Rajasthan,Karnataka District,Rural,8,Processing,Approved,,4249.25,0.04,Low,0.31
2887,56,Male,Graduate,Self-employed,18,1923796,5697,0.47,728,76.79,No,2073362,Vehicle,Vehicle,3,12.53,Medium,Finance Company,2.83,Online,West Bengal,Ghaziabad,Urban,3,Processing,Approved,,69391.31,0.43,Medium,1.08
2888,45,Female,Graduate,Salaried,16,524703,10645,0.31,684,32.28,No,193613,Education,Education,8,10.21,Medium,Private Bank,0.83,Online,Maharashtra,Raiganj,Urban,5,Done,Approved,,2959.47,0.07,Low,0.37
2889,40,Male,Non-Graduate,Salaried,5,671416,6957,0.37,527,75.3,No,835458,Personal,Personal,11,16.58,High,Government Bank,0.51,Offline,Madhya Pradesh,Karnataka District,Rural,18,Processing,Rejected,Low CIBIL Score,13798.45,0.25,Low,1.24
2890,30,Male,Graduate,Salaried,7,486855,2370,0.07,666,37.81,No,55760,Business,Business,15,9.53,Medium,Government Bank,0.58,Offline,Delhi,Chhattisgarh District,Rural,12,Done,Approved,,583.27,0.01,Low,0.11
2891,30,Male,Graduate,Salaried,30,687765,14170,0.72,504,81.2,No,559560,Business,Business,2,14.47,High,Government Bank,0.29,Online,Gujarat,Bathinda,Urban,18,Processing,Pending,,26990.5,0.47,High,0.81
2892,50,Male,Graduate,Self-employed,25,1785043,3847,0.85,675,17.07,No,2650525,Business,Business,2,9.63,Medium,Government Bank,0.79,Online,Karnataka,Khora ,Urban,12,Processing,Approved,,121856.14,0.82,High,1.48
2893,35,Male,Graduate,Self-employed,11,1428501,4551,0.18,512,77.58,No,980364,Home,Home,10,16.69,High,Finance Company,1.65,Online,Maharashtra,Sikar,Urban,1,Done,Rejected,Low Income,16846.41,0.14,Low,0.69
2894,39,Female,Graduate,Self-employed,17,981816,2303,0.14,778,16.58,No,883663,Personal,Personal,13,7.51,Low,Private Bank,1.48,Online,Punjab,Thiruvananthapuram,Urban,9,Processing,Approved,,8888.95,0.11,Low,0.9
2895,56,Male,Graduate,Salaried,25,501616,23544,0.73,526,41.46,No,207288,Home,Home,3,14.77,High,Government Bank,0.67,Online,Punjab,Secunderabad,Urban,22,Processing,Pending,,7162.38,0.17,Low,0.41
2896,40,Female,Non-Graduate,Self-employed,6,1699512,24210,0.63,665,56.43,No,1979457,Agriculture,Agriculture,3,11.72,Medium,Private Bank,1.38,Offline,Uttar Pradesh,Manipur District,Rural,8,Processing,Approved,,65481.89,0.46,High,1.16
2897,27,Male,Graduate,Salaried,5,620666,14535,0.9,737,39.99,No,997151,Agriculture,Agriculture,3,10.16,Medium,Private Bank,1.1,Online,Kerala,Karaikudi,Urban,6,Done,Approved,,32250.22,0.62,High,1.61
2898,53,Male,Graduate,Salaried,13,551402,4564,0.12,679,65.31,No,55989,Appliances,Appliances,10,9.38,Medium,Private Bank,1.59,Online,Rajasthan,Aligarh,Urban,7,Done,Approved,,720.81,0.02,Low,0.1
2899,46,Male,Graduate,Self-employed,10,1638414,2764,0.14,758,76.26,Yes,959241,Vehicle,Vehicle,8,12.42,Medium,Government Bank,0.73,Offline,Karnataka,Tamil Nadu District,Rural,14,Done,Pending,,15812.6,0.12,Low,0.59
2900,50,Female,Non-Graduate,Salaried,29,501397,19813,0.63,832,84.99,No,214030,Education,Education,3,6.38,Low,Government Bank,0.33,Offline,Gujarat,Bihar District,Rural,12,Processing,Approved,,6548.12,0.16,Low,0.43
2901,30,Female,Non-Graduate,Salaried,5,551667,18336,0.53,828,54.39,No,310023,Education,Education,5,6.27,Low,Finance Company,2.36,Offline,Karnataka,Uttarakhand District,Rural,5,Processing,Approved,,6032.61,0.13,Low,0.56
2902,51,Male,Graduate,Pensioner,7,301377,478,0.18,559,50.17,No,299237,Appliances,Appliances,15,14.89,High,Government Bank,0.65,Online,Madhya Pradesh,Gwalior,Urban,16,Processing,Rejected,Low CIBIL Score,4165.56,0.17,Low,0.99
2903,51,Male,Graduate,Salaried,23,475456,23145,0.66,508,45.1,No,191048,Business,Business,8,12.45,High,Government Bank,0.58,Offline,Tamil Nadu,Arunachal Pradesh District,Rural,12,Processing,Rejected,Low Income,3152.5,0.08,Low,0.4
2904,40,Male,Graduate,Salaried,21,880346,9789,0.44,730,85.31,No,863108,Agriculture,Agriculture,4,11.13,Medium,Government Bank,0.76,Online,Bihar,Etawah,Urban,17,Done,Approved,,22362.01,0.3,Medium,0.98
2905,43,Male,Graduate,Salaried,10,559694,16142,0.46,776,62.83,No,231089,Education,Education,4,5.89,Low,Finance Company,2.1,Offline,Rajasthan,Jharkhand District,Rural,2,Done,Approved,,5415.49,0.12,Low,0.41
2906,51,Male,Graduate,Salaried,28,882949,2004,0.23,592,59.52,No,599166,Personal,Personal,5,17.67,High,Finance Company,2.98,Online,Kerala,Eluru,Urban,2,Processing,Pending,,15107.52,0.21,Low,0.68
2907,25,Male,Non-Graduate,Salaried,17,679418,15559,0.31,840,58.13,No,272289,Home,Home,17,5.14,Low,Private Bank,1.32,Offline,Kerala,Himachal Pradesh District,Rural,7,Processing,Approved,,2004.45,0.04,Low,0.4
2908,50,Male,Graduate,Salaried,18,435919,22200,0.64,849,79.86,No,72013,Appliances,Appliances,7,5.86,Low,Government Bank,0.42,Online,Delhi,Tinsukia,Urban,17,Done,Approved,,1047.18,0.03,Low,0.17
2909,45,Male,Graduate,Salaried,20,515984,7278,0.2,779,33.3,No,160731,Personal,Personal,12,5.03,Low,Finance Company,2.94,Online,Maharashtra,Jamalpur,Urban,1,Done,Approved,,1489.01,0.03,Low,0.31
2910,54,Male,Graduate,Salaried,9,408660,8063,0.3,578,89.75,No,107887,Personal,Personal,8,16.64,High,Finance Company,2,Online,Gujarat,Sonipat,Urban,4,Done,Pending,,2039.82,0.06,Low,0.26
2911,29,Female,Graduate,Salaried,16,633571,14218,0.56,740,51.06,No,1163137,Vehicle,Vehicle,11,11.05,Medium,Government Bank,0.74,Offline,Uttar Pradesh,Kerala District,Rural,15,Done,Pending,,15261.89,0.29,Low,1.84
2912,60,Male,Graduate,Salaried,14,949807,18147,0.49,771,44.07,No,1171070,Vehicle,Vehicle,6,8.39,Low,Private Bank,1.19,Offline,Tamil Nadu,Madhya Pradesh District,Rural,9,Processing,Approved,,20756.37,0.26,Low,1.23
2913,34,Male,Graduate,Salaried,29,427685,10401,0.37,504,48.24,No,201446,Appliances,Appliances,20,16.83,High,Finance Company,2.29,Online,Punjab,Sambalpur,Urban,1,Done,Pending,,2928.8,0.08,Low,0.47
2914,27,Male,Graduate,Salaried,27,524691,15205,0.38,768,86.11,No,188568,Agriculture,Agriculture,16,5.06,Low,Government Bank,0.64,Online,Gujarat,Jhansi,Urban,15,Done,Approved,,1434.72,0.03,Low,0.36
2915,31,Female,Graduate,Self-employed,16,1578304,22714,0.22,708,58.78,No,550110,Business,Business,20,12.59,Medium,Finance Company,2.26,Online,Maharashtra,Nizamabad,Urban,5,Done,Pending,,6284.96,0.05,Low,0.35
2916,49,Male,Graduate,Self-employed,20,1585688,12826,0.16,666,46.48,Yes,715502,Home,Home,14,9.46,Medium,Finance Company,2.91,Offline,Bihar,Goa District,Rural,3,Done,Approved,,7698.79,0.06,Low,0.45
2917,38,Female,Graduate,Pensioner,6,206440,8672,0.6,733,62.9,No,132054,Business,Business,15,12.68,Medium,Private Bank,1.04,Online,Bihar,Bhimavaram,Urban,4,Processing,Approved,,1643.09,0.1,Low,0.64
2918,51,Male,Graduate,Salaried,23,919037,7328,0.17,588,18.76,No,372487,Vehicle,Vehicle,11,15.41,High,Government Bank,0.41,Online,Karnataka,Karaikudi,Urban,12,Processing,Rejected,Low Income,5873.27,0.08,Low,0.41
2919,41,Male,Graduate,Salaried,14,725214,20679,0.65,502,86.47,No,1115091,Vehicle,Vehicle,9,14.9,High,Private Bank,1.09,Online,Bihar,Raiganj,Urban,6,Processing,Pending,,18805.79,0.31,Medium,1.54
2920,59,Male,Graduate,Self-employed,16,1090591,6579,0.39,816,46.17,No,630204,Home,Home,2,8.41,Low,Private Bank,1.49,Online,Karnataka,Udupi,Urban,7,Processing,Approved,,28620.41,0.31,Medium,0.58
2921,26,Male,Non-Graduate,Salaried,30,669088,14794,0.59,523,84.82,No,511491,Business,Business,3,16.87,High,Government Bank,0.51,Offline,Rajasthan,Haryana District,Rural,13,Done,Pending,,18202.97,0.33,Medium,0.76
2922,31,Male,Graduate,Salaried,5,777704,19287,1.08,784,88.46,No,1115187,Education,Education,2,8.75,Low,Government Bank,0.63,Online,Uttar Pradesh,Meerut,Urban,21,Done,Approved,,50819.21,0.78,High,1.43
2923,50,Male,Graduate,Salaried,18,511641,13590,0.43,847,75.59,No,195545,Business,Business,4,8.94,Low,Finance Company,2.44,Online,Rajasthan,Kochi,Urban,2,Done,Approved,,4860.58,0.11,Low,0.38
2924,30,Male,Graduate,Self-employed,15,1309374,13409,0.36,580,41.54,No,1880013,Education,Education,12,12.97,High,Government Bank,0.8,Online,Bihar,Gandhidham,Urban,14,Done,Rejected,High Existing EMI,25808.25,0.24,Low,1.44
2925,62,Male,Graduate,Self-employed,30,1090288,4093,0.12,628,70.69,No,471901,Business,Business,15,14.33,High,Government Bank,0.71,Online,Bihar,Bhiwani,Urban,12,Done,Pending,,6389.47,0.07,Low,0.43
2926,26,Male,Graduate,Salaried,23,875766,19837,0.36,800,22.13,No,784965,Education,Education,15,5.16,Low,Finance Company,1.87,Online,Maharashtra,Kavali,Urban,4,Processing,Approved,,6273.07,0.09,Low,0.9
2927,52,Male,Graduate,Self-employed,12,641256,3838,0.32,635,55.23,Yes,714699,Home,Home,7,13.36,High,Government Bank,0.73,Online,Tamil Nadu,Bhatpara,Urban,12,Done,Pending,,13142.06,0.25,Low,1.11
2928,57,Female,Non-Graduate,Self-employed,18,720265,2115,0.25,698,14.24,No,1157544,Appliances,Appliances,14,10.44,Medium,Government Bank,0.6,Offline,Rajasthan,Himachal Pradesh District,Rural,22,Processing,Approved,,13135.64,0.22,Low,1.61
2929,26,Female,Graduate,Salaried,29,841601,11402,0.4,510,80.02,No,1187419,Home,Home,19,15.77,High,Finance Company,2.65,Offline,Kerala,Punjab District,Rural,1,Done,Rejected,Previous Loan Default,16442.52,0.23,Low,1.41
2930,57,Male,Graduate,Salaried,8,685405,19153,0.5,742,74.37,No,205218,Agriculture,Agriculture,2,9.24,Medium,Government Bank,0.51,Online,Kerala,Kharagpur,Urban,12,Processing,Approved,,9397.95,0.16,Low,0.3
2931,27,Male,Graduate,Salaried,28,997155,15783,0.27,505,81.24,No,566263,Agriculture,Agriculture,14,12.14,High,Private Bank,1.42,Online,Tamil Nadu,Coimbatore,Urban,9,Done,Rejected,Previous Loan Default,7023.25,0.08,Low,0.57
2932,28,Male,Graduate,Self-employed,19,1859292,17392,0.29,689,40.87,No,1458602,Business,Business,6,10.94,Medium,Finance Company,2.79,Offline,Delhi,Meghalaya District,Rural,3,Done,Approved,,27718.34,0.18,Low,0.78
2933,40,Female,Non-Graduate,Salaried,12,657633,5950,0.42,781,60,No,379338,Education,Education,2,6.37,Low,Private Bank,1.22,Offline,Delhi,Uttar Pradesh District,Rural,8,Done,Approved,,16875.81,0.31,Medium,0.58
2934,46,Female,Graduate,Salaried,14,442852,22424,0.63,543,26.3,No,52823,Business,Business,13,16.47,High,Government Bank,0.29,Online,Uttar Pradesh,Ajmer,Urban,22,Processing,Rejected,High Existing EMI,823.16,0.02,Low,0.12
2935,40,Male,Graduate,Salaried,30,750505,1696,0.26,608,88.48,No,872259,Business,Business,10,15.94,High,Private Bank,1.12,Offline,West Bengal,Manipur District,Rural,9,Processing,Pending,,14578.88,0.23,Low,1.16
2936,51,Female,Non-Graduate,Salaried,21,472357,10062,0.28,703,53.52,No,89112,Agriculture,Agriculture,14,12.47,Medium,Private Bank,1.28,Offline,Bihar,Punjab District,Rural,4,Done,Approved,,1123.93,0.03,Low,0.19
2937,59,Male,Graduate,Salaried,7,737655,22723,0.45,776,50.38,No,719867,Agriculture,Agriculture,20,5.82,Low,Finance Company,2.67,Online,Madhya Pradesh,Indore,Urban,3,Processing,Approved,,5082.88,0.08,Low,0.98
2938,38,Male,Graduate,Salaried,28,406441,8357,0.38,548,57.15,No,294903,Business,Business,12,15.87,High,Government Bank,0.38,Offline,Punjab,Tripura District,Rural,20,Done,Pending,,4592.57,0.14,Low,0.73
2939,49,Male,Graduate,Salaried,21,767028,24136,0.8,505,17.45,No,1129859,Personal,Personal,5,14.85,High,Finance Company,1.91,Online,Rajasthan,Alappuzha,Urban,1,Done,Pending,,26790.39,0.42,Medium,1.47
2940,55,Male,Graduate,Salaried,9,736561,22434,0.41,507,41.37,No,219263,Personal,Personal,16,14.02,High,Private Bank,1.35,Online,Rajasthan,Nanded,Urban,6,Processing,Rejected,High Existing EMI,2870.3,0.05,Low,0.3
2941,54,Male,Graduate,Salaried,15,614250,11725,0.38,706,33.22,No,513609,Education,Education,8,9.72,Medium,Government Bank,0.27,Offline,Maharashtra,Telangana District,Rural,12,Processing,Approved,,7717.7,0.15,Low,0.84
2942,58,Female,Graduate,Self-employed,17,1957627,23924,0.3,732,62.75,Yes,1928437,Personal,Personal,12,11.19,Medium,Private Bank,1.37,Online,Delhi,Ichalkaranji,Urban,4,Done,Pending,,24391.33,0.15,Low,0.99
2943,58,Male,Graduate,Pensioner,14,390316,10877,0.41,842,53.55,No,272251,Vehicle,Vehicle,13,5.8,Low,Government Bank,0.4,Online,Rajasthan,Gurgaon,Urban,13,Done,Approved,,2489.07,0.08,Low,0.7
2944,38,Male,Graduate,Salaried,6,570201,11757,0.34,516,71.25,No,311362,Home,Home,19,16.71,High,Finance Company,2.93,Offline,Bihar,Goa District,Rural,4,Processing,Rejected,High Existing EMI,4529.22,0.1,Low,0.55
2945,30,Female,Graduate,Salaried,25,618425,3597,0.58,541,39.69,No,949819,Vehicle,Vehicle,4,14.29,High,Private Bank,0.98,Online,Uttar Pradesh,Nangloi Jat,Urban,4,Done,Rejected,Low CIBIL Score,26093.59,0.51,High,1.54
2946,26,Female,Graduate,Salaried,21,938624,6826,0.14,714,63.67,Yes,438574,Vehicle,Vehicle,17,9.33,Medium,Private Bank,1.04,Offline,Bihar,Karnataka District,Rural,8,Done,Approved,,4294.5,0.05,Low,0.47
2947,27,Female,Graduate,Salaried,29,928304,10546,0.2,840,67.93,No,659698,Home,Home,18,6.14,Low,Private Bank,1.54,Online,Bihar,Katni,Urban,7,Processing,Approved,,5053.67,0.07,Low,0.71
2948,47,Male,Non-Graduate,Self-employed,24,1114110,21439,0.44,804,87.71,No,985053,Home,Home,5,6.7,Low,Private Bank,1.09,Offline,Maharashtra,Haryana District,Rural,7,Done,Approved,,19366.11,0.21,Low,0.88
2949,62,Female,Graduate,Self-employed,21,1471393,8179,0.3,531,89.45,No,1990902,Agriculture,Agriculture,20,16.9,High,Government Bank,0.8,Offline,Rajasthan,Jharkhand District,Rural,20,Processing,Pending,,29051.26,0.24,Low,1.35
2950,42,Female,Graduate,Self-employed,16,800862,17794,0.46,584,64.36,No,948281,Vehicle,Vehicle,20,15.36,High,Government Bank,0.49,Online,Maharashtra,Motihari,Urban,21,Done,Pending,,12739.83,0.19,Low,1.18
2951,59,Male,Non-Graduate,Salaried,25,964054,928,0.15,685,40.66,No,915120,Home,Home,11,10.09,Medium,Government Bank,0.74,Offline,Madhya Pradesh,Uttarakhand District,Rural,13,Done,Approved,,11503.84,0.14,Low,0.95
2952,34,Female,Non-Graduate,Pensioner,29,324665,16511,1.07,642,44.21,No,345834,Vehicle,Vehicle,3,17.69,High,Private Bank,1,Offline,Gujarat,Uttar Pradesh District,Rural,9,Processing,Pending,,12449.01,0.46,High,1.07
2953,33,Male,Non-Graduate,Salaried,21,604398,6478,0.38,797,59.02,No,880719,Business,Business,7,5.61,Low,Government Bank,0.36,Offline,Delhi,Gujarat District,Rural,20,Processing,Approved,,12702,0.25,Low,1.46
2954,39,Female,Graduate,Self-employed,25,1388343,9315,0.29,831,70.82,No,2715273,Home,Home,18,8.48,Low,Finance Company,2.34,Online,Maharashtra,Bellary,Urban,5,Processing,Approved,,24552.26,0.21,Low,1.96
2955,28,Male,Non-Graduate,Salaried,12,739392,563,0.18,749,64.04,No,225879,Appliances,Appliances,2,10.17,Medium,Government Bank,0.75,Offline,Bihar,Haryana District,Rural,17,Processing,Pending,,10440.9,0.17,Low,0.31
2956,58,Female,Graduate,Self-employed,7,1476653,13502,0.21,593,18.18,No,895333,Home,Home,16,14.27,High,Private Bank,1.52,Online,Uttar Pradesh,Sultan Pur Majra,Urban,5,Processing,Pending,,11874.07,0.1,Low,0.61
2957,59,Male,Graduate,Salaried,14,959592,16306,0.34,537,87.57,No,313736,Education,Education,3,14.77,High,Private Bank,1.12,Online,Karnataka,Kamarhati,Urban,5,Processing,Rejected,Previous Loan Default,10840.46,0.14,Low,0.33
2958,51,Male,Graduate,Salaried,26,860608,23537,0.63,582,79.18,No,435916,Home,Home,2,16.98,High,Government Bank,0.47,Online,Madhya Pradesh,Ramgarh,Urban,12,Done,Rejected,Low Income,21548.49,0.3,Medium,0.51
2959,28,Female,Graduate,Self-employed,18,830095,11126,0.33,680,85.2,No,598246,Personal,Personal,6,11.7,Medium,Finance Company,2.26,Online,West Bengal,Anantapur,Urban,4,Done,Approved,,11602.7,0.17,Low,0.72
2960,55,Male,Graduate,Salaried,11,862067,3867,0.12,643,33.89,No,308055,Personal,Personal,11,15.92,High,Finance Company,2.21,Offline,Tamil Nadu,Nagaland District,Rural,4,Done,Rejected,High Loan Amount Request,4957.23,0.07,Low,0.36
2961,57,Male,Graduate,Salaried,11,557472,10401,0.25,587,57.4,No,89901,Education,Education,9,12.52,High,Government Bank,0.62,Offline,Gujarat,Odisha District,Rural,14,Done,Rejected,Previous Loan Default,1391.57,0.03,Low,0.16
2962,27,Female,Graduate,Salaried,11,621749,16932,0.46,520,32.03,No,307635,Agriculture,Agriculture,5,12.13,High,Private Bank,1.41,Online,Gujarat,Moradabad,Urban,5,Done,Pending,,6863.4,0.13,Low,0.49
2963,56,Male,Graduate,Salaried,30,839267,9164,0.28,752,36.96,No,980886,Education,Education,12,8.02,Medium,Private Bank,1.45,Online,Uttar Pradesh,Orai,Urban,4,Processing,Pending,,10628.39,0.15,Low,1.17
2964,26,Male,Graduate,Salaried,17,718593,15816,0.38,677,23.87,Yes,626348,Business,Business,16,10.51,Medium,Finance Company,2.52,Online,Rajasthan,Ranchi,Urban,1,Done,Approved,,6751.24,0.11,Low,0.87
2965,38,Female,Graduate,Salaried,24,436660,11898,0.37,548,60.02,No,76857,Home,Home,6,15.45,High,Government Bank,0.56,Online,Rajasthan,Jhansi,Urban,14,Processing,Rejected,Low Income,1643.98,0.05,Low,0.18
2966,44,Male,Graduate,Pensioner,8,257824,1689,0.13,627,21.59,Yes,59783,Agriculture,Agriculture,9,17.5,High,Government Bank,0.6,Online,Telangana,Bhalswa Jahangir Pur,Urban,22,Done,Rejected,Low CIBIL Score,1102.72,0.05,Low,0.23
2967,43,Male,Graduate,Salaried,9,597097,23678,0.55,630,49.59,No,206588,Business,Business,7,14.11,High,Private Bank,1.05,Online,Rajasthan,Bhind,Urban,9,Done,Rejected,High Loan Amount Request,3884.03,0.08,Low,0.35
2968,30,Male,Non-Graduate,Salaried,25,658973,182,0.11,807,85.38,No,349708,Education,Education,6,5.29,Low,Finance Company,2.76,Offline,Delhi,Bihar District,Rural,2,Processing,Approved,,5679.19,0.1,Low,0.53
2969,26,Male,Non-Graduate,Salaried,23,529650,9276,0.23,821,45.54,No,61368,Agriculture,Agriculture,8,6.77,Low,Government Bank,0.63,Offline,Punjab,Assam District,Rural,19,Processing,Approved,,829.67,0.02,Low,0.12
2970,59,Female,Non-Graduate,Salaried,20,642487,23334,0.74,842,59.53,No,1161371,Personal,Personal,7,5.06,Low,Finance Company,2,Offline,Punjab,Punjab District,Rural,5,Done,Approved,,16447.47,0.31,Medium,1.81
2971,57,Male,Non-Graduate,Self-employed,5,982424,15823,0.43,808,69.98,No,428467,Vehicle,Vehicle,2,6.19,Low,Private Bank,0.86,Offline,Bihar,Gujarat District,Rural,9,Processing,Approved,,19026.62,0.23,Low,0.44
2972,42,Male,Graduate,Salaried,13,686987,260,0.18,750,74.2,No,787192,Agriculture,Agriculture,11,10.91,Medium,Government Bank,0.67,Online,Rajasthan,Gudivada,Urban,20,Done,Pending,,10265.21,0.18,Low,1.15
2973,52,Female,Graduate,Pensioner,28,287873,1946,0.35,846,68.92,No,261306,Education,Education,4,8.56,Low,Government Bank,0.36,Offline,Karnataka,Madhya Pradesh District,Rural,20,Done,Approved,,6448.15,0.27,Low,0.91
2974,41,Male,Graduate,Salaried,21,686177,20805,0.57,799,78.96,No,1135342,Personal,Personal,13,8.28,Low,Private Bank,1.32,Offline,Gujarat,Manipur District,Rural,5,Done,Approved,,11907.05,0.21,Low,1.65
2975,42,Male,Graduate,Salaried,21,626248,5348,0.42,602,56.59,No,1022959,Personal,Personal,14,17.52,High,Private Bank,1.02,Online,Karnataka,Hospet,Urban,6,Done,Pending,,16368.99,0.31,Medium,1.63
2976,44,Female,Non-Graduate,Salaried,18,463184,866,0.28,632,62.22,No,206877,Personal,Personal,2,12.62,High,Private Bank,0.85,Offline,Kerala,Haryana District,Rural,9,Processing,Pending,,9798.42,0.25,Low,0.45
2977,32,Male,Graduate,Salaried,10,848331,791,0.21,595,20.98,No,792649,Appliances,Appliances,8,14.58,High,Government Bank,0.35,Online,Bihar,Ghaziabad,Urban,22,Processing,Pending,,14032.42,0.2,Low,0.93
2978,36,Male,Graduate,Salaried,29,704528,7911,0.21,594,66,No,319088,Vehicle,Vehicle,20,16.59,High,Government Bank,0.55,Online,Kerala,Amritsar,Urban,12,Processing,Rejected,Low Income,4581.16,0.08,Low,0.45
2979,41,Male,Non-Graduate,Salaried,11,954669,10655,0.19,843,86.84,No,403055,Vehicle,Vehicle,11,7.13,Low,Finance Company,1.5,Offline,Rajasthan,Gujarat District,Rural,5,Processing,Approved,,4414.41,0.06,Low,0.42
2980,40,Male,Graduate,Salaried,10,866743,2332,0.06,785,54.23,No,246924,Appliances,Appliances,15,6.48,Low,Government Bank,0.79,Offline,Karnataka,Sikkim District,Rural,12,Done,Approved,,2148.26,0.03,Low,0.28
2981,29,Female,Graduate,Salaried,9,881176,24340,0.38,614,11.64,No,243077,Personal,Personal,13,15.49,High,Private Bank,1.15,Online,Tamil Nadu,Bikaner,Urban,4,Done,Pending,,3628.37,0.05,Low,0.28
2982,54,Male,Graduate,Salaried,10,559005,1552,0.12,629,17.12,No,113100,Education,Education,3,16.74,High,Private Bank,1.04,Online,Madhya Pradesh,Siliguri,Urban,7,Processing,Pending,,4017.7,0.09,Low,0.2
2983,38,Female,Non-Graduate,Salaried,26,902625,10451,0.21,602,35.66,No,298206,Vehicle,Vehicle,8,15.46,High,Government Bank,0.36,Offline,Bihar,Manipur District,Rural,19,Done,Pending,,5431.11,0.07,Low,0.33
2984,56,Female,Graduate,Self-employed,11,1584567,23820,0.5,709,10.35,No,1293958,Business,Business,3,10.28,Medium,Finance Company,1.7,Online,Tamil Nadu,Thanjavur,Urban,5,Done,Pending,,41922.69,0.32,Medium,0.82
2985,25,Male,Graduate,Self-employed,16,1112162,23079,0.38,823,51.65,No,1089384,Personal,Personal,10,5.92,Low,Government Bank,0.35,Offline,Madhya Pradesh,West Bengal District,Rural,15,Done,Approved,,12050.68,0.13,Low,0.98
2986,36,Female,Graduate,Pensioner,5,290009,8762,0.56,503,57.68,Yes,301816,Business,Business,11,15.93,High,Private Bank,1.34,Online,Maharashtra,Mira-Bhayandar,Urban,6,Done,Rejected,High Loan Amount Request,4858.76,0.2,Low,1.04
2987,56,Female,Graduate,Salaried,19,463146,17151,0.46,671,52.16,No,64399,Agriculture,Agriculture,11,9.45,Medium,Government Bank,0.33,Online,Maharashtra,Allahabad,Urban,16,Processing,Approved,,786.36,0.02,Low,0.14
2988,29,Male,Graduate,Salaried,19,709822,10184,0.45,531,44.36,No,1022303,Education,Education,12,16.54,High,Private Bank,1.16,Online,Punjab,Agartala,Urban,6,Processing,Pending,,16370.94,0.28,Low,1.44
2989,31,Male,Graduate,Salaried,9,560883,3633,0.14,554,48.92,No,190360,Education,Education,16,16.83,High,Finance Company,2.55,Offline,Madhya Pradesh,Punjab District,Rural,2,Processing,Rejected,High Loan Amount Request,2867.57,0.06,Low,0.34
2990,34,Female,Graduate,Salaried,26,685791,17923,0.37,540,84.46,No,268154,Agriculture,Agriculture,13,12.15,High,Government Bank,0.75,Online,Telangana,Buxar,Urban,17,Done,Rejected,Low CIBIL Score,3426.9,0.06,Low,0.39
2991,61,Male,Non-Graduate,Self-employed,27,1369312,18727,0.32,828,73.85,No,1631831,Education,Education,10,5.82,Low,Finance Company,2.87,Offline,Karnataka,Gujarat District,Rural,5,Done,Approved,,17969.52,0.16,Low,1.19
2992,39,Male,Graduate,Self-employed,9,956424,7822,0.29,715,27.13,Yes,919165,Appliances,Appliances,8,12.65,Medium,Government Bank,0.45,Offline,Bihar,Jharkhand District,Rural,17,Processing,Approved,,15269.25,0.19,Low,0.96
2993,27,Female,Graduate,Salaried,7,915629,385,0.14,583,28.23,No,639301,Home,Home,14,17.56,High,Government Bank,0.58,Online,Karnataka,Aurangabad,Urban,20,Processing,Rejected,Low CIBIL Score,10247.79,0.13,Low,0.7
2994,39,Male,Graduate,Salaried,19,499517,8824,0.35,552,62.52,No,298083,Education,Education,6,12.16,High,Government Bank,0.49,Online,Kerala,Aurangabad,Urban,13,Done,Rejected,Low CIBIL Score,5852.41,0.14,Low,0.6
2995,51,Male,Non-Graduate,Pensioner,18,348221,4539,0.37,527,80.98,No,342333,Home,Home,8,15.8,High,Private Bank,1.38,Offline,Tamil Nadu,Nagaland District,Rural,7,Done,Rejected,Previous Loan Default,6302.82,0.22,Low,0.98
2996,62,Male,Graduate,Self-employed,19,678191,20682,0.7,784,12.89,No,1103731,Business,Business,6,7.11,Low,Private Bank,1.24,Online,Bihar,Jalna,Urban,7,Done,Approved,,18875.87,0.33,Medium,1.63
2997,36,Male,Graduate,Salaried,17,459130,11859,0.38,693,79.78,No,295727,Vehicle,Vehicle,16,8.3,Medium,Government Bank,0.38,Offline,Tamil Nadu,Andhra Pradesh District,Rural,19,Processing,Approved,,2787.55,0.07,Low,0.64
2998,42,Female,Graduate,Self-employed,28,1456568,2274,0.88,533,48.85,No,2143192,Business,Business,2,15.14,High,Government Bank,0.53,Offline,Karnataka,Chhattisgarh District,Rural,18,Done,Pending,,104058.81,0.86,High,1.47
2999,27,Male,Graduate,Salaried,24,744578,16658,0.4,558,40,No,652054,Agriculture,Agriculture,20,13.6,High,Government Bank,0.69,Online,West Bengal,Siwan,Urban,20,Done,Pending,,7919.7,0.13,Low,0.88
3000,50,Female,Graduate,Salaried,23,482289,9698,0.36,649,87.76,No,330171,Home,Home,20,16.34,High,Government Bank,0.34,Online,Uttar Pradesh,Karnal,Urban,17,Done,Rejected,High Existing EMI,4677.95,0.12,Low,0.68
